Building in workdir: "build" using CMake options: "" and make options: ""
Configuring for FLASH_MB_SIZE=2MB
Configuring for FLASH_MB_LIMIT_SIZE=1MB
-- Cross-compiling with the gcc-arm-embedded toolchain
-- Toolchain prefix: /opt/build/armbin/arm-none-eabi
-- Cross-compiling with the gcc-arm-embedded toolchain
-- Toolchain prefix: /opt/build/armbin/arm-none-eabi
-- The C compiler identification is GNU 9.2.1
-- The CXX compiler identification is GNU 9.2.1
-- Detecting C compiler ABI info
-- Detecting C compiler ABI info - done
-- Check for working C compiler: /opt/build/armbin/bin/arm-none-eabi-gcc - skipped
-- Detecting C compile features
-- Detecting C compile features - done
-- Detecting CXX compiler ABI info
-- Detecting CXX compiler ABI info - done
-- Check for working CXX compiler: /opt/build/armbin/bin/arm-none-eabi-g++ - skipped
-- Detecting CXX compile features
-- Detecting CXX compile features - done
Building version: n_260808 MD5: 0x86b64c1d
Configuring for FLASH_MB_SIZE=2MB
Configuring for FLASH_MB_LIMIT_SIZE=1MB
-- The ASM compiler identification is GNU
-- Found assembler: /opt/build/armbin/bin/arm-none-eabi-gcc
-- -------v ccache info--------
-- Not using ccache, use `cmake -DUSE_CCACHE=ON ..` (pure cmake) or `cmake -G Ninja -DUSE_CCACHE=ON ..` (cmake with Ninja) to turn on ccache
-- -------^ ccache info--------
-- Performing Test cpp20_supported
-- Performing Test cpp20_supported - Failed
-- Configuring done (0.5s)
-- Generating done (0.4s)
-- Build files have been written to: /havoc/build
[  0%] Creating directories for 'libopencm3_hackrf_usb'
[  0%] No download step for 'libopencm3_hackrf_usb'
[  0%] No update step for 'libopencm3_hackrf_usb'
[  0%] No patch step for 'libopencm3_hackrf_usb'
[  0%] No configure step for 'libopencm3_hackrf_usb'
[  0%] Performing build step for 'libopencm3_hackrf_usb'
  GENHDR  include/libopencm3/sam/3x/irq.yaml
  GENHDR  include/libopencm3/sam/3n/irq.yaml
  GENHDR  include/libopencm3/efm32/efm32lg/irq.yaml
  GENHDR  include/libopencm3/efm32/efm32g/irq.yaml
  GENHDR  include/libopencm3/efm32/efm32gg/irq.yaml
  GENHDR  include/libopencm3/efm32/efm32tg/irq.yaml
  GENHDR  include/libopencm3/lpc43xx/m4/irq.yaml
  GENHDR  include/libopencm3/lpc43xx/m0/irq.yaml
  GENHDR  include/libopencm3/lpc17xx/irq.yaml
  GENHDR  include/libopencm3/lm3s/irq.yaml
  GENHDR  include/libopencm3/lpc13xx/irq.yaml
  GENHDR  include/libopencm3/stm32/l1/irq.yaml
  GENHDR  include/libopencm3/stm32/f1/irq.yaml
  GENHDR  include/libopencm3/stm32/f3/irq.yaml
  GENHDR  include/libopencm3/stm32/f0/irq.yaml
  GENHDR  include/libopencm3/stm32/f4/irq.yaml
  GENHDR  include/libopencm3/stm32/f2/irq.yaml
  BUILD   lib/stm32/f0
  CP      libopencm3_stm32f0.ld
  CC      flash.c
  CC      rcc.c
  CC      usart.c
  CC      dma.c
  CC      rtc.c
  CC      comparator.c
  CC      spi.c
  CC      crc.c
  CC      dac.c
  CC      i2c.c
  CC      iwdg.c
  CC      pwr.c
  CC      gpio.c
  CC      timer.c
  CC      adc.c
  CC      gpio_common_all.c
  CC      gpio_common_f0234.c
  CC      crc_common_all.c
  CC      pwr_common_all.c
  CC      iwdg_common_all.c
  CC      rtc_common_l1f024.c
  CC      dma_common_l1f013.c
  CC      exti_common_all.c
  CC      spi_common_all.c
../common/spi_common_all.c: In function 'spi_reset':
../common/spi_common_all.c:82:25: warning: unused parameter 'spi_peripheral' [-Wunused-parameter]
   82 | void spi_reset(uint32_t spi_peripheral)
      |                ~~~~~~~~~^~~~~~~~~~~~~~
  CC      vector.c
  CC      systick.c
  CC      scb.c
  CC      nvic.c
  CC      assert.c
  CC      sync.c
../../cm3/sync.c:30:2: warning: #warning "sync not supported on ARMv6-M arch" [-Wcpp]
   30 | #warning "sync not supported on ARMv6-M arch"
      |  ^~~~~~~
  AR      libopencm3_stm32f0.a
  BUILD   lib/stm32/f1
  CP      libopencm3_stm32f1.ld
  CC      adc.c
  CC      can.c
../can.c: In function 'can_transmit':
../can.c:417:18: warning: this statement may fall through [-Wimplicit-fallthrough=]
  417 |   tdhxr.data8[3] = data[7];
      |   ~~~~~~~~~~~~~~~^~~~~~~~~
../can.c:419:2: note: here
  419 |  case 7:
      |  ^~~~
../can.c:420:18: warning: this statement may fall through [-Wimplicit-fallthrough=]
  420 |   tdhxr.data8[2] = data[6];
      |   ~~~~~~~~~~~~~~~^~~~~~~~~
../can.c:422:2: note: here
  422 |  case 6:
      |  ^~~~
../can.c:423:18: warning: this statement may fall through [-Wimplicit-fallthrough=]
  423 |   tdhxr.data8[1] = data[5];
      |   ~~~~~~~~~~~~~~~^~~~~~~~~
../can.c:425:2: note: here
  425 |  case 5:
      |  ^~~~
../can.c:426:18: warning: this statement may fall through [-Wimplicit-fallthrough=]
  426 |   tdhxr.data8[0] = data[4];
      |   ~~~~~~~~~~~~~~~^~~~~~~~~
../can.c:428:2: note: here
  428 |  case 4:
      |  ^~~~
../can.c:429:18: warning: this statement may fall through [-Wimplicit-fallthrough=]
  429 |   tdlxr.data8[3] = data[3];
      |   ~~~~~~~~~~~~~~~^~~~~~~~~
../can.c:431:2: note: here
  431 |  case 3:
      |  ^~~~
../can.c:432:18: warning: this statement may fall through [-Wimplicit-fallthrough=]
  432 |   tdlxr.data8[2] = data[2];
      |   ~~~~~~~~~~~~~~~^~~~~~~~~
../can.c:434:2: note: here
  434 |  case 2:
      |  ^~~~
../can.c:435:18: warning: this statement may fall through [-Wimplicit-fallthrough=]
  435 |   tdlxr.data8[1] = data[1];
      |   ~~~~~~~~~~~~~~~^~~~~~~~~
../can.c:437:2: note: here
  437 |  case 1:
      |  ^~~~
  CC      desig.c
  CC      ethernet.c
  CC      flash.c
  CC      gpio.c
  CC      rcc.c
  CC      rtc.c
  CC      timer.c
  CC      crc_common_all.c
  CC      dac_common_all.c
  CC      dma_common_l1f013.c
  CC      gpio_common_all.c
  CC      i2c_common_all.c
  CC      iwdg_common_all.c
  CC      pwr_common_all.c
  CC      spi_common_all.c
  CC      spi_common_f124.c
  CC      timer_common_all.c
  CC      usart_common_all.c
  CC      usart_common_f124.c
  CC      exti_common_all.c
  CC      usb.c
  CC      usb_control.c
  CC      usb_standard.c
  CC      usb_f103.c
  CC      usb_f107.c
  CC      usb_fx07_common.c
  CC      vector.c
  CC      systick.c
  CC      scb.c
  CC      nvic.c
  CC      assert.c
  CC      sync.c
  AR      libopencm3_stm32f1.a
  BUILD   lib/stm32/f2
  CP      libopencm3_stm32f2.ld
  CC      gpio.c
  CC      rcc.c
  CC      crc_common_all.c
  CC      dac_common_all.c
  CC      dma_common_f24.c
  CC      gpio_common_all.c
  CC      gpio_common_f0234.c
  CC      i2c_common_all.c
  CC      iwdg_common_all.c
  CC      rtc_common_l1f024.c
  CC      spi_common_all.c
  CC      spi_common_f124.c
  CC      timer_common_all.c
  CC      timer_common_f234.c
  CC      timer_common_f24.c
  CC      usart_common_all.c
  CC      usart_common_f124.c
  CC      flash_common_f234.c
  CC      flash_common_f24.c
  CC      hash_common_f24.c
  CC      crypto_common_f24.c
  CC      exti_common_all.c
  CC      vector.c
  CC      systick.c
  CC      scb.c
  CC      nvic.c
  CC      assert.c
  CC      sync.c
  AR      libopencm3_stm32f2.a
  BUILD   lib/stm32/f3
  CP      libopencm3_stm32f3.ld
  CC      rcc.c
  CC      gpio.c
  CC      adc.c
  CC      i2c.c
  CC      spi.c
  CC      usart.c
  CC      dma.c
  CC      gpio_common_all.c
  CC      gpio_common_f0234.c
  CC      dac_common_all.c
  CC      usart_common_all.c
  CC      crc_common_all.c
  CC      iwdg_common_all.c
  CC      spi_common_all.c
  CC      dma_common_l1f013.c
  CC      timer_common_all.c
  CC      timer_common_f234.c
  CC      flash_common_f234.c
  CC      flash.c
  CC      exti_common_all.c
  CC      usb.c
  CC      usb_control.c
  CC      usb_standard.c
  CC      usb_f103.c
  CC      vector.c
  CC      systick.c
  CC      scb.c
  CC      nvic.c
  CC      assert.c
  CC      sync.c
  AR      libopencm3_stm32f3.a
  BUILD   lib/stm32/f4
  CP      libopencm3_stm32f4.ld
  CC      adc.c
  CC      can.c
../can.c: In function 'can_transmit':
../can.c:417:18: warning: this statement may fall through [-Wimplicit-fallthrough=]
  417 |   tdhxr.data8[3] = data[7];
      |   ~~~~~~~~~~~~~~~^~~~~~~~~
../can.c:419:2: note: here
  419 |  case 7:
      |  ^~~~
../can.c:420:18: warning: this statement may fall through [-Wimplicit-fallthrough=]
  420 |   tdhxr.data8[2] = data[6];
      |   ~~~~~~~~~~~~~~~^~~~~~~~~
../can.c:422:2: note: here
  422 |  case 6:
      |  ^~~~
../can.c:423:18: warning: this statement may fall through [-Wimplicit-fallthrough=]
  423 |   tdhxr.data8[1] = data[5];
      |   ~~~~~~~~~~~~~~~^~~~~~~~~
../can.c:425:2: note: here
  425 |  case 5:
      |  ^~~~
../can.c:426:18: warning: this statement may fall through [-Wimplicit-fallthrough=]
  426 |   tdhxr.data8[0] = data[4];
      |   ~~~~~~~~~~~~~~~^~~~~~~~~
../can.c:428:2: note: here
  428 |  case 4:
      |  ^~~~
../can.c:429:18: warning: this statement may fall through [-Wimplicit-fallthrough=]
  429 |   tdlxr.data8[3] = data[3];
      |   ~~~~~~~~~~~~~~~^~~~~~~~~
../can.c:431:2: note: here
  431 |  case 3:
      |  ^~~~
../can.c:432:18: warning: this statement may fall through [-Wimplicit-fallthrough=]
  432 |   tdlxr.data8[2] = data[2];
      |   ~~~~~~~~~~~~~~~^~~~~~~~~
../can.c:434:2: note: here
  434 |  case 2:
      |  ^~~~
../can.c:435:18: warning: this statement may fall through [-Wimplicit-fallthrough=]
  435 |   tdlxr.data8[1] = data[1];
      |   ~~~~~~~~~~~~~~~^~~~~~~~~
../can.c:437:2: note: here
  437 |  case 1:
      |  ^~~~
  CC      gpio.c
  CC      pwr.c
  CC      rcc.c
  CC      rtc.c
  CC      crypto.c
  CC      crc_common_all.c
  CC      dac_common_all.c
  CC      dma_common_f24.c
  CC      gpio_common_all.c
  CC      gpio_common_f0234.c
  CC      i2c_common_all.c
  CC      iwdg_common_all.c
  CC      pwr_common_all.c
  CC      rtc_common_l1f024.c
  CC      spi_common_all.c
  CC      spi_common_f124.c
  CC      timer_common_all.c
  CC      timer_common_f234.c
  CC      timer_common_f24.c
  CC      usart_common_all.c
  CC      usart_common_f124.c
  CC      flash_common_f234.c
  CC      flash_common_f24.c
  CC      hash_common_f24.c
  CC      crypto_common_f24.c
  CC      exti_common_all.c
  CC      usb.c
  CC      usb_standard.c
  CC      usb_control.c
  CC      usb_fx07_common.c
  CC      usb_f107.c
  CC      usb_f207.c
  CC      vector.c
  CC      systick.c
  CC      scb.c
  CC      nvic.c
  CC      assert.c
  CC      sync.c
  AR      libopencm3_stm32f4.a
  BUILD   lib/stm32/l1
  CP      libopencm3_stm32l1.ld
  CC      crc.c
  CC      desig.c
  CC      flash.c
  CC      rcc.c
  CC      usart.c
  CC      dma.c
  CC      crc_common_all.c
  CC      dac_common_all.c
  CC      dma_common_l1f013.c
  CC      gpio_common_all.c
  CC      gpio_common_f0234.c
  CC      i2c_common_all.c
  CC      iwdg_common_all.c
  CC      pwr_common_all.c
  CC      pwr.c
  CC      rtc_common_l1f024.c
  CC      spi_common_all.c
  CC      timer_common_all.c
  CC      usart_common_all.c
  CC      usart_common_f124.c
  CC      exti_common_all.c
  CC      vector.c
  CC      systick.c
  CC      scb.c
  CC      nvic.c
  CC      assert.c
  CC      sync.c
  AR      libopencm3_stm32l1.a
  BUILD   lib/lpc13xx
  CP      libopencm3_lpc13xx.ld
  CC      gpio.c
  CC      vector.c
  CC      systick.c
  CC      scb.c
  CC      nvic.c
  CC      assert.c
  CC      sync.c
  AR      libopencm3_lpc13xx.a
  BUILD   lib/lpc17xx
  CP      libopencm3_lpc17xx.ld
  CC      gpio.c
  CC      vector.c
  CC      systick.c
  CC      scb.c
  CC      nvic.c
  CC      assert.c
  CC      sync.c
  AR      libopencm3_lpc17xx.a
  BUILD   lib/lpc43xx/m4
  CP      libopencm3_lpc43xx.ld
  CC      gpio.c
  CC      scu.c
  CC      i2c.c
  CC      ssp.c
  CC      uart.c
  CC      timer.c
  CC      wwdt.c
  CC      ipc.c
  CC      vector.c
  CC      systick.c
  CC      scb.c
  CC      nvic.c
  CC      assert.c
  CC      sync.c
  AR      libopencm3_lpc43xx.a
  BUILD   lib/lpc43xx/m0
  CP      libopencm3_lpc43xx_m0.ld
  CC      gpio.c
  CC      scu.c
  CC      i2c.c
  CC      ssp.c
  CC      uart.c
  CC      timer.c
  CC      vector.c
  CC      systick.c
  CC      scb.c
  CC      nvic.c
  CC      assert.c
  CC      sync.c
../../cm3/sync.c:30:2: warning: #warning "sync not supported on ARMv6-M arch" [-Wcpp]
   30 | #warning "sync not supported on ARMv6-M arch"
      |  ^~~~~~~
  AR      libopencm3_lpc43xx_m0.a
  BUILD   lib/lm3s
  CP      libopencm3_lm3s.ld
  CC      gpio.c
  CC      vector.c
  CC      assert.c
  CC      systick.c
  CC      scb.c
  CC      nvic.c
  CC      sync.c
  AR      libopencm3_lm3s.a
  BUILD   lib/lm4f
  CP      libopencm3_lm4f.ld
  CC      gpio.c
  CC      vector.c
  CC      assert.c
  CC      systemcontrol.c
  CC      rcc.c
  CC      uart.c
  CC      usb_lm4f.c
  CC      usb.c
  CC      usb_control.c
  CC      usb_standard.c
  CC      systick.c
  CC      scb.c
  CC      nvic.c
  CC      sync.c
  AR      libopencm3_lm4f.a
  BUILD   lib/efm32/efm32tg
  CP      libopencm3_efm32tg.ld
  CC      vector.c
  CC      systick.c
  CC      scb.c
  CC      nvic.c
  CC      assert.c
  CC      sync.c
  AR      libopencm3_efm32tg.a
  BUILD   lib/efm32/efm32g
  CP      libopencm3_efm32g.ld
  CC      vector.c
  CC      systick.c
  CC      scb.c
  CC      nvic.c
  CC      assert.c
  CC      sync.c
  AR      libopencm3_efm32g.a
  BUILD   lib/efm32/efm32lg
  CP      libopencm3_efm32lg.ld
  CC      vector.c
  CC      systick.c
  CC      scb.c
  CC      nvic.c
  CC      assert.c
  CC      sync.c
  AR      libopencm3_efm32lg.a
  BUILD   lib/efm32/efm32gg
  CP      libopencm3_efm32gg.ld
  CC      vector.c
  CC      systick.c
  CC      scb.c
  CC      nvic.c
  CC      assert.c
  CC      sync.c
  AR      libopencm3_efm32gg.a
  BUILD   lib/sam/3x
  CP      libopencm3_sam3x.ld
  CC      gpio.c
  CC      pmc.c
  CC      usart.c
../common/usart.c: In function 'usart_enable':
../common/usart.c:59:28: warning: unused parameter 'usart' [-Wunused-parameter]
   59 | void usart_enable(uint32_t usart)
      |                   ~~~~~~~~~^~~~~
../common/usart.c: In function 'usart_disable':
../common/usart.c:63:29: warning: unused parameter 'usart' [-Wunused-parameter]
   63 | void usart_disable(uint32_t usart)
      |                    ~~~~~~~~~^~~~~
  CC      vector.c
  CC      systick.c
  CC      scb.c
  CC      nvic.c
  CC      assert.c
  CC      sync.c
  AR      libopencm3_sam3x.a
  BUILD   lib/sam/3n
  CP      libopencm3_sam3n.ld
  CC      gpio.c
  CC      pmc.c
  CC      usart.c
../common/usart.c: In function 'usart_enable':
../common/usart.c:59:28: warning: unused parameter 'usart' [-Wunused-parameter]
   59 | void usart_enable(uint32_t usart)
      |                   ~~~~~~~~~^~~~~
../common/usart.c: In function 'usart_disable':
../common/usart.c:63:29: warning: unused parameter 'usart' [-Wunused-parameter]
   63 | void usart_disable(uint32_t usart)
      |                    ~~~~~~~~~^~~~~
  CC      vector.c
  CC      systick.c
  CC      scb.c
  CC      nvic.c
  CC      assert.c
  CC      sync.c
  AR      libopencm3_sam3n.a
[  0%] No install step for 'libopencm3_hackrf_usb'
[  0%] Completed 'libopencm3_hackrf_usb'
[  0%] Built target libopencm3_hackrf_usb
[  0%] Building ASM object hackrf/firmware/hackrf_usb/CMakeFiles/hackrf_usb_m0.elf.dir/sgpio_m0.s.obj
[  0%] Linking ASM executable hackrf_usb_m0.elf
[  0%] Built target hackrf_usb_m0.elf
[  0%] Generating hackrf_usb_m0.bin
[  0%] Generating hackrf_usb_m0_bin.s
[  0%] Generating hackrf_cpld_data.c
[  0%] Building C object hackrf/firmware/hackrf_usb/CMakeFiles/hackrf_usb_objects.dir/hackrf_usb.c.obj
[  1%] Building C object hackrf/firmware/hackrf_usb/CMakeFiles/hackrf_usb_objects.dir/__/common/tuning.c.obj
[  1%] Building C object hackrf/firmware/hackrf_usb/CMakeFiles/hackrf_usb_objects.dir/__/common/streaming.c.obj
[  1%] Building C object hackrf/firmware/hackrf_usb/CMakeFiles/hackrf_usb_objects.dir/__/common/usb.c.obj
[  1%] Building C object hackrf/firmware/hackrf_usb/CMakeFiles/hackrf_usb_objects.dir/__/common/usb_request.c.obj
[  1%] Building C object hackrf/firmware/hackrf_usb/CMakeFiles/hackrf_usb_objects.dir/__/common/usb_standard_request.c.obj
[  1%] Building C object hackrf/firmware/hackrf_usb/CMakeFiles/hackrf_usb_objects.dir/usb_descriptor.c.obj
[  1%] Building C object hackrf/firmware/hackrf_usb/CMakeFiles/hackrf_usb_objects.dir/usb_device.c.obj
[  1%] Building C object hackrf/firmware/hackrf_usb/CMakeFiles/hackrf_usb_objects.dir/usb_endpoint.c.obj
[  1%] Building C object hackrf/firmware/hackrf_usb/CMakeFiles/hackrf_usb_objects.dir/usb_api_board_info.c.obj
[  1%] Building C object hackrf/firmware/hackrf_usb/CMakeFiles/hackrf_usb_objects.dir/usb_api_m0_state.c.obj
[  1%] Building C object hackrf/firmware/hackrf_usb/CMakeFiles/hackrf_usb_objects.dir/usb_api_register.c.obj
[  1%] Building C object hackrf/firmware/hackrf_usb/CMakeFiles/hackrf_usb_objects.dir/usb_api_spiflash.c.obj
[  1%] Building C object hackrf/firmware/hackrf_usb/CMakeFiles/hackrf_usb_objects.dir/usb_api_transceiver.c.obj
[  1%] Building C object hackrf/firmware/hackrf_usb/CMakeFiles/hackrf_usb_objects.dir/usb_api_operacake.c.obj
[  1%] Building C object hackrf/firmware/hackrf_usb/CMakeFiles/hackrf_usb_objects.dir/usb_api_sweep.c.obj
[  1%] Building C object hackrf/firmware/hackrf_usb/CMakeFiles/hackrf_usb_objects.dir/usb_api_selftest.c.obj
[  1%] Building C object hackrf/firmware/hackrf_usb/CMakeFiles/hackrf_usb_objects.dir/usb_api_ui.c.obj
[  1%] Building C object hackrf/firmware/hackrf_usb/CMakeFiles/hackrf_usb_objects.dir/usb_api_adc.c.obj
[  1%] Building C object hackrf/firmware/hackrf_usb/CMakeFiles/hackrf_usb_objects.dir/__/common/usb_queue.c.obj
[  1%] Building C object hackrf/firmware/hackrf_usb/CMakeFiles/hackrf_usb_objects.dir/__/common/fault_handler.c.obj
[  1%] Building C object hackrf/firmware/hackrf_usb/CMakeFiles/hackrf_usb_objects.dir/__/common/crc.c.obj
[  1%] Building C object hackrf/firmware/hackrf_usb/CMakeFiles/hackrf_usb_objects.dir/__/common/rom_iap.c.obj
[  1%] Building C object hackrf/firmware/hackrf_usb/CMakeFiles/hackrf_usb_objects.dir/__/common/operacake.c.obj
[  1%] Building C object hackrf/firmware/hackrf_usb/CMakeFiles/hackrf_usb_objects.dir/__/common/operacake_sctimer.c.obj
[  1%] Building C object hackrf/firmware/hackrf_usb/CMakeFiles/hackrf_usb_objects.dir/usb_api_cpld.c.obj
[  1%] Building C object hackrf/firmware/hackrf_usb/CMakeFiles/hackrf_usb_objects.dir/__/common/cpld_xc2c.c.obj
[  1%] Building C object hackrf/firmware/hackrf_usb/CMakeFiles/hackrf_usb_objects.dir/hackrf_cpld_data.c.obj
[  1%] Building C object hackrf/firmware/hackrf_usb/CMakeFiles/hackrf_usb_objects.dir/__/common/xapp058/lenval.c.obj
[  1%] Building C object hackrf/firmware/hackrf_usb/CMakeFiles/hackrf_usb_objects.dir/__/common/xapp058/micro.c.obj
[  2%] Building C object hackrf/firmware/hackrf_usb/CMakeFiles/hackrf_usb_objects.dir/__/common/xapp058/ports.c.obj
[  2%] Building C object hackrf/firmware/hackrf_usb/CMakeFiles/hackrf_usb_objects.dir/__/common/portapack.c.obj
[  2%] Building C object hackrf/firmware/hackrf_usb/CMakeFiles/hackrf_usb_objects.dir/__/common/ui_portapack.c.obj
[  2%] Building C object hackrf/firmware/hackrf_usb/CMakeFiles/hackrf_usb_objects.dir/__/common/power.c.obj
[  2%] Building C object hackrf/firmware/hackrf_usb/CMakeFiles/hackrf_usb_objects.dir/__/common/cpu_clock.c.obj
[  2%] Building C object hackrf/firmware/hackrf_usb/CMakeFiles/hackrf_usb_objects.dir/__/common/delay.c.obj
[  2%] Building C object hackrf/firmware/hackrf_usb/CMakeFiles/hackrf_usb_objects.dir/__/common/cpld_jtag.c.obj
[  2%] Building C object hackrf/firmware/hackrf_usb/CMakeFiles/hackrf_usb_objects.dir/__/common/pins.c.obj
[  2%] Building C object hackrf/firmware/hackrf_usb/CMakeFiles/hackrf_usb_objects.dir/__/common/leds.c.obj
[  2%] Building C object hackrf/firmware/hackrf_usb/CMakeFiles/hackrf_usb_objects.dir/__/common/sgpio.c.obj
[  2%] Building C object hackrf/firmware/hackrf_usb/CMakeFiles/hackrf_usb_objects.dir/__/common/rf_path.c.obj
[  2%] Building C object hackrf/firmware/hackrf_usb/CMakeFiles/hackrf_usb_objects.dir/__/common/si5351c.c.obj
[  2%] Building C object hackrf/firmware/hackrf_usb/CMakeFiles/hackrf_usb_objects.dir/__/common/clock_gen.c.obj
[  2%] Building C object hackrf/firmware/hackrf_usb/CMakeFiles/hackrf_usb_objects.dir/__/common/max5864.c.obj
[  2%] Building C object hackrf/firmware/hackrf_usb/CMakeFiles/hackrf_usb_objects.dir/__/common/max5864_target.c.obj
[  2%] Building C object hackrf/firmware/hackrf_usb/CMakeFiles/hackrf_usb_objects.dir/__/common/mixer.c.obj
[  2%] Building C object hackrf/firmware/hackrf_usb/CMakeFiles/hackrf_usb_objects.dir/__/common/i2c_bus.c.obj
[  2%] Building C object hackrf/firmware/hackrf_usb/CMakeFiles/hackrf_usb_objects.dir/__/common/i2c_lpc.c.obj
[  2%] Building C object hackrf/firmware/hackrf_usb/CMakeFiles/hackrf_usb_objects.dir/__/common/w25q80bv.c.obj
[  2%] Building C object hackrf/firmware/hackrf_usb/CMakeFiles/hackrf_usb_objects.dir/__/common/w25q80bv_target.c.obj
[  2%] Building C object hackrf/firmware/hackrf_usb/CMakeFiles/hackrf_usb_objects.dir/__/common/spi_bus.c.obj
[  2%] Building C object hackrf/firmware/hackrf_usb/CMakeFiles/hackrf_usb_objects.dir/__/common/spi_ssp.c.obj
[  2%] Building C object hackrf/firmware/hackrf_usb/CMakeFiles/hackrf_usb_objects.dir/__/common/gpio_lpc.c.obj
[  2%] Building C object hackrf/firmware/hackrf_usb/CMakeFiles/hackrf_usb_objects.dir/__/common/hackrf_ui.c.obj
[  2%] Building C object hackrf/firmware/hackrf_usb/CMakeFiles/hackrf_usb_objects.dir/__/common/platform_detect.c.obj
[  2%] Building C object hackrf/firmware/hackrf_usb/CMakeFiles/hackrf_usb_objects.dir/__/common/platform_gpio.c.obj
[  2%] Building C object hackrf/firmware/hackrf_usb/CMakeFiles/hackrf_usb_objects.dir/__/common/platform_scu.c.obj
[  2%] Building C object hackrf/firmware/hackrf_usb/CMakeFiles/hackrf_usb_objects.dir/__/common/firmware_info.c.obj
[  3%] Building C object hackrf/firmware/hackrf_usb/CMakeFiles/hackrf_usb_objects.dir/__/common/clock_io.c.obj
[  3%] Building C object hackrf/firmware/hackrf_usb/CMakeFiles/hackrf_usb_objects.dir/__/common/gpdma.c.obj
[  3%] Building C object hackrf/firmware/hackrf_usb/CMakeFiles/hackrf_usb_objects.dir/__/common/radio.c.obj
[  3%] Building C object hackrf/firmware/hackrf_usb/CMakeFiles/hackrf_usb_objects.dir/__/common/selftest.c.obj
[  3%] Building C object hackrf/firmware/hackrf_usb/CMakeFiles/hackrf_usb_objects.dir/__/common/m0_state.c.obj
[  3%] Building C object hackrf/firmware/hackrf_usb/CMakeFiles/hackrf_usb_objects.dir/__/common/adc.c.obj
[  3%] Building C object hackrf/firmware/hackrf_usb/CMakeFiles/hackrf_usb_objects.dir/__/common/da7219.c.obj
[  3%] Building C object hackrf/firmware/hackrf_usb/CMakeFiles/hackrf_usb_objects.dir/__/common/max283x.c.obj
[  3%] Building C object hackrf/firmware/hackrf_usb/CMakeFiles/hackrf_usb_objects.dir/__/common/u128.c.obj
[  3%] Building C object hackrf/firmware/hackrf_usb/CMakeFiles/hackrf_usb_objects.dir/__/common/rffc5071.c.obj
[  3%] Building C object hackrf/firmware/hackrf_usb/CMakeFiles/hackrf_usb_objects.dir/__/common/rffc5071_spi.c.obj
[  3%] Building C object hackrf/firmware/hackrf_usb/CMakeFiles/hackrf_usb_objects.dir/__/common/max2837.c.obj
[  3%] Building C object hackrf/firmware/hackrf_usb/CMakeFiles/hackrf_usb_objects.dir/__/common/max2837_target.c.obj
[  3%] Building C object hackrf/firmware/hackrf_usb/CMakeFiles/hackrf_usb_objects.dir/__/common/max2839.c.obj
[  3%] Building C object hackrf/firmware/hackrf_usb/CMakeFiles/hackrf_usb_objects.dir/__/common/max2839_target.c.obj
[  3%] Building ASM object hackrf/firmware/hackrf_usb/CMakeFiles/hackrf_usb_objects.dir/hackrf_usb_m0_bin.s.obj
[  3%] Built target hackrf_usb_objects
[  4%] Linking C executable hackrf_usb.elf
[  4%] Built target hackrf_usb.elf
[  4%] Built target hackrf_usb.bin
[  4%] Generating hackrf_usb_ram_m0.bin
[  4%] Generating hackrf_usb_ram_m0_bin.s
[  4%] Building C object hackrf/firmware/hackrf_usb/CMakeFiles/hackrf_usb_ram_objects.dir/hackrf_usb.c.obj
[  4%] Building C object hackrf/firmware/hackrf_usb/CMakeFiles/hackrf_usb_ram_objects.dir/__/common/tuning.c.obj
[  4%] Building C object hackrf/firmware/hackrf_usb/CMakeFiles/hackrf_usb_ram_objects.dir/__/common/streaming.c.obj
[  4%] Building C object hackrf/firmware/hackrf_usb/CMakeFiles/hackrf_usb_ram_objects.dir/__/common/usb.c.obj
[  4%] Building C object hackrf/firmware/hackrf_usb/CMakeFiles/hackrf_usb_ram_objects.dir/__/common/usb_request.c.obj
[  4%] Building C object hackrf/firmware/hackrf_usb/CMakeFiles/hackrf_usb_ram_objects.dir/__/common/usb_standard_request.c.obj
[  4%] Building C object hackrf/firmware/hackrf_usb/CMakeFiles/hackrf_usb_ram_objects.dir/usb_descriptor.c.obj
[  4%] Building C object hackrf/firmware/hackrf_usb/CMakeFiles/hackrf_usb_ram_objects.dir/usb_device.c.obj
[  5%] Building C object hackrf/firmware/hackrf_usb/CMakeFiles/hackrf_usb_ram_objects.dir/usb_endpoint.c.obj
[  5%] Building C object hackrf/firmware/hackrf_usb/CMakeFiles/hackrf_usb_ram_objects.dir/usb_api_board_info.c.obj
[  5%] Building C object hackrf/firmware/hackrf_usb/CMakeFiles/hackrf_usb_ram_objects.dir/usb_api_m0_state.c.obj
[  5%] Building C object hackrf/firmware/hackrf_usb/CMakeFiles/hackrf_usb_ram_objects.dir/usb_api_register.c.obj
[  5%] Building C object hackrf/firmware/hackrf_usb/CMakeFiles/hackrf_usb_ram_objects.dir/usb_api_spiflash.c.obj
[  5%] Building C object hackrf/firmware/hackrf_usb/CMakeFiles/hackrf_usb_ram_objects.dir/usb_api_transceiver.c.obj
[  5%] Building C object hackrf/firmware/hackrf_usb/CMakeFiles/hackrf_usb_ram_objects.dir/usb_api_operacake.c.obj
[  5%] Building C object hackrf/firmware/hackrf_usb/CMakeFiles/hackrf_usb_ram_objects.dir/usb_api_sweep.c.obj
[  5%] Building C object hackrf/firmware/hackrf_usb/CMakeFiles/hackrf_usb_ram_objects.dir/usb_api_selftest.c.obj
[  5%] Building C object hackrf/firmware/hackrf_usb/CMakeFiles/hackrf_usb_ram_objects.dir/usb_api_ui.c.obj
[  5%] Building C object hackrf/firmware/hackrf_usb/CMakeFiles/hackrf_usb_ram_objects.dir/usb_api_adc.c.obj
[  5%] Building C object hackrf/firmware/hackrf_usb/CMakeFiles/hackrf_usb_ram_objects.dir/__/common/usb_queue.c.obj
[  5%] Building C object hackrf/firmware/hackrf_usb/CMakeFiles/hackrf_usb_ram_objects.dir/__/common/fault_handler.c.obj
[  5%] Building C object hackrf/firmware/hackrf_usb/CMakeFiles/hackrf_usb_ram_objects.dir/__/common/crc.c.obj
[  5%] Building C object hackrf/firmware/hackrf_usb/CMakeFiles/hackrf_usb_ram_objects.dir/__/common/rom_iap.c.obj
[  5%] Building C object hackrf/firmware/hackrf_usb/CMakeFiles/hackrf_usb_ram_objects.dir/__/common/operacake.c.obj
[  5%] Building C object hackrf/firmware/hackrf_usb/CMakeFiles/hackrf_usb_ram_objects.dir/__/common/operacake_sctimer.c.obj
[  5%] Building C object hackrf/firmware/hackrf_usb/CMakeFiles/hackrf_usb_ram_objects.dir/usb_api_cpld.c.obj
[  5%] Building C object hackrf/firmware/hackrf_usb/CMakeFiles/hackrf_usb_ram_objects.dir/__/common/cpld_xc2c.c.obj
[  5%] Building C object hackrf/firmware/hackrf_usb/CMakeFiles/hackrf_usb_ram_objects.dir/hackrf_cpld_data.c.obj
[  5%] Building C object hackrf/firmware/hackrf_usb/CMakeFiles/hackrf_usb_ram_objects.dir/__/common/xapp058/lenval.c.obj
[  5%] Building C object hackrf/firmware/hackrf_usb/CMakeFiles/hackrf_usb_ram_objects.dir/__/common/xapp058/micro.c.obj
[  5%] Building C object hackrf/firmware/hackrf_usb/CMakeFiles/hackrf_usb_ram_objects.dir/__/common/xapp058/ports.c.obj
[  5%] Building C object hackrf/firmware/hackrf_usb/CMakeFiles/hackrf_usb_ram_objects.dir/__/common/portapack.c.obj
[  5%] Building C object hackrf/firmware/hackrf_usb/CMakeFiles/hackrf_usb_ram_objects.dir/__/common/ui_portapack.c.obj
[  5%] Building C object hackrf/firmware/hackrf_usb/CMakeFiles/hackrf_usb_ram_objects.dir/__/common/power.c.obj
[  5%] Building C object hackrf/firmware/hackrf_usb/CMakeFiles/hackrf_usb_ram_objects.dir/__/common/cpu_clock.c.obj
[  5%] Building C object hackrf/firmware/hackrf_usb/CMakeFiles/hackrf_usb_ram_objects.dir/__/common/delay.c.obj
[  5%] Building C object hackrf/firmware/hackrf_usb/CMakeFiles/hackrf_usb_ram_objects.dir/__/common/cpld_jtag.c.obj
[  6%] Building C object hackrf/firmware/hackrf_usb/CMakeFiles/hackrf_usb_ram_objects.dir/__/common/pins.c.obj
[  6%] Building C object hackrf/firmware/hackrf_usb/CMakeFiles/hackrf_usb_ram_objects.dir/__/common/leds.c.obj
[  6%] Building C object hackrf/firmware/hackrf_usb/CMakeFiles/hackrf_usb_ram_objects.dir/__/common/sgpio.c.obj
[  6%] Building C object hackrf/firmware/hackrf_usb/CMakeFiles/hackrf_usb_ram_objects.dir/__/common/rf_path.c.obj
[  6%] Building C object hackrf/firmware/hackrf_usb/CMakeFiles/hackrf_usb_ram_objects.dir/__/common/si5351c.c.obj
[  6%] Building C object hackrf/firmware/hackrf_usb/CMakeFiles/hackrf_usb_ram_objects.dir/__/common/clock_gen.c.obj
[  6%] Building C object hackrf/firmware/hackrf_usb/CMakeFiles/hackrf_usb_ram_objects.dir/__/common/max5864.c.obj
[  6%] Building C object hackrf/firmware/hackrf_usb/CMakeFiles/hackrf_usb_ram_objects.dir/__/common/max5864_target.c.obj
[  6%] Building C object hackrf/firmware/hackrf_usb/CMakeFiles/hackrf_usb_ram_objects.dir/__/common/mixer.c.obj
[  6%] Building C object hackrf/firmware/hackrf_usb/CMakeFiles/hackrf_usb_ram_objects.dir/__/common/i2c_bus.c.obj
[  6%] Building C object hackrf/firmware/hackrf_usb/CMakeFiles/hackrf_usb_ram_objects.dir/__/common/i2c_lpc.c.obj
[  6%] Building C object hackrf/firmware/hackrf_usb/CMakeFiles/hackrf_usb_ram_objects.dir/__/common/w25q80bv.c.obj
[  6%] Building C object hackrf/firmware/hackrf_usb/CMakeFiles/hackrf_usb_ram_objects.dir/__/common/w25q80bv_target.c.obj
[  6%] Building C object hackrf/firmware/hackrf_usb/CMakeFiles/hackrf_usb_ram_objects.dir/__/common/spi_bus.c.obj
[  6%] Building C object hackrf/firmware/hackrf_usb/CMakeFiles/hackrf_usb_ram_objects.dir/__/common/spi_ssp.c.obj
[  6%] Building C object hackrf/firmware/hackrf_usb/CMakeFiles/hackrf_usb_ram_objects.dir/__/common/gpio_lpc.c.obj
[  6%] Building C object hackrf/firmware/hackrf_usb/CMakeFiles/hackrf_usb_ram_objects.dir/__/common/hackrf_ui.c.obj
[  6%] Building C object hackrf/firmware/hackrf_usb/CMakeFiles/hackrf_usb_ram_objects.dir/__/common/platform_detect.c.obj
[  6%] Building C object hackrf/firmware/hackrf_usb/CMakeFiles/hackrf_usb_ram_objects.dir/__/common/platform_gpio.c.obj
[  6%] Building C object hackrf/firmware/hackrf_usb/CMakeFiles/hackrf_usb_ram_objects.dir/__/common/platform_scu.c.obj
[  6%] Building C object hackrf/firmware/hackrf_usb/CMakeFiles/hackrf_usb_ram_objects.dir/__/common/firmware_info.c.obj
[  6%] Building C object hackrf/firmware/hackrf_usb/CMakeFiles/hackrf_usb_ram_objects.dir/__/common/clock_io.c.obj
[  6%] Building C object hackrf/firmware/hackrf_usb/CMakeFiles/hackrf_usb_ram_objects.dir/__/common/gpdma.c.obj
[  6%] Building C object hackrf/firmware/hackrf_usb/CMakeFiles/hackrf_usb_ram_objects.dir/__/common/radio.c.obj
[  6%] Building C object hackrf/firmware/hackrf_usb/CMakeFiles/hackrf_usb_ram_objects.dir/__/common/selftest.c.obj
[  6%] Building C object hackrf/firmware/hackrf_usb/CMakeFiles/hackrf_usb_ram_objects.dir/__/common/m0_state.c.obj
[  6%] Building C object hackrf/firmware/hackrf_usb/CMakeFiles/hackrf_usb_ram_objects.dir/__/common/adc.c.obj
[  6%] Building C object hackrf/firmware/hackrf_usb/CMakeFiles/hackrf_usb_ram_objects.dir/__/common/da7219.c.obj
[  7%] Building C object hackrf/firmware/hackrf_usb/CMakeFiles/hackrf_usb_ram_objects.dir/__/common/max283x.c.obj
[  7%] Building C object hackrf/firmware/hackrf_usb/CMakeFiles/hackrf_usb_ram_objects.dir/__/common/u128.c.obj
[  7%] Building C object hackrf/firmware/hackrf_usb/CMakeFiles/hackrf_usb_ram_objects.dir/__/common/rffc5071.c.obj
[  7%] Building C object hackrf/firmware/hackrf_usb/CMakeFiles/hackrf_usb_ram_objects.dir/__/common/rffc5071_spi.c.obj
[  7%] Building C object hackrf/firmware/hackrf_usb/CMakeFiles/hackrf_usb_ram_objects.dir/__/common/max2837.c.obj
[  7%] Building C object hackrf/firmware/hackrf_usb/CMakeFiles/hackrf_usb_ram_objects.dir/__/common/max2837_target.c.obj
[  7%] Building C object hackrf/firmware/hackrf_usb/CMakeFiles/hackrf_usb_ram_objects.dir/__/common/max2839.c.obj
[  7%] Building C object hackrf/firmware/hackrf_usb/CMakeFiles/hackrf_usb_ram_objects.dir/__/common/max2839_target.c.obj
[  7%] Building ASM object hackrf/firmware/hackrf_usb/CMakeFiles/hackrf_usb_ram_objects.dir/hackrf_usb_ram_m0_bin.s.obj
[  7%] Built target hackrf_usb_ram_objects
[  7%] Linking C executable hackrf_usb_ram.elf
[  7%] Built target hackrf_usb_ram.elf
[  7%] Built target hackrf_usb_ram.bin
[  7%] Generating hackrf_usb_dfu_m0.bin
[  7%] Generating hackrf_usb_dfu_m0_bin.s
[  7%] Building C object hackrf/firmware/hackrf_usb/CMakeFiles/hackrf_usb_dfu_objects.dir/hackrf_usb.c.obj
[  7%] Building C object hackrf/firmware/hackrf_usb/CMakeFiles/hackrf_usb_dfu_objects.dir/__/common/tuning.c.obj
[  7%] Building C object hackrf/firmware/hackrf_usb/CMakeFiles/hackrf_usb_dfu_objects.dir/__/common/streaming.c.obj
[  7%] Building C object hackrf/firmware/hackrf_usb/CMakeFiles/hackrf_usb_dfu_objects.dir/__/common/usb.c.obj
[  7%] Building C object hackrf/firmware/hackrf_usb/CMakeFiles/hackrf_usb_dfu_objects.dir/__/common/usb_request.c.obj
[  7%] Building C object hackrf/firmware/hackrf_usb/CMakeFiles/hackrf_usb_dfu_objects.dir/__/common/usb_standard_request.c.obj
[  7%] Building C object hackrf/firmware/hackrf_usb/CMakeFiles/hackrf_usb_dfu_objects.dir/usb_descriptor.c.obj
[  7%] Building C object hackrf/firmware/hackrf_usb/CMakeFiles/hackrf_usb_dfu_objects.dir/usb_device.c.obj
[  7%] Building C object hackrf/firmware/hackrf_usb/CMakeFiles/hackrf_usb_dfu_objects.dir/usb_endpoint.c.obj
[  7%] Building C object hackrf/firmware/hackrf_usb/CMakeFiles/hackrf_usb_dfu_objects.dir/usb_api_board_info.c.obj
[  7%] Building C object hackrf/firmware/hackrf_usb/CMakeFiles/hackrf_usb_dfu_objects.dir/usb_api_m0_state.c.obj
[  7%] Building C object hackrf/firmware/hackrf_usb/CMakeFiles/hackrf_usb_dfu_objects.dir/usb_api_register.c.obj
[  7%] Building C object hackrf/firmware/hackrf_usb/CMakeFiles/hackrf_usb_dfu_objects.dir/usb_api_spiflash.c.obj
[  7%] Building C object hackrf/firmware/hackrf_usb/CMakeFiles/hackrf_usb_dfu_objects.dir/usb_api_transceiver.c.obj
[  7%] Building C object hackrf/firmware/hackrf_usb/CMakeFiles/hackrf_usb_dfu_objects.dir/usb_api_operacake.c.obj
[  7%] Building C object hackrf/firmware/hackrf_usb/CMakeFiles/hackrf_usb_dfu_objects.dir/usb_api_sweep.c.obj
[  7%] Building C object hackrf/firmware/hackrf_usb/CMakeFiles/hackrf_usb_dfu_objects.dir/usb_api_selftest.c.obj
[  7%] Building C object hackrf/firmware/hackrf_usb/CMakeFiles/hackrf_usb_dfu_objects.dir/usb_api_ui.c.obj
[  7%] Building C object hackrf/firmware/hackrf_usb/CMakeFiles/hackrf_usb_dfu_objects.dir/usb_api_adc.c.obj
[  7%] Building C object hackrf/firmware/hackrf_usb/CMakeFiles/hackrf_usb_dfu_objects.dir/__/common/usb_queue.c.obj
[  7%] Building C object hackrf/firmware/hackrf_usb/CMakeFiles/hackrf_usb_dfu_objects.dir/__/common/fault_handler.c.obj
[  7%] Building C object hackrf/firmware/hackrf_usb/CMakeFiles/hackrf_usb_dfu_objects.dir/__/common/crc.c.obj
[  7%] Building C object hackrf/firmware/hackrf_usb/CMakeFiles/hackrf_usb_dfu_objects.dir/__/common/rom_iap.c.obj
[  8%] Building C object hackrf/firmware/hackrf_usb/CMakeFiles/hackrf_usb_dfu_objects.dir/__/common/operacake.c.obj
[  8%] Building C object hackrf/firmware/hackrf_usb/CMakeFiles/hackrf_usb_dfu_objects.dir/__/common/operacake_sctimer.c.obj
[  8%] Building C object hackrf/firmware/hackrf_usb/CMakeFiles/hackrf_usb_dfu_objects.dir/usb_api_cpld.c.obj
[  8%] Building C object hackrf/firmware/hackrf_usb/CMakeFiles/hackrf_usb_dfu_objects.dir/__/common/cpld_xc2c.c.obj
[  8%] Building C object hackrf/firmware/hackrf_usb/CMakeFiles/hackrf_usb_dfu_objects.dir/hackrf_cpld_data.c.obj
[  8%] Building C object hackrf/firmware/hackrf_usb/CMakeFiles/hackrf_usb_dfu_objects.dir/__/common/xapp058/lenval.c.obj
[  8%] Building C object hackrf/firmware/hackrf_usb/CMakeFiles/hackrf_usb_dfu_objects.dir/__/common/xapp058/micro.c.obj
[  8%] Building C object hackrf/firmware/hackrf_usb/CMakeFiles/hackrf_usb_dfu_objects.dir/__/common/xapp058/ports.c.obj
[  8%] Building C object hackrf/firmware/hackrf_usb/CMakeFiles/hackrf_usb_dfu_objects.dir/__/common/portapack.c.obj
[  8%] Building C object hackrf/firmware/hackrf_usb/CMakeFiles/hackrf_usb_dfu_objects.dir/__/common/ui_portapack.c.obj
[  8%] Building C object hackrf/firmware/hackrf_usb/CMakeFiles/hackrf_usb_dfu_objects.dir/__/common/power.c.obj
[  8%] Building C object hackrf/firmware/hackrf_usb/CMakeFiles/hackrf_usb_dfu_objects.dir/__/common/cpu_clock.c.obj
[  8%] Building C object hackrf/firmware/hackrf_usb/CMakeFiles/hackrf_usb_dfu_objects.dir/__/common/delay.c.obj
[  8%] Building C object hackrf/firmware/hackrf_usb/CMakeFiles/hackrf_usb_dfu_objects.dir/__/common/cpld_jtag.c.obj
[  8%] Building C object hackrf/firmware/hackrf_usb/CMakeFiles/hackrf_usb_dfu_objects.dir/__/common/pins.c.obj
[  8%] Building C object hackrf/firmware/hackrf_usb/CMakeFiles/hackrf_usb_dfu_objects.dir/__/common/leds.c.obj
[  8%] Building C object hackrf/firmware/hackrf_usb/CMakeFiles/hackrf_usb_dfu_objects.dir/__/common/sgpio.c.obj
[  8%] Building C object hackrf/firmware/hackrf_usb/CMakeFiles/hackrf_usb_dfu_objects.dir/__/common/rf_path.c.obj
[  8%] Building C object hackrf/firmware/hackrf_usb/CMakeFiles/hackrf_usb_dfu_objects.dir/__/common/si5351c.c.obj
[  8%] Building C object hackrf/firmware/hackrf_usb/CMakeFiles/hackrf_usb_dfu_objects.dir/__/common/clock_gen.c.obj
[  8%] Building C object hackrf/firmware/hackrf_usb/CMakeFiles/hackrf_usb_dfu_objects.dir/__/common/max5864.c.obj
[  8%] Building C object hackrf/firmware/hackrf_usb/CMakeFiles/hackrf_usb_dfu_objects.dir/__/common/max5864_target.c.obj
[  8%] Building C object hackrf/firmware/hackrf_usb/CMakeFiles/hackrf_usb_dfu_objects.dir/__/common/mixer.c.obj
[  8%] Building C object hackrf/firmware/hackrf_usb/CMakeFiles/hackrf_usb_dfu_objects.dir/__/common/i2c_bus.c.obj
[  8%] Building C object hackrf/firmware/hackrf_usb/CMakeFiles/hackrf_usb_dfu_objects.dir/__/common/i2c_lpc.c.obj
[  8%] Building C object hackrf/firmware/hackrf_usb/CMakeFiles/hackrf_usb_dfu_objects.dir/__/common/w25q80bv.c.obj
[  8%] Building C object hackrf/firmware/hackrf_usb/CMakeFiles/hackrf_usb_dfu_objects.dir/__/common/w25q80bv_target.c.obj
[  8%] Building C object hackrf/firmware/hackrf_usb/CMakeFiles/hackrf_usb_dfu_objects.dir/__/common/spi_bus.c.obj
[  8%] Building C object hackrf/firmware/hackrf_usb/CMakeFiles/hackrf_usb_dfu_objects.dir/__/common/spi_ssp.c.obj
[  9%] Building C object hackrf/firmware/hackrf_usb/CMakeFiles/hackrf_usb_dfu_objects.dir/__/common/gpio_lpc.c.obj
[  9%] Building C object hackrf/firmware/hackrf_usb/CMakeFiles/hackrf_usb_dfu_objects.dir/__/common/hackrf_ui.c.obj
[  9%] Building C object hackrf/firmware/hackrf_usb/CMakeFiles/hackrf_usb_dfu_objects.dir/__/common/platform_detect.c.obj
[  9%] Building C object hackrf/firmware/hackrf_usb/CMakeFiles/hackrf_usb_dfu_objects.dir/__/common/platform_gpio.c.obj
[  9%] Building C object hackrf/firmware/hackrf_usb/CMakeFiles/hackrf_usb_dfu_objects.dir/__/common/platform_scu.c.obj
[  9%] Building C object hackrf/firmware/hackrf_usb/CMakeFiles/hackrf_usb_dfu_objects.dir/__/common/firmware_info.c.obj
[  9%] Building C object hackrf/firmware/hackrf_usb/CMakeFiles/hackrf_usb_dfu_objects.dir/__/common/clock_io.c.obj
[  9%] Building C object hackrf/firmware/hackrf_usb/CMakeFiles/hackrf_usb_dfu_objects.dir/__/common/gpdma.c.obj
[  9%] Building C object hackrf/firmware/hackrf_usb/CMakeFiles/hackrf_usb_dfu_objects.dir/__/common/radio.c.obj
[  9%] Building C object hackrf/firmware/hackrf_usb/CMakeFiles/hackrf_usb_dfu_objects.dir/__/common/selftest.c.obj
[  9%] Building C object hackrf/firmware/hackrf_usb/CMakeFiles/hackrf_usb_dfu_objects.dir/__/common/m0_state.c.obj
[  9%] Building C object hackrf/firmware/hackrf_usb/CMakeFiles/hackrf_usb_dfu_objects.dir/__/common/adc.c.obj
[  9%] Building C object hackrf/firmware/hackrf_usb/CMakeFiles/hackrf_usb_dfu_objects.dir/__/common/da7219.c.obj
[  9%] Building C object hackrf/firmware/hackrf_usb/CMakeFiles/hackrf_usb_dfu_objects.dir/__/common/max283x.c.obj
[  9%] Building C object hackrf/firmware/hackrf_usb/CMakeFiles/hackrf_usb_dfu_objects.dir/__/common/u128.c.obj
[  9%] Building C object hackrf/firmware/hackrf_usb/CMakeFiles/hackrf_usb_dfu_objects.dir/__/common/rffc5071.c.obj
[  9%] Building C object hackrf/firmware/hackrf_usb/CMakeFiles/hackrf_usb_dfu_objects.dir/__/common/rffc5071_spi.c.obj
[  9%] Building C object hackrf/firmware/hackrf_usb/CMakeFiles/hackrf_usb_dfu_objects.dir/__/common/max2837.c.obj
[  9%] Building C object hackrf/firmware/hackrf_usb/CMakeFiles/hackrf_usb_dfu_objects.dir/__/common/max2837_target.c.obj
[  9%] Building C object hackrf/firmware/hackrf_usb/CMakeFiles/hackrf_usb_dfu_objects.dir/__/common/max2839.c.obj
[  9%] Building C object hackrf/firmware/hackrf_usb/CMakeFiles/hackrf_usb_dfu_objects.dir/__/common/max2839_target.c.obj
[  9%] Building ASM object hackrf/firmware/hackrf_usb/CMakeFiles/hackrf_usb_dfu_objects.dir/hackrf_usb_dfu_m0_bin.s.obj
[  9%] Built target hackrf_usb_dfu_objects
[  9%] Linking C executable hackrf_usb_dfu.elf
[  9%] Built target hackrf_usb_dfu.elf
[  9%] Built target hackrf_usb_dfu.bin
dfu-suffix (dfu-util) 0.11

Copyright 2011-2012 Stefan Schmidt, 2013-2020 Tormod Volden
This program is Free Software and has ABSOLUTELY NO WARRANTY
Please report bugs to http://sourceforge.net/p/dfu-util/tickets/

Suffix successfully added to file
[  9%] Built target hackrf_usb.dfu
[  9%] Building CXX object firmware/standalone/digitalrain/CMakeFiles/digitalrain_app.elf.dir/digitalrain.cpp.obj
[  9%] Building CXX object firmware/standalone/digitalrain/CMakeFiles/digitalrain_app.elf.dir/main.cpp.obj
[  9%] Building CXX object firmware/standalone/digitalrain/CMakeFiles/digitalrain_app.elf.dir/__/common/ui/bmpfile.cpp.obj
[  9%] Building CXX object firmware/standalone/digitalrain/CMakeFiles/digitalrain_app.elf.dir/__/common/ui/file.cpp.obj
[  9%] Building CXX object firmware/standalone/digitalrain/CMakeFiles/digitalrain_app.elf.dir/__/common/ui/file_path.cpp.obj
[  9%] Building CXX object firmware/standalone/digitalrain/CMakeFiles/digitalrain_app.elf.dir/__/common/ui/file_reader.cpp.obj
[  9%] Building CXX object firmware/standalone/digitalrain/CMakeFiles/digitalrain_app.elf.dir/__/common/ui/string_format.cpp.obj
[  9%] Building CXX object firmware/standalone/digitalrain/CMakeFiles/digitalrain_app.elf.dir/__/common/ui/theme.cpp.obj
[  9%] Building CXX object firmware/standalone/digitalrain/CMakeFiles/digitalrain_app.elf.dir/__/common/ui/ui.cpp.obj
[  9%] Building CXX object firmware/standalone/digitalrain/CMakeFiles/digitalrain_app.elf.dir/__/common/ui/ui_focus.cpp.obj
[  9%] Building CXX object firmware/standalone/digitalrain/CMakeFiles/digitalrain_app.elf.dir/__/common/ui/ui_font_fixed_5x8.cpp.obj
[  9%] Building CXX object firmware/standalone/digitalrain/CMakeFiles/digitalrain_app.elf.dir/__/common/ui/ui_font_fixed_8x16.cpp.obj
[  9%] Building CXX object firmware/standalone/digitalrain/CMakeFiles/digitalrain_app.elf.dir/__/common/ui/ui_geomap.cpp.obj
[  9%] Building CXX object firmware/standalone/digitalrain/CMakeFiles/digitalrain_app.elf.dir/__/common/ui/ui_painter.cpp.obj
[  9%] Building CXX object firmware/standalone/digitalrain/CMakeFiles/digitalrain_app.elf.dir/__/common/ui/ui_text.cpp.obj
[  9%] Building CXX object firmware/standalone/digitalrain/CMakeFiles/digitalrain_app.elf.dir/__/common/ui/ui_widget.cpp.obj
[  9%] Building CXX object firmware/standalone/digitalrain/CMakeFiles/digitalrain_app.elf.dir/__/common/ui/utility.cpp.obj
[  9%] Linking CXX executable digitalrain_app.elf
Memory region         Used Size  Region Size  %age Used
             ram:       15452 B        64 KB     23.58%
[  9%] Built target digitalrain_app.elf
[  9%] Generating digitalrain_app.ppmp
copy from `digitalrain_app.elf' [elf32-littlearm] to `digitalrain_app.ppmp' [binary]
[  9%] Built target digitalrain_app
[  9%] Building CXX object firmware/standalone/pacman/CMakeFiles/pacman_app.elf.dir/main.cpp.obj
[  9%] Building CXX object firmware/standalone/pacman/CMakeFiles/pacman_app.elf.dir/pacman.cpp.obj
[  9%] Linking CXX executable pacman_app.elf
Memory region         Used Size  Region Size  %age Used
             ram:       18104 B        64 KB     27.62%
[  9%] Built target pacman_app.elf
[  9%] Generating pacman_app.ppmp
copy from `pacman_app.elf' [elf32-littlearm] to `pacman_app.ppmp' [binary]
[  9%] Built target pacman_app
[  9%] Built target standalone_apps
[  9%] Building C object firmware/baseband/CMakeFiles/baseband_shared.dir/__/chibios/os/ports/GCC/ARMCMx/crt0.c.obj
[  9%] Building C object firmware/baseband/CMakeFiles/baseband_shared.dir/__/chibios-portapack/os/ports/GCC/ARMCMx/LPC43xx_M4/vectors.c.obj
[  9%] Building C object firmware/baseband/CMakeFiles/baseband_shared.dir/__/chibios/os/ports/GCC/ARMCMx/chcore.c.obj
[  9%] Building C object firmware/baseband/CMakeFiles/baseband_shared.dir/__/chibios/os/ports/GCC/ARMCMx/chcore_v7m.c.obj
[  9%] Building C object firmware/baseband/CMakeFiles/baseband_shared.dir/__/chibios/os/ports/common/ARMCMx/nvic.c.obj
[  9%] Building C object firmware/baseband/CMakeFiles/baseband_shared.dir/__/chibios/os/kernel/src/chsys.c.obj
[  9%] Building C object firmware/baseband/CMakeFiles/baseband_shared.dir/__/chibios/os/kernel/src/chdebug.c.obj
[  9%] Building C object firmware/baseband/CMakeFiles/baseband_shared.dir/__/chibios/os/kernel/src/chlists.c.obj
[  9%] Building C object firmware/baseband/CMakeFiles/baseband_shared.dir/__/chibios/os/kernel/src/chvt.c.obj
[  9%] Building C object firmware/baseband/CMakeFiles/baseband_shared.dir/__/chibios/os/kernel/src/chschd.c.obj
[  9%] Building C object firmware/baseband/CMakeFiles/baseband_shared.dir/__/chibios/os/kernel/src/chthreads.c.obj
[  9%] Building C object firmware/baseband/CMakeFiles/baseband_shared.dir/__/chibios/os/kernel/src/chdynamic.c.obj
[  9%] Building C object firmware/baseband/CMakeFiles/baseband_shared.dir/__/chibios/os/kernel/src/chregistry.c.obj
[  9%] Building C object firmware/baseband/CMakeFiles/baseband_shared.dir/__/chibios/os/kernel/src/chsem.c.obj
[  9%] Building C object firmware/baseband/CMakeFiles/baseband_shared.dir/__/chibios/os/kernel/src/chmtx.c.obj
[  9%] Building C object firmware/baseband/CMakeFiles/baseband_shared.dir/__/chibios/os/kernel/src/chcond.c.obj
[  9%] Building C object firmware/baseband/CMakeFiles/baseband_shared.dir/__/chibios/os/kernel/src/chevents.c.obj
[  9%] Building C object firmware/baseband/CMakeFiles/baseband_shared.dir/__/chibios/os/kernel/src/chmsg.c.obj
[  9%] Building C object firmware/baseband/CMakeFiles/baseband_shared.dir/__/chibios/os/kernel/src/chmboxes.c.obj
[  9%] Building C object firmware/baseband/CMakeFiles/baseband_shared.dir/__/chibios/os/kernel/src/chqueues.c.obj
[ 10%] Building C object firmware/baseband/CMakeFiles/baseband_shared.dir/__/chibios/os/kernel/src/chmemcore.c.obj
[ 10%] Building C object firmware/baseband/CMakeFiles/baseband_shared.dir/__/chibios/os/kernel/src/chheap.c.obj
[ 10%] Building C object firmware/baseband/CMakeFiles/baseband_shared.dir/__/chibios/os/kernel/src/chmempools.c.obj
[ 10%] Building C object firmware/baseband/CMakeFiles/baseband_shared.dir/__/chibios/test/test.c.obj
[ 10%] Building C object firmware/baseband/CMakeFiles/baseband_shared.dir/__/chibios/test/testthd.c.obj
[ 10%] Building C object firmware/baseband/CMakeFiles/baseband_shared.dir/__/chibios/test/testsem.c.obj
[ 10%] Building C object firmware/baseband/CMakeFiles/baseband_shared.dir/__/chibios/test/testmtx.c.obj
[ 10%] Building C object firmware/baseband/CMakeFiles/baseband_shared.dir/__/chibios/test/testmsg.c.obj
[ 10%] Building C object firmware/baseband/CMakeFiles/baseband_shared.dir/__/chibios/test/testmbox.c.obj
[ 10%] Building C object firmware/baseband/CMakeFiles/baseband_shared.dir/__/chibios/test/testevt.c.obj
[ 10%] Building C object firmware/baseband/CMakeFiles/baseband_shared.dir/__/chibios/test/testheap.c.obj
[ 10%] Building C object firmware/baseband/CMakeFiles/baseband_shared.dir/__/chibios/test/testpools.c.obj
[ 10%] Building C object firmware/baseband/CMakeFiles/baseband_shared.dir/__/chibios/test/testdyn.c.obj
[ 10%] Building C object firmware/baseband/CMakeFiles/baseband_shared.dir/__/chibios/test/testqueues.c.obj
[ 10%] Building C object firmware/baseband/CMakeFiles/baseband_shared.dir/__/chibios/test/testbmk.c.obj
[ 10%] Building C object firmware/baseband/CMakeFiles/baseband_shared.dir/__/chibios-portapack/boards/PORTAPACK_BASEBAND/board.c.obj
[ 10%] Building CXX object firmware/baseband/CMakeFiles/baseband_shared.dir/baseband.cpp.obj
[ 10%] Building CXX object firmware/baseband/CMakeFiles/baseband_shared.dir/__/common/message_queue.cpp.obj
[ 10%] Building CXX object firmware/baseband/CMakeFiles/baseband_shared.dir/__/common/event.cpp.obj
[ 10%] Building CXX object firmware/baseband/CMakeFiles/baseband_shared.dir/event_m4.cpp.obj
[ 10%] Building CXX object firmware/baseband/CMakeFiles/baseband_shared.dir/__/common/thread_wait.cpp.obj
[ 10%] Building CXX object firmware/baseband/CMakeFiles/baseband_shared.dir/__/common/gpdma.cpp.obj
[ 10%] Building CXX object firmware/baseband/CMakeFiles/baseband_shared.dir/baseband_dma.cpp.obj
[ 10%] Building CXX object firmware/baseband/CMakeFiles/baseband_shared.dir/__/common/baseband_sgpio.cpp.obj
[ 10%] Building CXX object firmware/baseband/CMakeFiles/baseband_shared.dir/__/common/portapack_shared_memory.cpp.obj
[ 10%] Building CXX object firmware/baseband/CMakeFiles/baseband_shared.dir/__/common/buffer.cpp.obj
[ 10%] Building CXX object firmware/baseband/CMakeFiles/baseband_shared.dir/baseband_thread.cpp.obj
[ 10%] Building CXX object firmware/baseband/CMakeFiles/baseband_shared.dir/baseband_processor.cpp.obj
[ 10%] Building CXX object firmware/baseband/CMakeFiles/baseband_shared.dir/baseband_stats_collector.cpp.obj
[ 11%] Building CXX object firmware/baseband/CMakeFiles/baseband_shared.dir/dsp_decimate.cpp.obj
[ 11%] Building CXX object firmware/baseband/CMakeFiles/baseband_shared.dir/dsp_demodulate.cpp.obj
[ 11%] Building CXX object firmware/baseband/CMakeFiles/baseband_shared.dir/dsp_hilbert.cpp.obj
[ 11%] Building CXX object firmware/baseband/CMakeFiles/baseband_shared.dir/dsp_modulate.cpp.obj
[ 11%] Building CXX object firmware/baseband/CMakeFiles/baseband_shared.dir/dsp_goertzel.cpp.obj
[ 11%] Building CXX object firmware/baseband/CMakeFiles/baseband_shared.dir/matched_filter.cpp.obj
[ 11%] Building CXX object firmware/baseband/CMakeFiles/baseband_shared.dir/spectrum_collector.cpp.obj
[ 11%] Building CXX object firmware/baseband/CMakeFiles/baseband_shared.dir/tv_collector.cpp.obj
[ 11%] Building CXX object firmware/baseband/CMakeFiles/baseband_shared.dir/stream_input.cpp.obj
[ 11%] Building CXX object firmware/baseband/CMakeFiles/baseband_shared.dir/stream_output.cpp.obj
[ 11%] Building CXX object firmware/baseband/CMakeFiles/baseband_shared.dir/dsp_squelch.cpp.obj
[ 11%] Building CXX object firmware/baseband/CMakeFiles/baseband_shared.dir/clock_recovery.cpp.obj
[ 11%] Building CXX object firmware/baseband/CMakeFiles/baseband_shared.dir/packet_builder.cpp.obj
[ 11%] Building CXX object firmware/baseband/CMakeFiles/baseband_shared.dir/__/common/dsp_fft.cpp.obj
[ 11%] Building CXX object firmware/baseband/CMakeFiles/baseband_shared.dir/__/common/dsp_fir_taps.cpp.obj
[ 11%] Building CXX object firmware/baseband/CMakeFiles/baseband_shared.dir/__/common/dsp_iir.cpp.obj
[ 11%] Building CXX object firmware/baseband/CMakeFiles/baseband_shared.dir/__/common/dsp_sos.cpp.obj
[ 11%] Building CXX object firmware/baseband/CMakeFiles/baseband_shared.dir/fxpt_atan2.cpp.obj
[ 11%] Building CXX object firmware/baseband/CMakeFiles/baseband_shared.dir/rssi.cpp.obj
[ 11%] Building CXX object firmware/baseband/CMakeFiles/baseband_shared.dir/rssi_dma.cpp.obj
[ 11%] Building CXX object firmware/baseband/CMakeFiles/baseband_shared.dir/rssi_thread.cpp.obj
[ 11%] Building CXX object firmware/baseband/CMakeFiles/baseband_shared.dir/audio_compressor.cpp.obj
[ 11%] Building CXX object firmware/baseband/CMakeFiles/baseband_shared.dir/audio_output.cpp.obj
[ 11%] Building CXX object firmware/baseband/CMakeFiles/baseband_shared.dir/audio_input.cpp.obj
[ 11%] Building CXX object firmware/baseband/CMakeFiles/baseband_shared.dir/audio_dma.cpp.obj
[ 11%] Building CXX object firmware/baseband/CMakeFiles/baseband_shared.dir/audio_stats_collector.cpp.obj
[ 11%] Building CXX object firmware/baseband/CMakeFiles/baseband_shared.dir/__/common/utility.cpp.obj
[ 11%] Building CXX object firmware/baseband/CMakeFiles/baseband_shared.dir/__/common/chibios_cpp.cpp.obj
[ 12%] Building CXX object firmware/baseband/CMakeFiles/baseband_shared.dir/debug.cpp.obj
[ 12%] Building CXX object firmware/baseband/CMakeFiles/baseband_shared.dir/__/common/gcc.cpp.obj
[ 12%] Building CXX object firmware/baseband/CMakeFiles/baseband_shared.dir/__/common/performance_counter.cpp.obj
[ 12%] Building CXX object firmware/baseband/CMakeFiles/baseband_shared.dir/__/common/random.cpp.obj
[ 12%] Building CXX object firmware/baseband/CMakeFiles/baseband_shared.dir/tone_gen.cpp.obj
[ 12%] Built target baseband_shared
[ 12%] Building CXX object firmware/baseband/CMakeFiles/baseband_sd_over_usb.elf.dir/sd_over_usb/proc_sd_over_usb.cpp.obj
[ 13%] Building C object firmware/baseband/CMakeFiles/baseband_sd_over_usb.elf.dir/sd_over_usb/scsi.c.obj
[ 13%] Building C object firmware/baseband/CMakeFiles/baseband_sd_over_usb.elf.dir/sd_over_usb/diskio.c.obj
[ 13%] Building C object firmware/baseband/CMakeFiles/baseband_sd_over_usb.elf.dir/sd_over_usb/sd_over_usb.c.obj
[ 13%] Building C object firmware/baseband/CMakeFiles/baseband_sd_over_usb.elf.dir/sd_over_usb/usb_descriptor.c.obj
[ 13%] Building C object firmware/baseband/CMakeFiles/baseband_sd_over_usb.elf.dir/sd_over_usb/hackrf_core.c.obj
[ 13%] Building C object firmware/baseband/CMakeFiles/baseband_sd_over_usb.elf.dir/__/__/hackrf/firmware/common/adc.c.obj
[ 13%] Building C object firmware/baseband/CMakeFiles/baseband_sd_over_usb.elf.dir/__/__/hackrf/firmware/common/selftest.c.obj
[ 13%] Building C object firmware/baseband/CMakeFiles/baseband_sd_over_usb.elf.dir/__/__/hackrf/firmware/common/usb.c.obj
[ 13%] Building C object firmware/baseband/CMakeFiles/baseband_sd_over_usb.elf.dir/__/__/hackrf/firmware/common/usb_queue.c.obj
[ 13%] Building C object firmware/baseband/CMakeFiles/baseband_sd_over_usb.elf.dir/__/__/hackrf/firmware/hackrf_usb/usb_device.c.obj
[ 13%] Building C object firmware/baseband/CMakeFiles/baseband_sd_over_usb.elf.dir/__/__/hackrf/firmware/hackrf_usb/usb_endpoint.c.obj
[ 13%] Building C object firmware/baseband/CMakeFiles/baseband_sd_over_usb.elf.dir/__/__/hackrf/firmware/common/usb_request.c.obj
[ 13%] Building C object firmware/baseband/CMakeFiles/baseband_sd_over_usb.elf.dir/__/__/hackrf/firmware/common/usb_standard_request.c.obj
[ 13%] Building C object firmware/baseband/CMakeFiles/baseband_sd_over_usb.elf.dir/__/__/hackrf/firmware/common/platform_detect.c.obj
[ 13%] Building C object firmware/baseband/CMakeFiles/baseband_sd_over_usb.elf.dir/__/__/hackrf/firmware/common/delay.c.obj
[ 13%] Building C object firmware/baseband/CMakeFiles/baseband_sd_over_usb.elf.dir/__/__/hackrf/firmware/common/platform_gpio.c.obj
[ 13%] Building C object firmware/baseband/CMakeFiles/baseband_sd_over_usb.elf.dir/__/__/hackrf/firmware/common/platform_scu.c.obj
[ 13%] Building C object firmware/baseband/CMakeFiles/baseband_sd_over_usb.elf.dir/__/__/hackrf/firmware/common/gpio_lpc.c.obj
[ 13%] Building C object firmware/baseband/CMakeFiles/baseband_sd_over_usb.elf.dir/__/__/hackrf/firmware/common/firmware_info.c.obj
[ 13%] Building C object firmware/baseband/CMakeFiles/baseband_sd_over_usb.elf.dir/__/__/hackrf/firmware/common/si5351c.c.obj
[ 13%] Building C object firmware/baseband/CMakeFiles/baseband_sd_over_usb.elf.dir/__/__/hackrf/firmware/common/i2c_bus.c.obj
[ 13%] Building C object firmware/baseband/CMakeFiles/baseband_sd_over_usb.elf.dir/__/__/hackrf/firmware/common/mixer.c.obj
[ 13%] Building C object firmware/baseband/CMakeFiles/baseband_sd_over_usb.elf.dir/__/__/hackrf/firmware/common/spi_bus.c.obj
[ 13%] Building C object firmware/baseband/CMakeFiles/baseband_sd_over_usb.elf.dir/__/__/hackrf/firmware/common/sgpio.c.obj
[ 13%] Building C object firmware/baseband/CMakeFiles/baseband_sd_over_usb.elf.dir/__/__/hackrf/firmware/common/rf_path.c.obj
[ 13%] Building C object firmware/baseband/CMakeFiles/baseband_sd_over_usb.elf.dir/__/__/hackrf/firmware/common/i2c_lpc.c.obj
[ 13%] Building C object firmware/baseband/CMakeFiles/baseband_sd_over_usb.elf.dir/__/__/hackrf/firmware/common/spi_ssp.c.obj
[ 13%] Building C object firmware/baseband/CMakeFiles/baseband_sd_over_usb.elf.dir/__/__/hackrf/firmware/common/rffc5071_spi.c.obj
[ 14%] Building C object firmware/baseband/CMakeFiles/baseband_sd_over_usb.elf.dir/__/__/hackrf/firmware/common/rffc5071.c.obj
[ 14%] Building C object firmware/baseband/CMakeFiles/baseband_sd_over_usb.elf.dir/__/__/hackrf/firmware/common/gpdma.c.obj
[ 14%] Building C object firmware/baseband/CMakeFiles/baseband_sd_over_usb.elf.dir/__/__/hackrf/firmware/libopencm3/lib/cm3/nvic.c.obj
[ 14%] Building C object firmware/baseband/CMakeFiles/baseband_sd_over_usb.elf.dir/__/__/hackrf/firmware/libopencm3/lib/cm3/sync.c.obj
[ 14%] Building C object firmware/baseband/CMakeFiles/baseband_sd_over_usb.elf.dir/__/__/hackrf/firmware/libopencm3/lib/lpc43xx/scu.c.obj
[ 14%] Building C object firmware/baseband/CMakeFiles/baseband_sd_over_usb.elf.dir/__/__/hackrf/firmware/libopencm3/lib/lpc43xx/timer.c.obj
[ 14%] Building C object firmware/baseband/CMakeFiles/baseband_sd_over_usb.elf.dir/__/__/hackrf/firmware/libopencm3/lib/lpc43xx/i2c.c.obj
[ 14%] Building C object firmware/baseband/CMakeFiles/baseband_sd_over_usb.elf.dir/__/chibios/os/hal/src/hal.c.obj
[ 14%] Building C object firmware/baseband/CMakeFiles/baseband_sd_over_usb.elf.dir/__/chibios/os/hal/src/adc.c.obj
[ 14%] Building C object firmware/baseband/CMakeFiles/baseband_sd_over_usb.elf.dir/__/chibios/os/hal/src/can.c.obj
[ 14%] Building C object firmware/baseband/CMakeFiles/baseband_sd_over_usb.elf.dir/__/chibios/os/hal/src/ext.c.obj
[ 14%] Building C object firmware/baseband/CMakeFiles/baseband_sd_over_usb.elf.dir/__/chibios/os/hal/src/gpt.c.obj
[ 14%] Building C object firmware/baseband/CMakeFiles/baseband_sd_over_usb.elf.dir/__/chibios/os/hal/src/i2c.c.obj
[ 14%] Building C object firmware/baseband/CMakeFiles/baseband_sd_over_usb.elf.dir/__/chibios/os/hal/src/icu.c.obj
[ 14%] Building C object firmware/baseband/CMakeFiles/baseband_sd_over_usb.elf.dir/__/chibios/os/hal/src/mac.c.obj
[ 14%] Building C object firmware/baseband/CMakeFiles/baseband_sd_over_usb.elf.dir/__/chibios/os/hal/src/mmc_spi.c.obj
[ 14%] Building C object firmware/baseband/CMakeFiles/baseband_sd_over_usb.elf.dir/__/chibios/os/hal/src/mmcsd.c.obj
[ 14%] Building C object firmware/baseband/CMakeFiles/baseband_sd_over_usb.elf.dir/__/chibios/os/hal/src/pal.c.obj
[ 14%] Building C object firmware/baseband/CMakeFiles/baseband_sd_over_usb.elf.dir/__/chibios/os/hal/src/pwm.c.obj
[ 14%] Building C object firmware/baseband/CMakeFiles/baseband_sd_over_usb.elf.dir/__/chibios/os/hal/src/rtc.c.obj
[ 14%] Building C object firmware/baseband/CMakeFiles/baseband_sd_over_usb.elf.dir/__/chibios/os/hal/src/sdc.c.obj
[ 14%] Building C object firmware/baseband/CMakeFiles/baseband_sd_over_usb.elf.dir/__/chibios/os/hal/src/serial.c.obj
[ 14%] Building C object firmware/baseband/CMakeFiles/baseband_sd_over_usb.elf.dir/__/chibios/os/hal/src/serial_usb.c.obj
[ 14%] Building C object firmware/baseband/CMakeFiles/baseband_sd_over_usb.elf.dir/__/chibios/os/hal/src/spi.c.obj
[ 14%] Building C object firmware/baseband/CMakeFiles/baseband_sd_over_usb.elf.dir/__/chibios/os/hal/src/tm.c.obj
[ 14%] Building C object firmware/baseband/CMakeFiles/baseband_sd_over_usb.elf.dir/__/chibios/os/hal/src/uart.c.obj
[ 14%] Building C object firmware/baseband/CMakeFiles/baseband_sd_over_usb.elf.dir/__/chibios/os/hal/src/usb.c.obj
[ 14%] Building C object firmware/baseband/CMakeFiles/baseband_sd_over_usb.elf.dir/__/chibios-portapack/os/hal/platforms/LPC43xx_M4/hal_lld.c.obj
[ 14%] Building C object firmware/baseband/CMakeFiles/baseband_sd_over_usb.elf.dir/__/chibios-portapack/os/hal/platforms/LPC43xx/gpt_lld.c.obj
[ 15%] Building C object firmware/baseband/CMakeFiles/baseband_sd_over_usb.elf.dir/__/chibios-portapack/os/hal/platforms/LPC43xx/i2c_lld.c.obj
[ 15%] Building C object firmware/baseband/CMakeFiles/baseband_sd_over_usb.elf.dir/__/chibios-portapack/os/hal/platforms/LPC43xx/pal_lld.c.obj
[ 15%] Building C object firmware/baseband/CMakeFiles/baseband_sd_over_usb.elf.dir/__/chibios-portapack/os/hal/platforms/LPC43xx/rtc_lld.c.obj
[ 15%] Building C object firmware/baseband/CMakeFiles/baseband_sd_over_usb.elf.dir/__/chibios-portapack/os/hal/platforms/LPC43xx/sdc_lld.c.obj
[ 15%] Building C object firmware/baseband/CMakeFiles/baseband_sd_over_usb.elf.dir/__/chibios-portapack/os/hal/platforms/LPC43xx/serial_lld.c.obj
[ 15%] Building C object firmware/baseband/CMakeFiles/baseband_sd_over_usb.elf.dir/__/chibios-portapack/os/hal/platforms/LPC43xx/spi_lld.c.obj
[ 15%] Building C object firmware/baseband/CMakeFiles/baseband_sd_over_usb.elf.dir/__/chibios-portapack/os/hal/platforms/LPC43xx/lpc43xx.c.obj
[ 15%] Linking CXX executable baseband_sd_over_usb.elf
Memory region         Used Size  Region Size  %age Used
           flash:       28944 B      32752 B     88.37%
             ram:       11928 B        96 KB     12.13%
         ram_usb:          0 GB        32 KB      0.00%
[ 15%] Built target baseband_sd_over_usb.elf
[ 15%] Building CXX object firmware/baseband/CMakeFiles/baseband_adsbrx.elf.dir/proc_adsbrx.cpp.obj
[ 15%] Building C object firmware/baseband/CMakeFiles/baseband_adsbrx.elf.dir/__/chibios/os/hal/src/hal.c.obj
[ 15%] Building C object firmware/baseband/CMakeFiles/baseband_adsbrx.elf.dir/__/chibios/os/hal/src/adc.c.obj
[ 15%] Building C object firmware/baseband/CMakeFiles/baseband_adsbrx.elf.dir/__/chibios/os/hal/src/can.c.obj
[ 15%] Building C object firmware/baseband/CMakeFiles/baseband_adsbrx.elf.dir/__/chibios/os/hal/src/ext.c.obj
[ 15%] Building C object firmware/baseband/CMakeFiles/baseband_adsbrx.elf.dir/__/chibios/os/hal/src/gpt.c.obj
[ 15%] Building C object firmware/baseband/CMakeFiles/baseband_adsbrx.elf.dir/__/chibios/os/hal/src/i2c.c.obj
[ 15%] Building C object firmware/baseband/CMakeFiles/baseband_adsbrx.elf.dir/__/chibios/os/hal/src/icu.c.obj
[ 15%] Building C object firmware/baseband/CMakeFiles/baseband_adsbrx.elf.dir/__/chibios/os/hal/src/mac.c.obj
[ 15%] Building C object firmware/baseband/CMakeFiles/baseband_adsbrx.elf.dir/__/chibios/os/hal/src/mmc_spi.c.obj
[ 15%] Building C object firmware/baseband/CMakeFiles/baseband_adsbrx.elf.dir/__/chibios/os/hal/src/mmcsd.c.obj
[ 15%] Building C object firmware/baseband/CMakeFiles/baseband_adsbrx.elf.dir/__/chibios/os/hal/src/pal.c.obj
[ 15%] Building C object firmware/baseband/CMakeFiles/baseband_adsbrx.elf.dir/__/chibios/os/hal/src/pwm.c.obj
[ 15%] Building C object firmware/baseband/CMakeFiles/baseband_adsbrx.elf.dir/__/chibios/os/hal/src/rtc.c.obj
[ 15%] Building C object firmware/baseband/CMakeFiles/baseband_adsbrx.elf.dir/__/chibios/os/hal/src/sdc.c.obj
[ 15%] Building C object firmware/baseband/CMakeFiles/baseband_adsbrx.elf.dir/__/chibios/os/hal/src/serial.c.obj
[ 15%] Building C object firmware/baseband/CMakeFiles/baseband_adsbrx.elf.dir/__/chibios/os/hal/src/serial_usb.c.obj
[ 15%] Building C object firmware/baseband/CMakeFiles/baseband_adsbrx.elf.dir/__/chibios/os/hal/src/spi.c.obj
[ 16%] Building C object firmware/baseband/CMakeFiles/baseband_adsbrx.elf.dir/__/chibios/os/hal/src/tm.c.obj
[ 16%] Building C object firmware/baseband/CMakeFiles/baseband_adsbrx.elf.dir/__/chibios/os/hal/src/uart.c.obj
[ 16%] Building C object firmware/baseband/CMakeFiles/baseband_adsbrx.elf.dir/__/chibios/os/hal/src/usb.c.obj
[ 16%] Building C object firmware/baseband/CMakeFiles/baseband_adsbrx.elf.dir/__/chibios-portapack/os/hal/platforms/LPC43xx_M4/hal_lld.c.obj
[ 16%] Building C object firmware/baseband/CMakeFiles/baseband_adsbrx.elf.dir/__/chibios-portapack/os/hal/platforms/LPC43xx/gpt_lld.c.obj
[ 16%] Building C object firmware/baseband/CMakeFiles/baseband_adsbrx.elf.dir/__/chibios-portapack/os/hal/platforms/LPC43xx/i2c_lld.c.obj
[ 16%] Building C object firmware/baseband/CMakeFiles/baseband_adsbrx.elf.dir/__/chibios-portapack/os/hal/platforms/LPC43xx/pal_lld.c.obj
[ 16%] Building C object firmware/baseband/CMakeFiles/baseband_adsbrx.elf.dir/__/chibios-portapack/os/hal/platforms/LPC43xx/rtc_lld.c.obj
[ 16%] Building C object firmware/baseband/CMakeFiles/baseband_adsbrx.elf.dir/__/chibios-portapack/os/hal/platforms/LPC43xx/sdc_lld.c.obj
[ 16%] Building C object firmware/baseband/CMakeFiles/baseband_adsbrx.elf.dir/__/chibios-portapack/os/hal/platforms/LPC43xx/serial_lld.c.obj
[ 16%] Building C object firmware/baseband/CMakeFiles/baseband_adsbrx.elf.dir/__/chibios-portapack/os/hal/platforms/LPC43xx/spi_lld.c.obj
[ 16%] Building C object firmware/baseband/CMakeFiles/baseband_adsbrx.elf.dir/__/chibios-portapack/os/hal/platforms/LPC43xx/lpc43xx.c.obj
[ 16%] Linking CXX executable baseband_adsbrx.elf
Memory region         Used Size  Region Size  %age Used
           flash:       10856 B      32752 B     33.15%
             ram:       11380 B        96 KB     11.58%
         ram_usb:          0 GB        32 KB      0.00%
[ 16%] Built target baseband_adsbrx.elf
[ 16%] Building CXX object firmware/baseband/CMakeFiles/baseband_afsktx.elf.dir/proc_afsk.cpp.obj
[ 16%] Building C object firmware/baseband/CMakeFiles/baseband_afsktx.elf.dir/__/chibios/os/hal/src/hal.c.obj
[ 16%] Building C object firmware/baseband/CMakeFiles/baseband_afsktx.elf.dir/__/chibios/os/hal/src/adc.c.obj
[ 16%] Building C object firmware/baseband/CMakeFiles/baseband_afsktx.elf.dir/__/chibios/os/hal/src/can.c.obj
[ 16%] Building C object firmware/baseband/CMakeFiles/baseband_afsktx.elf.dir/__/chibios/os/hal/src/ext.c.obj
[ 16%] Building C object firmware/baseband/CMakeFiles/baseband_afsktx.elf.dir/__/chibios/os/hal/src/gpt.c.obj
[ 16%] Building C object firmware/baseband/CMakeFiles/baseband_afsktx.elf.dir/__/chibios/os/hal/src/i2c.c.obj
[ 16%] Building C object firmware/baseband/CMakeFiles/baseband_afsktx.elf.dir/__/chibios/os/hal/src/icu.c.obj
[ 16%] Building C object firmware/baseband/CMakeFiles/baseband_afsktx.elf.dir/__/chibios/os/hal/src/mac.c.obj
[ 16%] Building C object firmware/baseband/CMakeFiles/baseband_afsktx.elf.dir/__/chibios/os/hal/src/mmc_spi.c.obj
[ 17%] Building C object firmware/baseband/CMakeFiles/baseband_afsktx.elf.dir/__/chibios/os/hal/src/mmcsd.c.obj
[ 17%] Building C object firmware/baseband/CMakeFiles/baseband_afsktx.elf.dir/__/chibios/os/hal/src/pal.c.obj
[ 17%] Building C object firmware/baseband/CMakeFiles/baseband_afsktx.elf.dir/__/chibios/os/hal/src/pwm.c.obj
[ 17%] Building C object firmware/baseband/CMakeFiles/baseband_afsktx.elf.dir/__/chibios/os/hal/src/rtc.c.obj
[ 17%] Building C object firmware/baseband/CMakeFiles/baseband_afsktx.elf.dir/__/chibios/os/hal/src/sdc.c.obj
[ 17%] Building C object firmware/baseband/CMakeFiles/baseband_afsktx.elf.dir/__/chibios/os/hal/src/serial.c.obj
[ 17%] Building C object firmware/baseband/CMakeFiles/baseband_afsktx.elf.dir/__/chibios/os/hal/src/serial_usb.c.obj
[ 17%] Building C object firmware/baseband/CMakeFiles/baseband_afsktx.elf.dir/__/chibios/os/hal/src/spi.c.obj
[ 17%] Building C object firmware/baseband/CMakeFiles/baseband_afsktx.elf.dir/__/chibios/os/hal/src/tm.c.obj
[ 17%] Building C object firmware/baseband/CMakeFiles/baseband_afsktx.elf.dir/__/chibios/os/hal/src/uart.c.obj
[ 17%] Building C object firmware/baseband/CMakeFiles/baseband_afsktx.elf.dir/__/chibios/os/hal/src/usb.c.obj
[ 17%] Building C object firmware/baseband/CMakeFiles/baseband_afsktx.elf.dir/__/chibios-portapack/os/hal/platforms/LPC43xx_M4/hal_lld.c.obj
[ 17%] Building C object firmware/baseband/CMakeFiles/baseband_afsktx.elf.dir/__/chibios-portapack/os/hal/platforms/LPC43xx/gpt_lld.c.obj
[ 17%] Building C object firmware/baseband/CMakeFiles/baseband_afsktx.elf.dir/__/chibios-portapack/os/hal/platforms/LPC43xx/i2c_lld.c.obj
[ 17%] Building C object firmware/baseband/CMakeFiles/baseband_afsktx.elf.dir/__/chibios-portapack/os/hal/platforms/LPC43xx/pal_lld.c.obj
[ 17%] Building C object firmware/baseband/CMakeFiles/baseband_afsktx.elf.dir/__/chibios-portapack/os/hal/platforms/LPC43xx/rtc_lld.c.obj
[ 17%] Building C object firmware/baseband/CMakeFiles/baseband_afsktx.elf.dir/__/chibios-portapack/os/hal/platforms/LPC43xx/sdc_lld.c.obj
[ 17%] Building C object firmware/baseband/CMakeFiles/baseband_afsktx.elf.dir/__/chibios-portapack/os/hal/platforms/LPC43xx/serial_lld.c.obj
[ 17%] Building C object firmware/baseband/CMakeFiles/baseband_afsktx.elf.dir/__/chibios-portapack/os/hal/platforms/LPC43xx/spi_lld.c.obj
[ 17%] Building C object firmware/baseband/CMakeFiles/baseband_afsktx.elf.dir/__/chibios-portapack/os/hal/platforms/LPC43xx/lpc43xx.c.obj
[ 17%] Linking CXX executable baseband_afsktx.elf
Memory region         Used Size  Region Size  %age Used
           flash:        9080 B      32752 B     27.72%
             ram:       10276 B        96 KB     10.45%
         ram_usb:          0 GB        32 KB      0.00%
[ 17%] Built target baseband_afsktx.elf
[ 18%] Building CXX object firmware/baseband/CMakeFiles/baseband_aprsrx.elf.dir/proc_aprsrx.cpp.obj
[ 18%] Building C object firmware/baseband/CMakeFiles/baseband_aprsrx.elf.dir/__/chibios/os/hal/src/hal.c.obj
[ 18%] Building C object firmware/baseband/CMakeFiles/baseband_aprsrx.elf.dir/__/chibios/os/hal/src/adc.c.obj
[ 18%] Building C object firmware/baseband/CMakeFiles/baseband_aprsrx.elf.dir/__/chibios/os/hal/src/can.c.obj
[ 18%] Building C object firmware/baseband/CMakeFiles/baseband_aprsrx.elf.dir/__/chibios/os/hal/src/ext.c.obj
[ 18%] Building C object firmware/baseband/CMakeFiles/baseband_aprsrx.elf.dir/__/chibios/os/hal/src/gpt.c.obj
[ 18%] Building C object firmware/baseband/CMakeFiles/baseband_aprsrx.elf.dir/__/chibios/os/hal/src/i2c.c.obj
[ 18%] Building C object firmware/baseband/CMakeFiles/baseband_aprsrx.elf.dir/__/chibios/os/hal/src/icu.c.obj
[ 18%] Building C object firmware/baseband/CMakeFiles/baseband_aprsrx.elf.dir/__/chibios/os/hal/src/mac.c.obj
[ 18%] Building C object firmware/baseband/CMakeFiles/baseband_aprsrx.elf.dir/__/chibios/os/hal/src/mmc_spi.c.obj
[ 18%] Building C object firmware/baseband/CMakeFiles/baseband_aprsrx.elf.dir/__/chibios/os/hal/src/mmcsd.c.obj
[ 18%] Building C object firmware/baseband/CMakeFiles/baseband_aprsrx.elf.dir/__/chibios/os/hal/src/pal.c.obj
[ 18%] Building C object firmware/baseband/CMakeFiles/baseband_aprsrx.elf.dir/__/chibios/os/hal/src/pwm.c.obj
[ 18%] Building C object firmware/baseband/CMakeFiles/baseband_aprsrx.elf.dir/__/chibios/os/hal/src/rtc.c.obj
[ 18%] Building C object firmware/baseband/CMakeFiles/baseband_aprsrx.elf.dir/__/chibios/os/hal/src/sdc.c.obj
[ 18%] Building C object firmware/baseband/CMakeFiles/baseband_aprsrx.elf.dir/__/chibios/os/hal/src/serial.c.obj
[ 18%] Building C object firmware/baseband/CMakeFiles/baseband_aprsrx.elf.dir/__/chibios/os/hal/src/serial_usb.c.obj
[ 18%] Building C object firmware/baseband/CMakeFiles/baseband_aprsrx.elf.dir/__/chibios/os/hal/src/spi.c.obj
[ 18%] Building C object firmware/baseband/CMakeFiles/baseband_aprsrx.elf.dir/__/chibios/os/hal/src/tm.c.obj
[ 18%] Building C object firmware/baseband/CMakeFiles/baseband_aprsrx.elf.dir/__/chibios/os/hal/src/uart.c.obj
[ 18%] Building C object firmware/baseband/CMakeFiles/baseband_aprsrx.elf.dir/__/chibios/os/hal/src/usb.c.obj
[ 18%] Building C object firmware/baseband/CMakeFiles/baseband_aprsrx.elf.dir/__/chibios-portapack/os/hal/platforms/LPC43xx_M4/hal_lld.c.obj
[ 18%] Building C object firmware/baseband/CMakeFiles/baseband_aprsrx.elf.dir/__/chibios-portapack/os/hal/platforms/LPC43xx/gpt_lld.c.obj
[ 18%] Building C object firmware/baseband/CMakeFiles/baseband_aprsrx.elf.dir/__/chibios-portapack/os/hal/platforms/LPC43xx/i2c_lld.c.obj
[ 18%] Building C object firmware/baseband/CMakeFiles/baseband_aprsrx.elf.dir/__/chibios-portapack/os/hal/platforms/LPC43xx/pal_lld.c.obj
[ 18%] Building C object firmware/baseband/CMakeFiles/baseband_aprsrx.elf.dir/__/chibios-portapack/os/hal/platforms/LPC43xx/rtc_lld.c.obj
[ 18%] Building C object firmware/baseband/CMakeFiles/baseband_aprsrx.elf.dir/__/chibios-portapack/os/hal/platforms/LPC43xx/sdc_lld.c.obj
[ 18%] Building C object firmware/baseband/CMakeFiles/baseband_aprsrx.elf.dir/__/chibios-portapack/os/hal/platforms/LPC43xx/serial_lld.c.obj
[ 19%] Building C object firmware/baseband/CMakeFiles/baseband_aprsrx.elf.dir/__/chibios-portapack/os/hal/platforms/LPC43xx/spi_lld.c.obj
[ 19%] Building C object firmware/baseband/CMakeFiles/baseband_aprsrx.elf.dir/__/chibios-portapack/os/hal/platforms/LPC43xx/lpc43xx.c.obj
[ 19%] Linking CXX executable baseband_aprsrx.elf
Memory region         Used Size  Region Size  %age Used
           flash:       17520 B      32752 B     53.49%
             ram:       11356 B        96 KB     11.55%
         ram_usb:          0 GB        32 KB      0.00%
[ 19%] Built target baseband_aprsrx.elf
[ 19%] Building CXX object firmware/baseband/CMakeFiles/baseband_btlerx.elf.dir/proc_btlerx.cpp.obj
[ 19%] Building C object firmware/baseband/CMakeFiles/baseband_btlerx.elf.dir/__/chibios/os/hal/src/hal.c.obj
[ 19%] Building C object firmware/baseband/CMakeFiles/baseband_btlerx.elf.dir/__/chibios/os/hal/src/adc.c.obj
[ 19%] Building C object firmware/baseband/CMakeFiles/baseband_btlerx.elf.dir/__/chibios/os/hal/src/can.c.obj
[ 19%] Building C object firmware/baseband/CMakeFiles/baseband_btlerx.elf.dir/__/chibios/os/hal/src/ext.c.obj
[ 19%] Building C object firmware/baseband/CMakeFiles/baseband_btlerx.elf.dir/__/chibios/os/hal/src/gpt.c.obj
[ 19%] Building C object firmware/baseband/CMakeFiles/baseband_btlerx.elf.dir/__/chibios/os/hal/src/i2c.c.obj
[ 19%] Building C object firmware/baseband/CMakeFiles/baseband_btlerx.elf.dir/__/chibios/os/hal/src/icu.c.obj
[ 19%] Building C object firmware/baseband/CMakeFiles/baseband_btlerx.elf.dir/__/chibios/os/hal/src/mac.c.obj
[ 19%] Building C object firmware/baseband/CMakeFiles/baseband_btlerx.elf.dir/__/chibios/os/hal/src/mmc_spi.c.obj
[ 19%] Building C object firmware/baseband/CMakeFiles/baseband_btlerx.elf.dir/__/chibios/os/hal/src/mmcsd.c.obj
[ 19%] Building C object firmware/baseband/CMakeFiles/baseband_btlerx.elf.dir/__/chibios/os/hal/src/pal.c.obj
[ 19%] Building C object firmware/baseband/CMakeFiles/baseband_btlerx.elf.dir/__/chibios/os/hal/src/pwm.c.obj
[ 19%] Building C object firmware/baseband/CMakeFiles/baseband_btlerx.elf.dir/__/chibios/os/hal/src/rtc.c.obj
[ 19%] Building C object firmware/baseband/CMakeFiles/baseband_btlerx.elf.dir/__/chibios/os/hal/src/sdc.c.obj
[ 19%] Building C object firmware/baseband/CMakeFiles/baseband_btlerx.elf.dir/__/chibios/os/hal/src/serial.c.obj
[ 19%] Building C object firmware/baseband/CMakeFiles/baseband_btlerx.elf.dir/__/chibios/os/hal/src/serial_usb.c.obj
[ 20%] Building C object firmware/baseband/CMakeFiles/baseband_btlerx.elf.dir/__/chibios/os/hal/src/spi.c.obj
[ 20%] Building C object firmware/baseband/CMakeFiles/baseband_btlerx.elf.dir/__/chibios/os/hal/src/tm.c.obj
[ 20%] Building C object firmware/baseband/CMakeFiles/baseband_btlerx.elf.dir/__/chibios/os/hal/src/uart.c.obj
[ 20%] Building C object firmware/baseband/CMakeFiles/baseband_btlerx.elf.dir/__/chibios/os/hal/src/usb.c.obj
[ 20%] Building C object firmware/baseband/CMakeFiles/baseband_btlerx.elf.dir/__/chibios-portapack/os/hal/platforms/LPC43xx_M4/hal_lld.c.obj
[ 20%] Building C object firmware/baseband/CMakeFiles/baseband_btlerx.elf.dir/__/chibios-portapack/os/hal/platforms/LPC43xx/gpt_lld.c.obj
[ 20%] Building C object firmware/baseband/CMakeFiles/baseband_btlerx.elf.dir/__/chibios-portapack/os/hal/platforms/LPC43xx/i2c_lld.c.obj
[ 20%] Building C object firmware/baseband/CMakeFiles/baseband_btlerx.elf.dir/__/chibios-portapack/os/hal/platforms/LPC43xx/pal_lld.c.obj
[ 20%] Building C object firmware/baseband/CMakeFiles/baseband_btlerx.elf.dir/__/chibios-portapack/os/hal/platforms/LPC43xx/rtc_lld.c.obj
[ 20%] Building C object firmware/baseband/CMakeFiles/baseband_btlerx.elf.dir/__/chibios-portapack/os/hal/platforms/LPC43xx/sdc_lld.c.obj
[ 20%] Building C object firmware/baseband/CMakeFiles/baseband_btlerx.elf.dir/__/chibios-portapack/os/hal/platforms/LPC43xx/serial_lld.c.obj
[ 20%] Building C object firmware/baseband/CMakeFiles/baseband_btlerx.elf.dir/__/chibios-portapack/os/hal/platforms/LPC43xx/spi_lld.c.obj
[ 20%] Building C object firmware/baseband/CMakeFiles/baseband_btlerx.elf.dir/__/chibios-portapack/os/hal/platforms/LPC43xx/lpc43xx.c.obj
[ 20%] Linking CXX executable baseband_btlerx.elf
Memory region         Used Size  Region Size  %age Used
           flash:       19672 B      32752 B     60.06%
             ram:       10872 B        96 KB     11.06%
         ram_usb:          0 GB        32 KB      0.00%
[ 20%] Built target baseband_btlerx.elf
[ 20%] Building CXX object firmware/baseband/CMakeFiles/baseband_btletx.elf.dir/proc_ble_tx.cpp.obj
[ 20%] Building C object firmware/baseband/CMakeFiles/baseband_btletx.elf.dir/__/chibios/os/hal/src/hal.c.obj
[ 20%] Building C object firmware/baseband/CMakeFiles/baseband_btletx.elf.dir/__/chibios/os/hal/src/adc.c.obj
[ 20%] Building C object firmware/baseband/CMakeFiles/baseband_btletx.elf.dir/__/chibios/os/hal/src/can.c.obj
[ 20%] Building C object firmware/baseband/CMakeFiles/baseband_btletx.elf.dir/__/chibios/os/hal/src/ext.c.obj
[ 20%] Building C object firmware/baseband/CMakeFiles/baseband_btletx.elf.dir/__/chibios/os/hal/src/gpt.c.obj
[ 20%] Building C object firmware/baseband/CMakeFiles/baseband_btletx.elf.dir/__/chibios/os/hal/src/i2c.c.obj
[ 20%] Building C object firmware/baseband/CMakeFiles/baseband_btletx.elf.dir/__/chibios/os/hal/src/icu.c.obj
[ 20%] Building C object firmware/baseband/CMakeFiles/baseband_btletx.elf.dir/__/chibios/os/hal/src/mac.c.obj
[ 20%] Building C object firmware/baseband/CMakeFiles/baseband_btletx.elf.dir/__/chibios/os/hal/src/mmc_spi.c.obj
[ 20%] Building C object firmware/baseband/CMakeFiles/baseband_btletx.elf.dir/__/chibios/os/hal/src/mmcsd.c.obj
[ 20%] Building C object firmware/baseband/CMakeFiles/baseband_btletx.elf.dir/__/chibios/os/hal/src/pal.c.obj
[ 20%] Building C object firmware/baseband/CMakeFiles/baseband_btletx.elf.dir/__/chibios/os/hal/src/pwm.c.obj
[ 20%] Building C object firmware/baseband/CMakeFiles/baseband_btletx.elf.dir/__/chibios/os/hal/src/rtc.c.obj
[ 20%] Building C object firmware/baseband/CMakeFiles/baseband_btletx.elf.dir/__/chibios/os/hal/src/sdc.c.obj
[ 21%] Building C object firmware/baseband/CMakeFiles/baseband_btletx.elf.dir/__/chibios/os/hal/src/serial.c.obj
[ 21%] Building C object firmware/baseband/CMakeFiles/baseband_btletx.elf.dir/__/chibios/os/hal/src/serial_usb.c.obj
[ 21%] Building C object firmware/baseband/CMakeFiles/baseband_btletx.elf.dir/__/chibios/os/hal/src/spi.c.obj
[ 21%] Building C object firmware/baseband/CMakeFiles/baseband_btletx.elf.dir/__/chibios/os/hal/src/tm.c.obj
[ 21%] Building C object firmware/baseband/CMakeFiles/baseband_btletx.elf.dir/__/chibios/os/hal/src/uart.c.obj
[ 21%] Building C object firmware/baseband/CMakeFiles/baseband_btletx.elf.dir/__/chibios/os/hal/src/usb.c.obj
[ 21%] Building C object firmware/baseband/CMakeFiles/baseband_btletx.elf.dir/__/chibios-portapack/os/hal/platforms/LPC43xx_M4/hal_lld.c.obj
[ 21%] Building C object firmware/baseband/CMakeFiles/baseband_btletx.elf.dir/__/chibios-portapack/os/hal/platforms/LPC43xx/gpt_lld.c.obj
[ 21%] Building C object firmware/baseband/CMakeFiles/baseband_btletx.elf.dir/__/chibios-portapack/os/hal/platforms/LPC43xx/i2c_lld.c.obj
[ 21%] Building C object firmware/baseband/CMakeFiles/baseband_btletx.elf.dir/__/chibios-portapack/os/hal/platforms/LPC43xx/pal_lld.c.obj
[ 21%] Building C object firmware/baseband/CMakeFiles/baseband_btletx.elf.dir/__/chibios-portapack/os/hal/platforms/LPC43xx/rtc_lld.c.obj
[ 21%] Building C object firmware/baseband/CMakeFiles/baseband_btletx.elf.dir/__/chibios-portapack/os/hal/platforms/LPC43xx/sdc_lld.c.obj
[ 21%] Building C object firmware/baseband/CMakeFiles/baseband_btletx.elf.dir/__/chibios-portapack/os/hal/platforms/LPC43xx/serial_lld.c.obj
[ 21%] Building C object firmware/baseband/CMakeFiles/baseband_btletx.elf.dir/__/chibios-portapack/os/hal/platforms/LPC43xx/spi_lld.c.obj
[ 21%] Building C object firmware/baseband/CMakeFiles/baseband_btletx.elf.dir/__/chibios-portapack/os/hal/platforms/LPC43xx/lpc43xx.c.obj
[ 21%] Linking CXX executable baseband_btletx.elf
Memory region         Used Size  Region Size  %age Used
           flash:       13136 B      32752 B     40.11%
             ram:       10372 B        96 KB     10.55%
         ram_usb:          0 GB        32 KB      0.00%
[ 21%] Built target baseband_btletx.elf
[ 21%] Building CXX object firmware/baseband/CMakeFiles/baseband_ais.elf.dir/proc_ais.cpp.obj
[ 21%] Building C object firmware/baseband/CMakeFiles/baseband_ais.elf.dir/__/chibios/os/hal/src/hal.c.obj
[ 21%] Building C object firmware/baseband/CMakeFiles/baseband_ais.elf.dir/__/chibios/os/hal/src/adc.c.obj
[ 21%] Building C object firmware/baseband/CMakeFiles/baseband_ais.elf.dir/__/chibios/os/hal/src/can.c.obj
[ 21%] Building C object firmware/baseband/CMakeFiles/baseband_ais.elf.dir/__/chibios/os/hal/src/ext.c.obj
[ 21%] Building C object firmware/baseband/CMakeFiles/baseband_ais.elf.dir/__/chibios/os/hal/src/gpt.c.obj
[ 21%] Building C object firmware/baseband/CMakeFiles/baseband_ais.elf.dir/__/chibios/os/hal/src/i2c.c.obj
[ 22%] Building C object firmware/baseband/CMakeFiles/baseband_ais.elf.dir/__/chibios/os/hal/src/icu.c.obj
[ 22%] Building C object firmware/baseband/CMakeFiles/baseband_ais.elf.dir/__/chibios/os/hal/src/mac.c.obj
[ 22%] Building C object firmware/baseband/CMakeFiles/baseband_ais.elf.dir/__/chibios/os/hal/src/mmc_spi.c.obj
[ 22%] Building C object firmware/baseband/CMakeFiles/baseband_ais.elf.dir/__/chibios/os/hal/src/mmcsd.c.obj
[ 22%] Building C object firmware/baseband/CMakeFiles/baseband_ais.elf.dir/__/chibios/os/hal/src/pal.c.obj
[ 22%] Building C object firmware/baseband/CMakeFiles/baseband_ais.elf.dir/__/chibios/os/hal/src/pwm.c.obj
[ 22%] Building C object firmware/baseband/CMakeFiles/baseband_ais.elf.dir/__/chibios/os/hal/src/rtc.c.obj
[ 22%] Building C object firmware/baseband/CMakeFiles/baseband_ais.elf.dir/__/chibios/os/hal/src/sdc.c.obj
[ 22%] Building C object firmware/baseband/CMakeFiles/baseband_ais.elf.dir/__/chibios/os/hal/src/serial.c.obj
[ 22%] Building C object firmware/baseband/CMakeFiles/baseband_ais.elf.dir/__/chibios/os/hal/src/serial_usb.c.obj
[ 22%] Building C object firmware/baseband/CMakeFiles/baseband_ais.elf.dir/__/chibios/os/hal/src/spi.c.obj
[ 22%] Building C object firmware/baseband/CMakeFiles/baseband_ais.elf.dir/__/chibios/os/hal/src/tm.c.obj
[ 22%] Building C object firmware/baseband/CMakeFiles/baseband_ais.elf.dir/__/chibios/os/hal/src/uart.c.obj
[ 22%] Building C object firmware/baseband/CMakeFiles/baseband_ais.elf.dir/__/chibios/os/hal/src/usb.c.obj
[ 22%] Building C object firmware/baseband/CMakeFiles/baseband_ais.elf.dir/__/chibios-portapack/os/hal/platforms/LPC43xx_M4/hal_lld.c.obj
[ 22%] Building C object firmware/baseband/CMakeFiles/baseband_ais.elf.dir/__/chibios-portapack/os/hal/platforms/LPC43xx/gpt_lld.c.obj
[ 22%] Building C object firmware/baseband/CMakeFiles/baseband_ais.elf.dir/__/chibios-portapack/os/hal/platforms/LPC43xx/i2c_lld.c.obj
[ 22%] Building C object firmware/baseband/CMakeFiles/baseband_ais.elf.dir/__/chibios-portapack/os/hal/platforms/LPC43xx/pal_lld.c.obj
[ 22%] Building C object firmware/baseband/CMakeFiles/baseband_ais.elf.dir/__/chibios-portapack/os/hal/platforms/LPC43xx/rtc_lld.c.obj
[ 22%] Building C object firmware/baseband/CMakeFiles/baseband_ais.elf.dir/__/chibios-portapack/os/hal/platforms/LPC43xx/sdc_lld.c.obj
[ 22%] Building C object firmware/baseband/CMakeFiles/baseband_ais.elf.dir/__/chibios-portapack/os/hal/platforms/LPC43xx/serial_lld.c.obj
[ 22%] Building C object firmware/baseband/CMakeFiles/baseband_ais.elf.dir/__/chibios-portapack/os/hal/platforms/LPC43xx/spi_lld.c.obj
[ 22%] Building C object firmware/baseband/CMakeFiles/baseband_ais.elf.dir/__/chibios-portapack/os/hal/platforms/LPC43xx/lpc43xx.c.obj
[ 22%] Linking CXX executable baseband_ais.elf
Memory region         Used Size  Region Size  %age Used
           flash:       14056 B      32752 B     42.92%
             ram:       11380 B        96 KB     11.58%
         ram_usb:          0 GB        32 KB      0.00%
[ 22%] Built target baseband_ais.elf
[ 22%] Building CXX object firmware/baseband/CMakeFiles/baseband_am_audio.elf.dir/proc_am_audio.cpp.obj
[ 22%] Building C object firmware/baseband/CMakeFiles/baseband_am_audio.elf.dir/__/chibios/os/hal/src/hal.c.obj
[ 22%] Building C object firmware/baseband/CMakeFiles/baseband_am_audio.elf.dir/__/chibios/os/hal/src/adc.c.obj
[ 22%] Building C object firmware/baseband/CMakeFiles/baseband_am_audio.elf.dir/__/chibios/os/hal/src/can.c.obj
[ 22%] Building C object firmware/baseband/CMakeFiles/baseband_am_audio.elf.dir/__/chibios/os/hal/src/ext.c.obj
[ 23%] Building C object firmware/baseband/CMakeFiles/baseband_am_audio.elf.dir/__/chibios/os/hal/src/gpt.c.obj
[ 23%] Building C object firmware/baseband/CMakeFiles/baseband_am_audio.elf.dir/__/chibios/os/hal/src/i2c.c.obj
[ 23%] Building C object firmware/baseband/CMakeFiles/baseband_am_audio.elf.dir/__/chibios/os/hal/src/icu.c.obj
[ 23%] Building C object firmware/baseband/CMakeFiles/baseband_am_audio.elf.dir/__/chibios/os/hal/src/mac.c.obj
[ 23%] Building C object firmware/baseband/CMakeFiles/baseband_am_audio.elf.dir/__/chibios/os/hal/src/mmc_spi.c.obj
[ 23%] Building C object firmware/baseband/CMakeFiles/baseband_am_audio.elf.dir/__/chibios/os/hal/src/mmcsd.c.obj
[ 23%] Building C object firmware/baseband/CMakeFiles/baseband_am_audio.elf.dir/__/chibios/os/hal/src/pal.c.obj
[ 23%] Building C object firmware/baseband/CMakeFiles/baseband_am_audio.elf.dir/__/chibios/os/hal/src/pwm.c.obj
[ 23%] Building C object firmware/baseband/CMakeFiles/baseband_am_audio.elf.dir/__/chibios/os/hal/src/rtc.c.obj
[ 23%] Building C object firmware/baseband/CMakeFiles/baseband_am_audio.elf.dir/__/chibios/os/hal/src/sdc.c.obj
[ 23%] Building C object firmware/baseband/CMakeFiles/baseband_am_audio.elf.dir/__/chibios/os/hal/src/serial.c.obj
[ 23%] Building C object firmware/baseband/CMakeFiles/baseband_am_audio.elf.dir/__/chibios/os/hal/src/serial_usb.c.obj
[ 23%] Building C object firmware/baseband/CMakeFiles/baseband_am_audio.elf.dir/__/chibios/os/hal/src/spi.c.obj
[ 23%] Building C object firmware/baseband/CMakeFiles/baseband_am_audio.elf.dir/__/chibios/os/hal/src/tm.c.obj
[ 23%] Building C object firmware/baseband/CMakeFiles/baseband_am_audio.elf.dir/__/chibios/os/hal/src/uart.c.obj
[ 23%] Building C object firmware/baseband/CMakeFiles/baseband_am_audio.elf.dir/__/chibios/os/hal/src/usb.c.obj
[ 23%] Building C object firmware/baseband/CMakeFiles/baseband_am_audio.elf.dir/__/chibios-portapack/os/hal/platforms/LPC43xx_M4/hal_lld.c.obj
[ 23%] Building C object firmware/baseband/CMakeFiles/baseband_am_audio.elf.dir/__/chibios-portapack/os/hal/platforms/LPC43xx/gpt_lld.c.obj
[ 23%] Building C object firmware/baseband/CMakeFiles/baseband_am_audio.elf.dir/__/chibios-portapack/os/hal/platforms/LPC43xx/i2c_lld.c.obj
[ 23%] Building C object firmware/baseband/CMakeFiles/baseband_am_audio.elf.dir/__/chibios-portapack/os/hal/platforms/LPC43xx/pal_lld.c.obj
[ 23%] Building C object firmware/baseband/CMakeFiles/baseband_am_audio.elf.dir/__/chibios-portapack/os/hal/platforms/LPC43xx/rtc_lld.c.obj
[ 23%] Building C object firmware/baseband/CMakeFiles/baseband_am_audio.elf.dir/__/chibios-portapack/os/hal/platforms/LPC43xx/sdc_lld.c.obj
[ 23%] Building C object firmware/baseband/CMakeFiles/baseband_am_audio.elf.dir/__/chibios-portapack/os/hal/platforms/LPC43xx/serial_lld.c.obj
[ 23%] Building C object firmware/baseband/CMakeFiles/baseband_am_audio.elf.dir/__/chibios-portapack/os/hal/platforms/LPC43xx/spi_lld.c.obj
[ 23%] Building C object firmware/baseband/CMakeFiles/baseband_am_audio.elf.dir/__/chibios-portapack/os/hal/platforms/LPC43xx/lpc43xx.c.obj
[ 23%] Linking CXX executable baseband_am_audio.elf
Memory region         Used Size  Region Size  %age Used
           flash:       18088 B      32752 B     55.23%
             ram:       11356 B        96 KB     11.55%
         ram_usb:          0 GB        32 KB      0.00%
[ 23%] Built target baseband_am_audio.elf
[ 23%] Building CXX object firmware/baseband/CMakeFiles/baseband_capture.elf.dir/proc_capture.cpp.obj
[ 23%] Building C object firmware/baseband/CMakeFiles/baseband_capture.elf.dir/__/chibios/os/hal/src/hal.c.obj
[ 23%] Building C object firmware/baseband/CMakeFiles/baseband_capture.elf.dir/__/chibios/os/hal/src/adc.c.obj
[ 23%] Building C object firmware/baseband/CMakeFiles/baseband_capture.elf.dir/__/chibios/os/hal/src/can.c.obj
[ 23%] Building C object firmware/baseband/CMakeFiles/baseband_capture.elf.dir/__/chibios/os/hal/src/ext.c.obj
[ 23%] Building C object firmware/baseband/CMakeFiles/baseband_capture.elf.dir/__/chibios/os/hal/src/gpt.c.obj
[ 23%] Building C object firmware/baseband/CMakeFiles/baseband_capture.elf.dir/__/chibios/os/hal/src/i2c.c.obj
[ 23%] Building C object firmware/baseband/CMakeFiles/baseband_capture.elf.dir/__/chibios/os/hal/src/icu.c.obj
[ 23%] Building C object firmware/baseband/CMakeFiles/baseband_capture.elf.dir/__/chibios/os/hal/src/mac.c.obj
[ 23%] Building C object firmware/baseband/CMakeFiles/baseband_capture.elf.dir/__/chibios/os/hal/src/mmc_spi.c.obj
[ 23%] Building C object firmware/baseband/CMakeFiles/baseband_capture.elf.dir/__/chibios/os/hal/src/mmcsd.c.obj
[ 23%] Building C object firmware/baseband/CMakeFiles/baseband_capture.elf.dir/__/chibios/os/hal/src/pal.c.obj
[ 24%] Building C object firmware/baseband/CMakeFiles/baseband_capture.elf.dir/__/chibios/os/hal/src/pwm.c.obj
[ 24%] Building C object firmware/baseband/CMakeFiles/baseband_capture.elf.dir/__/chibios/os/hal/src/rtc.c.obj
[ 24%] Building C object firmware/baseband/CMakeFiles/baseband_capture.elf.dir/__/chibios/os/hal/src/sdc.c.obj
[ 24%] Building C object firmware/baseband/CMakeFiles/baseband_capture.elf.dir/__/chibios/os/hal/src/serial.c.obj
[ 24%] Building C object firmware/baseband/CMakeFiles/baseband_capture.elf.dir/__/chibios/os/hal/src/serial_usb.c.obj
[ 24%] Building C object firmware/baseband/CMakeFiles/baseband_capture.elf.dir/__/chibios/os/hal/src/spi.c.obj
[ 24%] Building C object firmware/baseband/CMakeFiles/baseband_capture.elf.dir/__/chibios/os/hal/src/tm.c.obj
[ 24%] Building C object firmware/baseband/CMakeFiles/baseband_capture.elf.dir/__/chibios/os/hal/src/uart.c.obj
[ 24%] Building C object firmware/baseband/CMakeFiles/baseband_capture.elf.dir/__/chibios/os/hal/src/usb.c.obj
[ 24%] Building C object firmware/baseband/CMakeFiles/baseband_capture.elf.dir/__/chibios-portapack/os/hal/platforms/LPC43xx_M4/hal_lld.c.obj
[ 24%] Building C object firmware/baseband/CMakeFiles/baseband_capture.elf.dir/__/chibios-portapack/os/hal/platforms/LPC43xx/gpt_lld.c.obj
[ 24%] Building C object firmware/baseband/CMakeFiles/baseband_capture.elf.dir/__/chibios-portapack/os/hal/platforms/LPC43xx/i2c_lld.c.obj
[ 24%] Building C object firmware/baseband/CMakeFiles/baseband_capture.elf.dir/__/chibios-portapack/os/hal/platforms/LPC43xx/pal_lld.c.obj
[ 24%] Building C object firmware/baseband/CMakeFiles/baseband_capture.elf.dir/__/chibios-portapack/os/hal/platforms/LPC43xx/rtc_lld.c.obj
[ 24%] Building C object firmware/baseband/CMakeFiles/baseband_capture.elf.dir/__/chibios-portapack/os/hal/platforms/LPC43xx/sdc_lld.c.obj
[ 24%] Building C object firmware/baseband/CMakeFiles/baseband_capture.elf.dir/__/chibios-portapack/os/hal/platforms/LPC43xx/serial_lld.c.obj
[ 24%] Building C object firmware/baseband/CMakeFiles/baseband_capture.elf.dir/__/chibios-portapack/os/hal/platforms/LPC43xx/spi_lld.c.obj
[ 24%] Building C object firmware/baseband/CMakeFiles/baseband_capture.elf.dir/__/chibios-portapack/os/hal/platforms/LPC43xx/lpc43xx.c.obj
[ 24%] Linking CXX executable baseband_capture.elf
Memory region         Used Size  Region Size  %age Used
           flash:       18688 B      32752 B     57.06%
             ram:       11380 B        96 KB     11.58%
         ram_usb:          0 GB        32 KB      0.00%
[ 24%] Built target baseband_capture.elf
[ 24%] Building CXX object firmware/baseband/CMakeFiles/baseband_sonde.elf.dir/proc_sonde.cpp.obj
[ 24%] Building C object firmware/baseband/CMakeFiles/baseband_sonde.elf.dir/__/chibios/os/hal/src/hal.c.obj
[ 24%] Building C object firmware/baseband/CMakeFiles/baseband_sonde.elf.dir/__/chibios/os/hal/src/adc.c.obj
[ 24%] Building C object firmware/baseband/CMakeFiles/baseband_sonde.elf.dir/__/chibios/os/hal/src/can.c.obj
[ 24%] Building C object firmware/baseband/CMakeFiles/baseband_sonde.elf.dir/__/chibios/os/hal/src/ext.c.obj
[ 24%] Building C object firmware/baseband/CMakeFiles/baseband_sonde.elf.dir/__/chibios/os/hal/src/gpt.c.obj
[ 24%] Building C object firmware/baseband/CMakeFiles/baseband_sonde.elf.dir/__/chibios/os/hal/src/i2c.c.obj
[ 24%] Building C object firmware/baseband/CMakeFiles/baseband_sonde.elf.dir/__/chibios/os/hal/src/icu.c.obj
[ 24%] Building C object firmware/baseband/CMakeFiles/baseband_sonde.elf.dir/__/chibios/os/hal/src/mac.c.obj
[ 24%] Building C object firmware/baseband/CMakeFiles/baseband_sonde.elf.dir/__/chibios/os/hal/src/mmc_spi.c.obj
[ 24%] Building C object firmware/baseband/CMakeFiles/baseband_sonde.elf.dir/__/chibios/os/hal/src/mmcsd.c.obj
[ 24%] Building C object firmware/baseband/CMakeFiles/baseband_sonde.elf.dir/__/chibios/os/hal/src/pal.c.obj
[ 24%] Building C object firmware/baseband/CMakeFiles/baseband_sonde.elf.dir/__/chibios/os/hal/src/pwm.c.obj
[ 24%] Building C object firmware/baseband/CMakeFiles/baseband_sonde.elf.dir/__/chibios/os/hal/src/rtc.c.obj
[ 24%] Building C object firmware/baseband/CMakeFiles/baseband_sonde.elf.dir/__/chibios/os/hal/src/sdc.c.obj
[ 24%] Building C object firmware/baseband/CMakeFiles/baseband_sonde.elf.dir/__/chibios/os/hal/src/serial.c.obj
[ 24%] Building C object firmware/baseband/CMakeFiles/baseband_sonde.elf.dir/__/chibios/os/hal/src/serial_usb.c.obj
[ 24%] Building C object firmware/baseband/CMakeFiles/baseband_sonde.elf.dir/__/chibios/os/hal/src/spi.c.obj
[ 25%] Building C object firmware/baseband/CMakeFiles/baseband_sonde.elf.dir/__/chibios/os/hal/src/tm.c.obj
[ 25%] Building C object firmware/baseband/CMakeFiles/baseband_sonde.elf.dir/__/chibios/os/hal/src/uart.c.obj
[ 25%] Building C object firmware/baseband/CMakeFiles/baseband_sonde.elf.dir/__/chibios/os/hal/src/usb.c.obj
[ 25%] Building C object firmware/baseband/CMakeFiles/baseband_sonde.elf.dir/__/chibios-portapack/os/hal/platforms/LPC43xx_M4/hal_lld.c.obj
[ 25%] Building C object firmware/baseband/CMakeFiles/baseband_sonde.elf.dir/__/chibios-portapack/os/hal/platforms/LPC43xx/gpt_lld.c.obj
[ 25%] Building C object firmware/baseband/CMakeFiles/baseband_sonde.elf.dir/__/chibios-portapack/os/hal/platforms/LPC43xx/i2c_lld.c.obj
[ 25%] Building C object firmware/baseband/CMakeFiles/baseband_sonde.elf.dir/__/chibios-portapack/os/hal/platforms/LPC43xx/pal_lld.c.obj
[ 25%] Building C object firmware/baseband/CMakeFiles/baseband_sonde.elf.dir/__/chibios-portapack/os/hal/platforms/LPC43xx/rtc_lld.c.obj
[ 25%] Building C object firmware/baseband/CMakeFiles/baseband_sonde.elf.dir/__/chibios-portapack/os/hal/platforms/LPC43xx/sdc_lld.c.obj
[ 25%] Building C object firmware/baseband/CMakeFiles/baseband_sonde.elf.dir/__/chibios-portapack/os/hal/platforms/LPC43xx/serial_lld.c.obj
[ 25%] Building C object firmware/baseband/CMakeFiles/baseband_sonde.elf.dir/__/chibios-portapack/os/hal/platforms/LPC43xx/spi_lld.c.obj
[ 25%] Building C object firmware/baseband/CMakeFiles/baseband_sonde.elf.dir/__/chibios-portapack/os/hal/platforms/LPC43xx/lpc43xx.c.obj
[ 25%] Linking CXX executable baseband_sonde.elf
Memory region         Used Size  Region Size  %age Used
           flash:       15120 B      32752 B     46.17%
             ram:       11380 B        96 KB     11.58%
         ram_usb:          0 GB        32 KB      0.00%
[ 25%] Built target baseband_sonde.elf
[ 25%] Building CXX object firmware/baseband/CMakeFiles/baseband_fskrx.elf.dir/proc_fsk_rx.cpp.obj
[ 25%] Building C object firmware/baseband/CMakeFiles/baseband_fskrx.elf.dir/__/chibios/os/hal/src/hal.c.obj
[ 25%] Building C object firmware/baseband/CMakeFiles/baseband_fskrx.elf.dir/__/chibios/os/hal/src/adc.c.obj
[ 25%] Building C object firmware/baseband/CMakeFiles/baseband_fskrx.elf.dir/__/chibios/os/hal/src/can.c.obj
[ 25%] Building C object firmware/baseband/CMakeFiles/baseband_fskrx.elf.dir/__/chibios/os/hal/src/ext.c.obj
[ 25%] Building C object firmware/baseband/CMakeFiles/baseband_fskrx.elf.dir/__/chibios/os/hal/src/gpt.c.obj
[ 25%] Building C object firmware/baseband/CMakeFiles/baseband_fskrx.elf.dir/__/chibios/os/hal/src/i2c.c.obj
[ 25%] Building C object firmware/baseband/CMakeFiles/baseband_fskrx.elf.dir/__/chibios/os/hal/src/icu.c.obj
[ 25%] Building C object firmware/baseband/CMakeFiles/baseband_fskrx.elf.dir/__/chibios/os/hal/src/mac.c.obj
[ 25%] Building C object firmware/baseband/CMakeFiles/baseband_fskrx.elf.dir/__/chibios/os/hal/src/mmc_spi.c.obj
[ 25%] Building C object firmware/baseband/CMakeFiles/baseband_fskrx.elf.dir/__/chibios/os/hal/src/mmcsd.c.obj
[ 25%] Building C object firmware/baseband/CMakeFiles/baseband_fskrx.elf.dir/__/chibios/os/hal/src/pal.c.obj
[ 25%] Building C object firmware/baseband/CMakeFiles/baseband_fskrx.elf.dir/__/chibios/os/hal/src/pwm.c.obj
[ 25%] Building C object firmware/baseband/CMakeFiles/baseband_fskrx.elf.dir/__/chibios/os/hal/src/rtc.c.obj
[ 25%] Building C object firmware/baseband/CMakeFiles/baseband_fskrx.elf.dir/__/chibios/os/hal/src/sdc.c.obj
[ 25%] Building C object firmware/baseband/CMakeFiles/baseband_fskrx.elf.dir/__/chibios/os/hal/src/serial.c.obj
[ 25%] Building C object firmware/baseband/CMakeFiles/baseband_fskrx.elf.dir/__/chibios/os/hal/src/serial_usb.c.obj
[ 25%] Building C object firmware/baseband/CMakeFiles/baseband_fskrx.elf.dir/__/chibios/os/hal/src/spi.c.obj
[ 25%] Building C object firmware/baseband/CMakeFiles/baseband_fskrx.elf.dir/__/chibios/os/hal/src/tm.c.obj
[ 25%] Building C object firmware/baseband/CMakeFiles/baseband_fskrx.elf.dir/__/chibios/os/hal/src/uart.c.obj
[ 26%] Building C object firmware/baseband/CMakeFiles/baseband_fskrx.elf.dir/__/chibios/os/hal/src/usb.c.obj
[ 26%] Building C object firmware/baseband/CMakeFiles/baseband_fskrx.elf.dir/__/chibios-portapack/os/hal/platforms/LPC43xx_M4/hal_lld.c.obj
[ 26%] Building C object firmware/baseband/CMakeFiles/baseband_fskrx.elf.dir/__/chibios-portapack/os/hal/platforms/LPC43xx/gpt_lld.c.obj
[ 26%] Building C object firmware/baseband/CMakeFiles/baseband_fskrx.elf.dir/__/chibios-portapack/os/hal/platforms/LPC43xx/i2c_lld.c.obj
[ 26%] Building C object firmware/baseband/CMakeFiles/baseband_fskrx.elf.dir/__/chibios-portapack/os/hal/platforms/LPC43xx/pal_lld.c.obj
[ 26%] Building C object firmware/baseband/CMakeFiles/baseband_fskrx.elf.dir/__/chibios-portapack/os/hal/platforms/LPC43xx/rtc_lld.c.obj
[ 26%] Building C object firmware/baseband/CMakeFiles/baseband_fskrx.elf.dir/__/chibios-portapack/os/hal/platforms/LPC43xx/sdc_lld.c.obj
[ 26%] Building C object firmware/baseband/CMakeFiles/baseband_fskrx.elf.dir/__/chibios-portapack/os/hal/platforms/LPC43xx/serial_lld.c.obj
[ 26%] Building C object firmware/baseband/CMakeFiles/baseband_fskrx.elf.dir/__/chibios-portapack/os/hal/platforms/LPC43xx/spi_lld.c.obj
[ 26%] Building C object firmware/baseband/CMakeFiles/baseband_fskrx.elf.dir/__/chibios-portapack/os/hal/platforms/LPC43xx/lpc43xx.c.obj
[ 26%] Linking CXX executable baseband_fskrx.elf
Memory region         Used Size  Region Size  %age Used
           flash:       24488 B      32752 B     74.77%
             ram:       10872 B        96 KB     11.06%
         ram_usb:          0 GB        32 KB      0.00%
[ 26%] Built target baseband_fskrx.elf
[ 26%] Building CXX object firmware/baseband/CMakeFiles/baseband_fsktx.elf.dir/proc_fsk.cpp.obj
[ 26%] Building C object firmware/baseband/CMakeFiles/baseband_fsktx.elf.dir/__/chibios/os/hal/src/hal.c.obj
[ 26%] Building C object firmware/baseband/CMakeFiles/baseband_fsktx.elf.dir/__/chibios/os/hal/src/adc.c.obj
[ 26%] Building C object firmware/baseband/CMakeFiles/baseband_fsktx.elf.dir/__/chibios/os/hal/src/can.c.obj
[ 26%] Building C object firmware/baseband/CMakeFiles/baseband_fsktx.elf.dir/__/chibios/os/hal/src/ext.c.obj
[ 26%] Building C object firmware/baseband/CMakeFiles/baseband_fsktx.elf.dir/__/chibios/os/hal/src/gpt.c.obj
[ 26%] Building C object firmware/baseband/CMakeFiles/baseband_fsktx.elf.dir/__/chibios/os/hal/src/i2c.c.obj
[ 26%] Building C object firmware/baseband/CMakeFiles/baseband_fsktx.elf.dir/__/chibios/os/hal/src/icu.c.obj
[ 26%] Building C object firmware/baseband/CMakeFiles/baseband_fsktx.elf.dir/__/chibios/os/hal/src/mac.c.obj
[ 26%] Building C object firmware/baseband/CMakeFiles/baseband_fsktx.elf.dir/__/chibios/os/hal/src/mmc_spi.c.obj
[ 26%] Building C object firmware/baseband/CMakeFiles/baseband_fsktx.elf.dir/__/chibios/os/hal/src/mmcsd.c.obj
[ 26%] Building C object firmware/baseband/CMakeFiles/baseband_fsktx.elf.dir/__/chibios/os/hal/src/pal.c.obj
[ 26%] Building C object firmware/baseband/CMakeFiles/baseband_fsktx.elf.dir/__/chibios/os/hal/src/pwm.c.obj
[ 26%] Building C object firmware/baseband/CMakeFiles/baseband_fsktx.elf.dir/__/chibios/os/hal/src/rtc.c.obj
[ 26%] Building C object firmware/baseband/CMakeFiles/baseband_fsktx.elf.dir/__/chibios/os/hal/src/sdc.c.obj
[ 26%] Building C object firmware/baseband/CMakeFiles/baseband_fsktx.elf.dir/__/chibios/os/hal/src/serial.c.obj
[ 26%] Building C object firmware/baseband/CMakeFiles/baseband_fsktx.elf.dir/__/chibios/os/hal/src/serial_usb.c.obj
[ 27%] Building C object firmware/baseband/CMakeFiles/baseband_fsktx.elf.dir/__/chibios/os/hal/src/spi.c.obj
[ 27%] Building C object firmware/baseband/CMakeFiles/baseband_fsktx.elf.dir/__/chibios/os/hal/src/tm.c.obj
[ 27%] Building C object firmware/baseband/CMakeFiles/baseband_fsktx.elf.dir/__/chibios/os/hal/src/uart.c.obj
[ 27%] Building C object firmware/baseband/CMakeFiles/baseband_fsktx.elf.dir/__/chibios/os/hal/src/usb.c.obj
[ 27%] Building C object firmware/baseband/CMakeFiles/baseband_fsktx.elf.dir/__/chibios-portapack/os/hal/platforms/LPC43xx_M4/hal_lld.c.obj
[ 27%] Building C object firmware/baseband/CMakeFiles/baseband_fsktx.elf.dir/__/chibios-portapack/os/hal/platforms/LPC43xx/gpt_lld.c.obj
[ 27%] Building C object firmware/baseband/CMakeFiles/baseband_fsktx.elf.dir/__/chibios-portapack/os/hal/platforms/LPC43xx/i2c_lld.c.obj
[ 27%] Building C object firmware/baseband/CMakeFiles/baseband_fsktx.elf.dir/__/chibios-portapack/os/hal/platforms/LPC43xx/pal_lld.c.obj
[ 27%] Building C object firmware/baseband/CMakeFiles/baseband_fsktx.elf.dir/__/chibios-portapack/os/hal/platforms/LPC43xx/rtc_lld.c.obj
[ 27%] Building C object firmware/baseband/CMakeFiles/baseband_fsktx.elf.dir/__/chibios-portapack/os/hal/platforms/LPC43xx/sdc_lld.c.obj
[ 27%] Building C object firmware/baseband/CMakeFiles/baseband_fsktx.elf.dir/__/chibios-portapack/os/hal/platforms/LPC43xx/serial_lld.c.obj
[ 27%] Building C object firmware/baseband/CMakeFiles/baseband_fsktx.elf.dir/__/chibios-portapack/os/hal/platforms/LPC43xx/spi_lld.c.obj
[ 27%] Building C object firmware/baseband/CMakeFiles/baseband_fsktx.elf.dir/__/chibios-portapack/os/hal/platforms/LPC43xx/lpc43xx.c.obj
[ 27%] Linking CXX executable baseband_fsktx.elf
Memory region         Used Size  Region Size  %age Used
           flash:        8928 B      32752 B     27.26%
             ram:       10276 B        96 KB     10.45%
         ram_usb:          0 GB        32 KB      0.00%
[ 27%] Built target baseband_fsktx.elf
[ 27%] Building CXX object firmware/baseband/CMakeFiles/baseband_mic_tx.elf.dir/proc_mictx.cpp.obj
[ 27%] Building C object firmware/baseband/CMakeFiles/baseband_mic_tx.elf.dir/__/chibios/os/hal/src/hal.c.obj
[ 27%] Building C object firmware/baseband/CMakeFiles/baseband_mic_tx.elf.dir/__/chibios/os/hal/src/adc.c.obj
[ 27%] Building C object firmware/baseband/CMakeFiles/baseband_mic_tx.elf.dir/__/chibios/os/hal/src/can.c.obj
[ 27%] Building C object firmware/baseband/CMakeFiles/baseband_mic_tx.elf.dir/__/chibios/os/hal/src/ext.c.obj
[ 27%] Building C object firmware/baseband/CMakeFiles/baseband_mic_tx.elf.dir/__/chibios/os/hal/src/gpt.c.obj
[ 27%] Building C object firmware/baseband/CMakeFiles/baseband_mic_tx.elf.dir/__/chibios/os/hal/src/i2c.c.obj
[ 27%] Building C object firmware/baseband/CMakeFiles/baseband_mic_tx.elf.dir/__/chibios/os/hal/src/icu.c.obj
[ 27%] Building C object firmware/baseband/CMakeFiles/baseband_mic_tx.elf.dir/__/chibios/os/hal/src/mac.c.obj
[ 28%] Building C object firmware/baseband/CMakeFiles/baseband_mic_tx.elf.dir/__/chibios/os/hal/src/mmc_spi.c.obj
[ 28%] Building C object firmware/baseband/CMakeFiles/baseband_mic_tx.elf.dir/__/chibios/os/hal/src/mmcsd.c.obj
[ 28%] Building C object firmware/baseband/CMakeFiles/baseband_mic_tx.elf.dir/__/chibios/os/hal/src/pal.c.obj
[ 28%] Building C object firmware/baseband/CMakeFiles/baseband_mic_tx.elf.dir/__/chibios/os/hal/src/pwm.c.obj
[ 28%] Building C object firmware/baseband/CMakeFiles/baseband_mic_tx.elf.dir/__/chibios/os/hal/src/rtc.c.obj
[ 28%] Building C object firmware/baseband/CMakeFiles/baseband_mic_tx.elf.dir/__/chibios/os/hal/src/sdc.c.obj
[ 28%] Building C object firmware/baseband/CMakeFiles/baseband_mic_tx.elf.dir/__/chibios/os/hal/src/serial.c.obj
[ 28%] Building C object firmware/baseband/CMakeFiles/baseband_mic_tx.elf.dir/__/chibios/os/hal/src/serial_usb.c.obj
[ 28%] Building C object firmware/baseband/CMakeFiles/baseband_mic_tx.elf.dir/__/chibios/os/hal/src/spi.c.obj
[ 28%] Building C object firmware/baseband/CMakeFiles/baseband_mic_tx.elf.dir/__/chibios/os/hal/src/tm.c.obj
[ 28%] Building C object firmware/baseband/CMakeFiles/baseband_mic_tx.elf.dir/__/chibios/os/hal/src/uart.c.obj
[ 28%] Building C object firmware/baseband/CMakeFiles/baseband_mic_tx.elf.dir/__/chibios/os/hal/src/usb.c.obj
[ 28%] Building C object firmware/baseband/CMakeFiles/baseband_mic_tx.elf.dir/__/chibios-portapack/os/hal/platforms/LPC43xx_M4/hal_lld.c.obj
[ 28%] Building C object firmware/baseband/CMakeFiles/baseband_mic_tx.elf.dir/__/chibios-portapack/os/hal/platforms/LPC43xx/gpt_lld.c.obj
[ 28%] Building C object firmware/baseband/CMakeFiles/baseband_mic_tx.elf.dir/__/chibios-portapack/os/hal/platforms/LPC43xx/i2c_lld.c.obj
[ 28%] Building C object firmware/baseband/CMakeFiles/baseband_mic_tx.elf.dir/__/chibios-portapack/os/hal/platforms/LPC43xx/pal_lld.c.obj
[ 28%] Building C object firmware/baseband/CMakeFiles/baseband_mic_tx.elf.dir/__/chibios-portapack/os/hal/platforms/LPC43xx/rtc_lld.c.obj
[ 28%] Building C object firmware/baseband/CMakeFiles/baseband_mic_tx.elf.dir/__/chibios-portapack/os/hal/platforms/LPC43xx/sdc_lld.c.obj
[ 28%] Building C object firmware/baseband/CMakeFiles/baseband_mic_tx.elf.dir/__/chibios-portapack/os/hal/platforms/LPC43xx/serial_lld.c.obj
[ 28%] Building C object firmware/baseband/CMakeFiles/baseband_mic_tx.elf.dir/__/chibios-portapack/os/hal/platforms/LPC43xx/spi_lld.c.obj
[ 28%] Building C object firmware/baseband/CMakeFiles/baseband_mic_tx.elf.dir/__/chibios-portapack/os/hal/platforms/LPC43xx/lpc43xx.c.obj
[ 28%] Linking CXX executable baseband_mic_tx.elf
Memory region         Used Size  Region Size  %age Used
           flash:       13472 B      32752 B     41.13%
             ram:       10856 B        96 KB     11.04%
         ram_usb:          0 GB        32 KB      0.00%
[ 28%] Built target baseband_mic_tx.elf
[ 28%] Building CXX object firmware/baseband/CMakeFiles/baseband_nfm_audio.elf.dir/proc_nfm_audio.cpp.obj
[ 29%] Building C object firmware/baseband/CMakeFiles/baseband_nfm_audio.elf.dir/__/chibios/os/hal/src/hal.c.obj
[ 29%] Building C object firmware/baseband/CMakeFiles/baseband_nfm_audio.elf.dir/__/chibios/os/hal/src/adc.c.obj
[ 29%] Building C object firmware/baseband/CMakeFiles/baseband_nfm_audio.elf.dir/__/chibios/os/hal/src/can.c.obj
[ 29%] Building C object firmware/baseband/CMakeFiles/baseband_nfm_audio.elf.dir/__/chibios/os/hal/src/ext.c.obj
[ 29%] Building C object firmware/baseband/CMakeFiles/baseband_nfm_audio.elf.dir/__/chibios/os/hal/src/gpt.c.obj
[ 29%] Building C object firmware/baseband/CMakeFiles/baseband_nfm_audio.elf.dir/__/chibios/os/hal/src/i2c.c.obj
[ 29%] Building C object firmware/baseband/CMakeFiles/baseband_nfm_audio.elf.dir/__/chibios/os/hal/src/icu.c.obj
[ 29%] Building C object firmware/baseband/CMakeFiles/baseband_nfm_audio.elf.dir/__/chibios/os/hal/src/mac.c.obj
[ 29%] Building C object firmware/baseband/CMakeFiles/baseband_nfm_audio.elf.dir/__/chibios/os/hal/src/mmc_spi.c.obj
[ 29%] Building C object firmware/baseband/CMakeFiles/baseband_nfm_audio.elf.dir/__/chibios/os/hal/src/mmcsd.c.obj
[ 29%] Building C object firmware/baseband/CMakeFiles/baseband_nfm_audio.elf.dir/__/chibios/os/hal/src/pal.c.obj
[ 29%] Building C object firmware/baseband/CMakeFiles/baseband_nfm_audio.elf.dir/__/chibios/os/hal/src/pwm.c.obj
[ 29%] Building C object firmware/baseband/CMakeFiles/baseband_nfm_audio.elf.dir/__/chibios/os/hal/src/rtc.c.obj
[ 29%] Building C object firmware/baseband/CMakeFiles/baseband_nfm_audio.elf.dir/__/chibios/os/hal/src/sdc.c.obj
[ 29%] Building C object firmware/baseband/CMakeFiles/baseband_nfm_audio.elf.dir/__/chibios/os/hal/src/serial.c.obj
[ 29%] Building C object firmware/baseband/CMakeFiles/baseband_nfm_audio.elf.dir/__/chibios/os/hal/src/serial_usb.c.obj
[ 29%] Building C object firmware/baseband/CMakeFiles/baseband_nfm_audio.elf.dir/__/chibios/os/hal/src/spi.c.obj
[ 29%] Building C object firmware/baseband/CMakeFiles/baseband_nfm_audio.elf.dir/__/chibios/os/hal/src/tm.c.obj
[ 29%] Building C object firmware/baseband/CMakeFiles/baseband_nfm_audio.elf.dir/__/chibios/os/hal/src/uart.c.obj
[ 29%] Building C object firmware/baseband/CMakeFiles/baseband_nfm_audio.elf.dir/__/chibios/os/hal/src/usb.c.obj
[ 29%] Building C object firmware/baseband/CMakeFiles/baseband_nfm_audio.elf.dir/__/chibios-portapack/os/hal/platforms/LPC43xx_M4/hal_lld.c.obj
[ 29%] Building C object firmware/baseband/CMakeFiles/baseband_nfm_audio.elf.dir/__/chibios-portapack/os/hal/platforms/LPC43xx/gpt_lld.c.obj
[ 29%] Building C object firmware/baseband/CMakeFiles/baseband_nfm_audio.elf.dir/__/chibios-portapack/os/hal/platforms/LPC43xx/i2c_lld.c.obj
[ 29%] Building C object firmware/baseband/CMakeFiles/baseband_nfm_audio.elf.dir/__/chibios-portapack/os/hal/platforms/LPC43xx/pal_lld.c.obj
[ 29%] Building C object firmware/baseband/CMakeFiles/baseband_nfm_audio.elf.dir/__/chibios-portapack/os/hal/platforms/LPC43xx/rtc_lld.c.obj
[ 29%] Building C object firmware/baseband/CMakeFiles/baseband_nfm_audio.elf.dir/__/chibios-portapack/os/hal/platforms/LPC43xx/sdc_lld.c.obj
[ 29%] Building C object firmware/baseband/CMakeFiles/baseband_nfm_audio.elf.dir/__/chibios-portapack/os/hal/platforms/LPC43xx/serial_lld.c.obj
[ 29%] Building C object firmware/baseband/CMakeFiles/baseband_nfm_audio.elf.dir/__/chibios-portapack/os/hal/platforms/LPC43xx/spi_lld.c.obj
[ 29%] Building C object firmware/baseband/CMakeFiles/baseband_nfm_audio.elf.dir/__/chibios-portapack/os/hal/platforms/LPC43xx/lpc43xx.c.obj
[ 30%] Linking CXX executable baseband_nfm_audio.elf
Memory region         Used Size  Region Size  %age Used
           flash:       18704 B      32752 B     57.11%
             ram:       11356 B        96 KB     11.55%
         ram_usb:          0 GB        32 KB      0.00%
[ 30%] Built target baseband_nfm_audio.elf
[ 30%] Building CXX object firmware/baseband/CMakeFiles/baseband_ook.elf.dir/proc_ook.cpp.obj
[ 30%] Building C object firmware/baseband/CMakeFiles/baseband_ook.elf.dir/__/chibios/os/hal/src/hal.c.obj
[ 30%] Building C object firmware/baseband/CMakeFiles/baseband_ook.elf.dir/__/chibios/os/hal/src/adc.c.obj
[ 30%] Building C object firmware/baseband/CMakeFiles/baseband_ook.elf.dir/__/chibios/os/hal/src/can.c.obj
[ 30%] Building C object firmware/baseband/CMakeFiles/baseband_ook.elf.dir/__/chibios/os/hal/src/ext.c.obj
[ 30%] Building C object firmware/baseband/CMakeFiles/baseband_ook.elf.dir/__/chibios/os/hal/src/gpt.c.obj
[ 30%] Building C object firmware/baseband/CMakeFiles/baseband_ook.elf.dir/__/chibios/os/hal/src/i2c.c.obj
[ 30%] Building C object firmware/baseband/CMakeFiles/baseband_ook.elf.dir/__/chibios/os/hal/src/icu.c.obj
[ 30%] Building C object firmware/baseband/CMakeFiles/baseband_ook.elf.dir/__/chibios/os/hal/src/mac.c.obj
[ 30%] Building C object firmware/baseband/CMakeFiles/baseband_ook.elf.dir/__/chibios/os/hal/src/mmc_spi.c.obj
[ 30%] Building C object firmware/baseband/CMakeFiles/baseband_ook.elf.dir/__/chibios/os/hal/src/mmcsd.c.obj
[ 30%] Building C object firmware/baseband/CMakeFiles/baseband_ook.elf.dir/__/chibios/os/hal/src/pal.c.obj
[ 30%] Building C object firmware/baseband/CMakeFiles/baseband_ook.elf.dir/__/chibios/os/hal/src/pwm.c.obj
[ 30%] Building C object firmware/baseband/CMakeFiles/baseband_ook.elf.dir/__/chibios/os/hal/src/rtc.c.obj
[ 30%] Building C object firmware/baseband/CMakeFiles/baseband_ook.elf.dir/__/chibios/os/hal/src/sdc.c.obj
[ 30%] Building C object firmware/baseband/CMakeFiles/baseband_ook.elf.dir/__/chibios/os/hal/src/serial.c.obj
[ 30%] Building C object firmware/baseband/CMakeFiles/baseband_ook.elf.dir/__/chibios/os/hal/src/serial_usb.c.obj
[ 30%] Building C object firmware/baseband/CMakeFiles/baseband_ook.elf.dir/__/chibios/os/hal/src/spi.c.obj
[ 30%] Building C object firmware/baseband/CMakeFiles/baseband_ook.elf.dir/__/chibios/os/hal/src/tm.c.obj
[ 30%] Building C object firmware/baseband/CMakeFiles/baseband_ook.elf.dir/__/chibios/os/hal/src/uart.c.obj
[ 30%] Building C object firmware/baseband/CMakeFiles/baseband_ook.elf.dir/__/chibios/os/hal/src/usb.c.obj
[ 30%] Building C object firmware/baseband/CMakeFiles/baseband_ook.elf.dir/__/chibios-portapack/os/hal/platforms/LPC43xx_M4/hal_lld.c.obj
[ 31%] Building C object firmware/baseband/CMakeFiles/baseband_ook.elf.dir/__/chibios-portapack/os/hal/platforms/LPC43xx/gpt_lld.c.obj
[ 31%] Building C object firmware/baseband/CMakeFiles/baseband_ook.elf.dir/__/chibios-portapack/os/hal/platforms/LPC43xx/i2c_lld.c.obj
[ 31%] Building C object firmware/baseband/CMakeFiles/baseband_ook.elf.dir/__/chibios-portapack/os/hal/platforms/LPC43xx/pal_lld.c.obj
[ 31%] Building C object firmware/baseband/CMakeFiles/baseband_ook.elf.dir/__/chibios-portapack/os/hal/platforms/LPC43xx/rtc_lld.c.obj
[ 31%] Building C object firmware/baseband/CMakeFiles/baseband_ook.elf.dir/__/chibios-portapack/os/hal/platforms/LPC43xx/sdc_lld.c.obj
[ 31%] Building C object firmware/baseband/CMakeFiles/baseband_ook.elf.dir/__/chibios-portapack/os/hal/platforms/LPC43xx/serial_lld.c.obj
[ 31%] Building C object firmware/baseband/CMakeFiles/baseband_ook.elf.dir/__/chibios-portapack/os/hal/platforms/LPC43xx/spi_lld.c.obj
[ 31%] Building C object firmware/baseband/CMakeFiles/baseband_ook.elf.dir/__/chibios-portapack/os/hal/platforms/LPC43xx/lpc43xx.c.obj
[ 31%] Linking CXX executable baseband_ook.elf
Memory region         Used Size  Region Size  %age Used
           flash:        9776 B      32752 B     29.85%
             ram:       10276 B        96 KB     10.45%
         ram_usb:          0 GB        32 KB      0.00%
[ 31%] Built target baseband_ook.elf
[ 31%] Building CXX object firmware/baseband/CMakeFiles/baseband_pocsag2.elf.dir/proc_pocsag2.cpp.obj
[ 31%] Building C object firmware/baseband/CMakeFiles/baseband_pocsag2.elf.dir/__/chibios/os/hal/src/hal.c.obj
[ 31%] Building C object firmware/baseband/CMakeFiles/baseband_pocsag2.elf.dir/__/chibios/os/hal/src/adc.c.obj
[ 31%] Building C object firmware/baseband/CMakeFiles/baseband_pocsag2.elf.dir/__/chibios/os/hal/src/can.c.obj
[ 31%] Building C object firmware/baseband/CMakeFiles/baseband_pocsag2.elf.dir/__/chibios/os/hal/src/ext.c.obj
[ 31%] Building C object firmware/baseband/CMakeFiles/baseband_pocsag2.elf.dir/__/chibios/os/hal/src/gpt.c.obj
[ 31%] Building C object firmware/baseband/CMakeFiles/baseband_pocsag2.elf.dir/__/chibios/os/hal/src/i2c.c.obj
[ 31%] Building C object firmware/baseband/CMakeFiles/baseband_pocsag2.elf.dir/__/chibios/os/hal/src/icu.c.obj
[ 31%] Building C object firmware/baseband/CMakeFiles/baseband_pocsag2.elf.dir/__/chibios/os/hal/src/mac.c.obj
[ 31%] Building C object firmware/baseband/CMakeFiles/baseband_pocsag2.elf.dir/__/chibios/os/hal/src/mmc_spi.c.obj
[ 31%] Building C object firmware/baseband/CMakeFiles/baseband_pocsag2.elf.dir/__/chibios/os/hal/src/mmcsd.c.obj
[ 31%] Building C object firmware/baseband/CMakeFiles/baseband_pocsag2.elf.dir/__/chibios/os/hal/src/pal.c.obj
[ 31%] Building C object firmware/baseband/CMakeFiles/baseband_pocsag2.elf.dir/__/chibios/os/hal/src/pwm.c.obj
[ 31%] Building C object firmware/baseband/CMakeFiles/baseband_pocsag2.elf.dir/__/chibios/os/hal/src/rtc.c.obj
[ 31%] Building C object firmware/baseband/CMakeFiles/baseband_pocsag2.elf.dir/__/chibios/os/hal/src/sdc.c.obj
[ 31%] Building C object firmware/baseband/CMakeFiles/baseband_pocsag2.elf.dir/__/chibios/os/hal/src/serial.c.obj
[ 31%] Building C object firmware/baseband/CMakeFiles/baseband_pocsag2.elf.dir/__/chibios/os/hal/src/serial_usb.c.obj
[ 32%] Building C object firmware/baseband/CMakeFiles/baseband_pocsag2.elf.dir/__/chibios/os/hal/src/spi.c.obj
[ 32%] Building C object firmware/baseband/CMakeFiles/baseband_pocsag2.elf.dir/__/chibios/os/hal/src/tm.c.obj
[ 32%] Building C object firmware/baseband/CMakeFiles/baseband_pocsag2.elf.dir/__/chibios/os/hal/src/uart.c.obj
[ 32%] Building C object firmware/baseband/CMakeFiles/baseband_pocsag2.elf.dir/__/chibios/os/hal/src/usb.c.obj
[ 32%] Building C object firmware/baseband/CMakeFiles/baseband_pocsag2.elf.dir/__/chibios-portapack/os/hal/platforms/LPC43xx_M4/hal_lld.c.obj
[ 32%] Building C object firmware/baseband/CMakeFiles/baseband_pocsag2.elf.dir/__/chibios-portapack/os/hal/platforms/LPC43xx/gpt_lld.c.obj
[ 32%] Building C object firmware/baseband/CMakeFiles/baseband_pocsag2.elf.dir/__/chibios-portapack/os/hal/platforms/LPC43xx/i2c_lld.c.obj
[ 32%] Building C object firmware/baseband/CMakeFiles/baseband_pocsag2.elf.dir/__/chibios-portapack/os/hal/platforms/LPC43xx/pal_lld.c.obj
[ 32%] Building C object firmware/baseband/CMakeFiles/baseband_pocsag2.elf.dir/__/chibios-portapack/os/hal/platforms/LPC43xx/rtc_lld.c.obj
[ 32%] Building C object firmware/baseband/CMakeFiles/baseband_pocsag2.elf.dir/__/chibios-portapack/os/hal/platforms/LPC43xx/sdc_lld.c.obj
[ 32%] Building C object firmware/baseband/CMakeFiles/baseband_pocsag2.elf.dir/__/chibios-portapack/os/hal/platforms/LPC43xx/serial_lld.c.obj
[ 32%] Building C object firmware/baseband/CMakeFiles/baseband_pocsag2.elf.dir/__/chibios-portapack/os/hal/platforms/LPC43xx/spi_lld.c.obj
[ 32%] Building C object firmware/baseband/CMakeFiles/baseband_pocsag2.elf.dir/__/chibios-portapack/os/hal/platforms/LPC43xx/lpc43xx.c.obj
[ 32%] Linking CXX executable baseband_pocsag2.elf
Memory region         Used Size  Region Size  %age Used
           flash:       18736 B      32752 B     57.21%
             ram:       11380 B        96 KB     11.58%
         ram_usb:          0 GB        32 KB      0.00%
[ 32%] Built target baseband_pocsag2.elf
[ 32%] Building CXX object firmware/baseband/CMakeFiles/baseband_rds.elf.dir/proc_rds.cpp.obj
[ 32%] Building C object firmware/baseband/CMakeFiles/baseband_rds.elf.dir/__/chibios/os/hal/src/hal.c.obj
[ 32%] Building C object firmware/baseband/CMakeFiles/baseband_rds.elf.dir/__/chibios/os/hal/src/adc.c.obj
[ 32%] Building C object firmware/baseband/CMakeFiles/baseband_rds.elf.dir/__/chibios/os/hal/src/can.c.obj
[ 32%] Building C object firmware/baseband/CMakeFiles/baseband_rds.elf.dir/__/chibios/os/hal/src/ext.c.obj
[ 32%] Building C object firmware/baseband/CMakeFiles/baseband_rds.elf.dir/__/chibios/os/hal/src/gpt.c.obj
[ 32%] Building C object firmware/baseband/CMakeFiles/baseband_rds.elf.dir/__/chibios/os/hal/src/i2c.c.obj
[ 32%] Building C object firmware/baseband/CMakeFiles/baseband_rds.elf.dir/__/chibios/os/hal/src/icu.c.obj
[ 32%] Building C object firmware/baseband/CMakeFiles/baseband_rds.elf.dir/__/chibios/os/hal/src/mac.c.obj
[ 32%] Building C object firmware/baseband/CMakeFiles/baseband_rds.elf.dir/__/chibios/os/hal/src/mmc_spi.c.obj
[ 32%] Building C object firmware/baseband/CMakeFiles/baseband_rds.elf.dir/__/chibios/os/hal/src/mmcsd.c.obj
[ 32%] Building C object firmware/baseband/CMakeFiles/baseband_rds.elf.dir/__/chibios/os/hal/src/pal.c.obj
[ 34%] Building C object firmware/baseband/CMakeFiles/baseband_rds.elf.dir/__/chibios/os/hal/src/pwm.c.obj
[ 34%] Building C object firmware/baseband/CMakeFiles/baseband_rds.elf.dir/__/chibios/os/hal/src/rtc.c.obj
[ 34%] Building C object firmware/baseband/CMakeFiles/baseband_rds.elf.dir/__/chibios/os/hal/src/sdc.c.obj
[ 34%] Building C object firmware/baseband/CMakeFiles/baseband_rds.elf.dir/__/chibios/os/hal/src/serial.c.obj
[ 34%] Building C object firmware/baseband/CMakeFiles/baseband_rds.elf.dir/__/chibios/os/hal/src/serial_usb.c.obj
[ 34%] Building C object firmware/baseband/CMakeFiles/baseband_rds.elf.dir/__/chibios/os/hal/src/spi.c.obj
[ 34%] Building C object firmware/baseband/CMakeFiles/baseband_rds.elf.dir/__/chibios/os/hal/src/tm.c.obj
[ 34%] Building C object firmware/baseband/CMakeFiles/baseband_rds.elf.dir/__/chibios/os/hal/src/uart.c.obj
[ 34%] Building C object firmware/baseband/CMakeFiles/baseband_rds.elf.dir/__/chibios/os/hal/src/usb.c.obj
[ 34%] Building C object firmware/baseband/CMakeFiles/baseband_rds.elf.dir/__/chibios-portapack/os/hal/platforms/LPC43xx_M4/hal_lld.c.obj
[ 34%] Building C object firmware/baseband/CMakeFiles/baseband_rds.elf.dir/__/chibios-portapack/os/hal/platforms/LPC43xx/gpt_lld.c.obj
[ 34%] Building C object firmware/baseband/CMakeFiles/baseband_rds.elf.dir/__/chibios-portapack/os/hal/platforms/LPC43xx/i2c_lld.c.obj
[ 34%] Building C object firmware/baseband/CMakeFiles/baseband_rds.elf.dir/__/chibios-portapack/os/hal/platforms/LPC43xx/pal_lld.c.obj
[ 34%] Building C object firmware/baseband/CMakeFiles/baseband_rds.elf.dir/__/chibios-portapack/os/hal/platforms/LPC43xx/rtc_lld.c.obj
[ 34%] Building C object firmware/baseband/CMakeFiles/baseband_rds.elf.dir/__/chibios-portapack/os/hal/platforms/LPC43xx/sdc_lld.c.obj
[ 34%] Building C object firmware/baseband/CMakeFiles/baseband_rds.elf.dir/__/chibios-portapack/os/hal/platforms/LPC43xx/serial_lld.c.obj
[ 34%] Building C object firmware/baseband/CMakeFiles/baseband_rds.elf.dir/__/chibios-portapack/os/hal/platforms/LPC43xx/spi_lld.c.obj
[ 34%] Building C object firmware/baseband/CMakeFiles/baseband_rds.elf.dir/__/chibios-portapack/os/hal/platforms/LPC43xx/lpc43xx.c.obj
[ 34%] Linking CXX executable baseband_rds.elf
Memory region         Used Size  Region Size  %age Used
           flash:       11136 B      32752 B     34.00%
             ram:       10276 B        96 KB     10.45%
         ram_usb:          0 GB        32 KB      0.00%
[ 34%] Built target baseband_rds.elf
[ 34%] Building CXX object firmware/baseband/CMakeFiles/baseband_replay.elf.dir/proc_replay.cpp.obj
[ 34%] Building C object firmware/baseband/CMakeFiles/baseband_replay.elf.dir/__/chibios/os/hal/src/hal.c.obj
[ 34%] Building C object firmware/baseband/CMakeFiles/baseband_replay.elf.dir/__/chibios/os/hal/src/adc.c.obj
[ 34%] Building C object firmware/baseband/CMakeFiles/baseband_replay.elf.dir/__/chibios/os/hal/src/can.c.obj
[ 34%] Building C object firmware/baseband/CMakeFiles/baseband_replay.elf.dir/__/chibios/os/hal/src/ext.c.obj
[ 34%] Building C object firmware/baseband/CMakeFiles/baseband_replay.elf.dir/__/chibios/os/hal/src/gpt.c.obj
[ 34%] Building C object firmware/baseband/CMakeFiles/baseband_replay.elf.dir/__/chibios/os/hal/src/i2c.c.obj
[ 34%] Building C object firmware/baseband/CMakeFiles/baseband_replay.elf.dir/__/chibios/os/hal/src/icu.c.obj
[ 34%] Building C object firmware/baseband/CMakeFiles/baseband_replay.elf.dir/__/chibios/os/hal/src/mac.c.obj
[ 35%] Building C object firmware/baseband/CMakeFiles/baseband_replay.elf.dir/__/chibios/os/hal/src/mmc_spi.c.obj
[ 35%] Building C object firmware/baseband/CMakeFiles/baseband_replay.elf.dir/__/chibios/os/hal/src/mmcsd.c.obj
[ 35%] Building C object firmware/baseband/CMakeFiles/baseband_replay.elf.dir/__/chibios/os/hal/src/pal.c.obj
[ 35%] Building C object firmware/baseband/CMakeFiles/baseband_replay.elf.dir/__/chibios/os/hal/src/pwm.c.obj
[ 35%] Building C object firmware/baseband/CMakeFiles/baseband_replay.elf.dir/__/chibios/os/hal/src/rtc.c.obj
[ 35%] Building C object firmware/baseband/CMakeFiles/baseband_replay.elf.dir/__/chibios/os/hal/src/sdc.c.obj
[ 35%] Building C object firmware/baseband/CMakeFiles/baseband_replay.elf.dir/__/chibios/os/hal/src/serial.c.obj
[ 35%] Building C object firmware/baseband/CMakeFiles/baseband_replay.elf.dir/__/chibios/os/hal/src/serial_usb.c.obj
[ 35%] Building C object firmware/baseband/CMakeFiles/baseband_replay.elf.dir/__/chibios/os/hal/src/spi.c.obj
[ 35%] Building C object firmware/baseband/CMakeFiles/baseband_replay.elf.dir/__/chibios/os/hal/src/tm.c.obj
[ 35%] Building C object firmware/baseband/CMakeFiles/baseband_replay.elf.dir/__/chibios/os/hal/src/uart.c.obj
[ 35%] Building C object firmware/baseband/CMakeFiles/baseband_replay.elf.dir/__/chibios/os/hal/src/usb.c.obj
[ 35%] Building C object firmware/baseband/CMakeFiles/baseband_replay.elf.dir/__/chibios-portapack/os/hal/platforms/LPC43xx_M4/hal_lld.c.obj
[ 35%] Building C object firmware/baseband/CMakeFiles/baseband_replay.elf.dir/__/chibios-portapack/os/hal/platforms/LPC43xx/gpt_lld.c.obj
[ 35%] Building C object firmware/baseband/CMakeFiles/baseband_replay.elf.dir/__/chibios-portapack/os/hal/platforms/LPC43xx/i2c_lld.c.obj
[ 35%] Building C object firmware/baseband/CMakeFiles/baseband_replay.elf.dir/__/chibios-portapack/os/hal/platforms/LPC43xx/pal_lld.c.obj
[ 35%] Building C object firmware/baseband/CMakeFiles/baseband_replay.elf.dir/__/chibios-portapack/os/hal/platforms/LPC43xx/rtc_lld.c.obj
[ 35%] Building C object firmware/baseband/CMakeFiles/baseband_replay.elf.dir/__/chibios-portapack/os/hal/platforms/LPC43xx/sdc_lld.c.obj
[ 35%] Building C object firmware/baseband/CMakeFiles/baseband_replay.elf.dir/__/chibios-portapack/os/hal/platforms/LPC43xx/serial_lld.c.obj
[ 35%] Building C object firmware/baseband/CMakeFiles/baseband_replay.elf.dir/__/chibios-portapack/os/hal/platforms/LPC43xx/spi_lld.c.obj
[ 35%] Building C object firmware/baseband/CMakeFiles/baseband_replay.elf.dir/__/chibios-portapack/os/hal/platforms/LPC43xx/lpc43xx.c.obj
[ 35%] Linking CXX executable baseband_replay.elf
Memory region         Used Size  Region Size  %age Used
           flash:       11048 B      32752 B     33.73%
             ram:       10276 B        96 KB     10.45%
         ram_usb:          0 GB        32 KB      0.00%
[ 35%] Built target baseband_replay.elf
[ 35%] Building CXX object firmware/baseband/CMakeFiles/baseband_wideband_spectrum.elf.dir/proc_wideband_spectrum.cpp.obj
[ 35%] Building C object firmware/baseband/CMakeFiles/baseband_wideband_spectrum.elf.dir/__/chibios/os/hal/src/hal.c.obj
[ 35%] Building C object firmware/baseband/CMakeFiles/baseband_wideband_spectrum.elf.dir/__/chibios/os/hal/src/adc.c.obj
[ 35%] Building C object firmware/baseband/CMakeFiles/baseband_wideband_spectrum.elf.dir/__/chibios/os/hal/src/can.c.obj
[ 35%] Building C object firmware/baseband/CMakeFiles/baseband_wideband_spectrum.elf.dir/__/chibios/os/hal/src/ext.c.obj
[ 35%] Building C object firmware/baseband/CMakeFiles/baseband_wideband_spectrum.elf.dir/__/chibios/os/hal/src/gpt.c.obj
[ 35%] Building C object firmware/baseband/CMakeFiles/baseband_wideband_spectrum.elf.dir/__/chibios/os/hal/src/i2c.c.obj
[ 35%] Building C object firmware/baseband/CMakeFiles/baseband_wideband_spectrum.elf.dir/__/chibios/os/hal/src/icu.c.obj
[ 35%] Building C object firmware/baseband/CMakeFiles/baseband_wideband_spectrum.elf.dir/__/chibios/os/hal/src/mac.c.obj
[ 35%] Building C object firmware/baseband/CMakeFiles/baseband_wideband_spectrum.elf.dir/__/chibios/os/hal/src/mmc_spi.c.obj
[ 35%] Building C object firmware/baseband/CMakeFiles/baseband_wideband_spectrum.elf.dir/__/chibios/os/hal/src/mmcsd.c.obj
[ 35%] Building C object firmware/baseband/CMakeFiles/baseband_wideband_spectrum.elf.dir/__/chibios/os/hal/src/pal.c.obj
[ 35%] Building C object firmware/baseband/CMakeFiles/baseband_wideband_spectrum.elf.dir/__/chibios/os/hal/src/pwm.c.obj
[ 35%] Building C object firmware/baseband/CMakeFiles/baseband_wideband_spectrum.elf.dir/__/chibios/os/hal/src/rtc.c.obj
[ 35%] Building C object firmware/baseband/CMakeFiles/baseband_wideband_spectrum.elf.dir/__/chibios/os/hal/src/sdc.c.obj
[ 35%] Building C object firmware/baseband/CMakeFiles/baseband_wideband_spectrum.elf.dir/__/chibios/os/hal/src/serial.c.obj
[ 35%] Building C object firmware/baseband/CMakeFiles/baseband_wideband_spectrum.elf.dir/__/chibios/os/hal/src/serial_usb.c.obj
[ 35%] Building C object firmware/baseband/CMakeFiles/baseband_wideband_spectrum.elf.dir/__/chibios/os/hal/src/spi.c.obj
[ 35%] Building C object firmware/baseband/CMakeFiles/baseband_wideband_spectrum.elf.dir/__/chibios/os/hal/src/tm.c.obj
[ 35%] Building C object firmware/baseband/CMakeFiles/baseband_wideband_spectrum.elf.dir/__/chibios/os/hal/src/uart.c.obj
[ 35%] Building C object firmware/baseband/CMakeFiles/baseband_wideband_spectrum.elf.dir/__/chibios/os/hal/src/usb.c.obj
[ 35%] Building C object firmware/baseband/CMakeFiles/baseband_wideband_spectrum.elf.dir/__/chibios-portapack/os/hal/platforms/LPC43xx_M4/hal_lld.c.obj
[ 35%] Building C object firmware/baseband/CMakeFiles/baseband_wideband_spectrum.elf.dir/__/chibios-portapack/os/hal/platforms/LPC43xx/gpt_lld.c.obj
[ 35%] Building C object firmware/baseband/CMakeFiles/baseband_wideband_spectrum.elf.dir/__/chibios-portapack/os/hal/platforms/LPC43xx/i2c_lld.c.obj
[ 35%] Building C object firmware/baseband/CMakeFiles/baseband_wideband_spectrum.elf.dir/__/chibios-portapack/os/hal/platforms/LPC43xx/pal_lld.c.obj
[ 35%] Building C object firmware/baseband/CMakeFiles/baseband_wideband_spectrum.elf.dir/__/chibios-portapack/os/hal/platforms/LPC43xx/rtc_lld.c.obj
[ 36%] Building C object firmware/baseband/CMakeFiles/baseband_wideband_spectrum.elf.dir/__/chibios-portapack/os/hal/platforms/LPC43xx/sdc_lld.c.obj
[ 36%] Building C object firmware/baseband/CMakeFiles/baseband_wideband_spectrum.elf.dir/__/chibios-portapack/os/hal/platforms/LPC43xx/serial_lld.c.obj
[ 36%] Building C object firmware/baseband/CMakeFiles/baseband_wideband_spectrum.elf.dir/__/chibios-portapack/os/hal/platforms/LPC43xx/spi_lld.c.obj
[ 36%] Building C object firmware/baseband/CMakeFiles/baseband_wideband_spectrum.elf.dir/__/chibios-portapack/os/hal/platforms/LPC43xx/lpc43xx.c.obj
[ 36%] Linking CXX executable baseband_wideband_spectrum.elf
Memory region         Used Size  Region Size  %age Used
           flash:       11984 B      32752 B     36.59%
             ram:       11380 B        96 KB     11.58%
         ram_usb:          0 GB        32 KB      0.00%
[ 36%] Built target baseband_wideband_spectrum.elf
[ 36%] Building CXX object firmware/baseband/CMakeFiles/baseband_wfm_audio.elf.dir/proc_wfm_audio.cpp.obj
[ 37%] Building C object firmware/baseband/CMakeFiles/baseband_wfm_audio.elf.dir/__/chibios/os/hal/src/hal.c.obj
[ 37%] Building C object firmware/baseband/CMakeFiles/baseband_wfm_audio.elf.dir/__/chibios/os/hal/src/adc.c.obj
[ 37%] Building C object firmware/baseband/CMakeFiles/baseband_wfm_audio.elf.dir/__/chibios/os/hal/src/can.c.obj
[ 37%] Building C object firmware/baseband/CMakeFiles/baseband_wfm_audio.elf.dir/__/chibios/os/hal/src/ext.c.obj
[ 37%] Building C object firmware/baseband/CMakeFiles/baseband_wfm_audio.elf.dir/__/chibios/os/hal/src/gpt.c.obj
[ 37%] Building C object firmware/baseband/CMakeFiles/baseband_wfm_audio.elf.dir/__/chibios/os/hal/src/i2c.c.obj
[ 37%] Building C object firmware/baseband/CMakeFiles/baseband_wfm_audio.elf.dir/__/chibios/os/hal/src/icu.c.obj
[ 37%] Building C object firmware/baseband/CMakeFiles/baseband_wfm_audio.elf.dir/__/chibios/os/hal/src/mac.c.obj
[ 37%] Building C object firmware/baseband/CMakeFiles/baseband_wfm_audio.elf.dir/__/chibios/os/hal/src/mmc_spi.c.obj
[ 37%] Building C object firmware/baseband/CMakeFiles/baseband_wfm_audio.elf.dir/__/chibios/os/hal/src/mmcsd.c.obj
[ 37%] Building C object firmware/baseband/CMakeFiles/baseband_wfm_audio.elf.dir/__/chibios/os/hal/src/pal.c.obj
[ 37%] Building C object firmware/baseband/CMakeFiles/baseband_wfm_audio.elf.dir/__/chibios/os/hal/src/pwm.c.obj
[ 37%] Building C object firmware/baseband/CMakeFiles/baseband_wfm_audio.elf.dir/__/chibios/os/hal/src/rtc.c.obj
[ 37%] Building C object firmware/baseband/CMakeFiles/baseband_wfm_audio.elf.dir/__/chibios/os/hal/src/sdc.c.obj
[ 37%] Building C object firmware/baseband/CMakeFiles/baseband_wfm_audio.elf.dir/__/chibios/os/hal/src/serial.c.obj
[ 37%] Building C object firmware/baseband/CMakeFiles/baseband_wfm_audio.elf.dir/__/chibios/os/hal/src/serial_usb.c.obj
[ 37%] Building C object firmware/baseband/CMakeFiles/baseband_wfm_audio.elf.dir/__/chibios/os/hal/src/spi.c.obj
[ 37%] Building C object firmware/baseband/CMakeFiles/baseband_wfm_audio.elf.dir/__/chibios/os/hal/src/tm.c.obj
[ 37%] Building C object firmware/baseband/CMakeFiles/baseband_wfm_audio.elf.dir/__/chibios/os/hal/src/uart.c.obj
[ 37%] Building C object firmware/baseband/CMakeFiles/baseband_wfm_audio.elf.dir/__/chibios/os/hal/src/usb.c.obj
[ 37%] Building C object firmware/baseband/CMakeFiles/baseband_wfm_audio.elf.dir/__/chibios-portapack/os/hal/platforms/LPC43xx_M4/hal_lld.c.obj
[ 37%] Building C object firmware/baseband/CMakeFiles/baseband_wfm_audio.elf.dir/__/chibios-portapack/os/hal/platforms/LPC43xx/gpt_lld.c.obj
[ 37%] Building C object firmware/baseband/CMakeFiles/baseband_wfm_audio.elf.dir/__/chibios-portapack/os/hal/platforms/LPC43xx/i2c_lld.c.obj
[ 37%] Building C object firmware/baseband/CMakeFiles/baseband_wfm_audio.elf.dir/__/chibios-portapack/os/hal/platforms/LPC43xx/pal_lld.c.obj
[ 37%] Building C object firmware/baseband/CMakeFiles/baseband_wfm_audio.elf.dir/__/chibios-portapack/os/hal/platforms/LPC43xx/rtc_lld.c.obj
[ 37%] Building C object firmware/baseband/CMakeFiles/baseband_wfm_audio.elf.dir/__/chibios-portapack/os/hal/platforms/LPC43xx/sdc_lld.c.obj
[ 37%] Building C object firmware/baseband/CMakeFiles/baseband_wfm_audio.elf.dir/__/chibios-portapack/os/hal/platforms/LPC43xx/serial_lld.c.obj
[ 37%] Building C object firmware/baseband/CMakeFiles/baseband_wfm_audio.elf.dir/__/chibios-portapack/os/hal/platforms/LPC43xx/spi_lld.c.obj
[ 38%] Building C object firmware/baseband/CMakeFiles/baseband_wfm_audio.elf.dir/__/chibios-portapack/os/hal/platforms/LPC43xx/lpc43xx.c.obj
[ 38%] Linking CXX executable baseband_wfm_audio.elf
Memory region         Used Size  Region Size  %age Used
           flash:       18904 B      32752 B     57.72%
             ram:       11356 B        96 KB     11.55%
         ram_usb:          0 GB        32 KB      0.00%
[ 38%] Built target baseband_wfm_audio.elf
[ 38%] Building CXX object firmware/baseband/CMakeFiles/baseband_subghzd.elf.dir/proc_subghzd.cpp.obj
[ 38%] Building C object firmware/baseband/CMakeFiles/baseband_subghzd.elf.dir/__/chibios/os/hal/src/hal.c.obj
[ 38%] Building C object firmware/baseband/CMakeFiles/baseband_subghzd.elf.dir/__/chibios/os/hal/src/adc.c.obj
[ 38%] Building C object firmware/baseband/CMakeFiles/baseband_subghzd.elf.dir/__/chibios/os/hal/src/can.c.obj
[ 38%] Building C object firmware/baseband/CMakeFiles/baseband_subghzd.elf.dir/__/chibios/os/hal/src/ext.c.obj
[ 39%] Building C object firmware/baseband/CMakeFiles/baseband_subghzd.elf.dir/__/chibios/os/hal/src/gpt.c.obj
[ 39%] Building C object firmware/baseband/CMakeFiles/baseband_subghzd.elf.dir/__/chibios/os/hal/src/i2c.c.obj
[ 39%] Building C object firmware/baseband/CMakeFiles/baseband_subghzd.elf.dir/__/chibios/os/hal/src/icu.c.obj
[ 39%] Building C object firmware/baseband/CMakeFiles/baseband_subghzd.elf.dir/__/chibios/os/hal/src/mac.c.obj
[ 39%] Building C object firmware/baseband/CMakeFiles/baseband_subghzd.elf.dir/__/chibios/os/hal/src/mmc_spi.c.obj
[ 39%] Building C object firmware/baseband/CMakeFiles/baseband_subghzd.elf.dir/__/chibios/os/hal/src/mmcsd.c.obj
[ 39%] Building C object firmware/baseband/CMakeFiles/baseband_subghzd.elf.dir/__/chibios/os/hal/src/pal.c.obj
[ 39%] Building C object firmware/baseband/CMakeFiles/baseband_subghzd.elf.dir/__/chibios/os/hal/src/pwm.c.obj
[ 39%] Building C object firmware/baseband/CMakeFiles/baseband_subghzd.elf.dir/__/chibios/os/hal/src/rtc.c.obj
[ 39%] Building C object firmware/baseband/CMakeFiles/baseband_subghzd.elf.dir/__/chibios/os/hal/src/sdc.c.obj
[ 39%] Building C object firmware/baseband/CMakeFiles/baseband_subghzd.elf.dir/__/chibios/os/hal/src/serial.c.obj
[ 39%] Building C object firmware/baseband/CMakeFiles/baseband_subghzd.elf.dir/__/chibios/os/hal/src/serial_usb.c.obj
[ 39%] Building C object firmware/baseband/CMakeFiles/baseband_subghzd.elf.dir/__/chibios/os/hal/src/spi.c.obj
[ 39%] Building C object firmware/baseband/CMakeFiles/baseband_subghzd.elf.dir/__/chibios/os/hal/src/tm.c.obj
[ 39%] Building C object firmware/baseband/CMakeFiles/baseband_subghzd.elf.dir/__/chibios/os/hal/src/uart.c.obj
[ 39%] Building C object firmware/baseband/CMakeFiles/baseband_subghzd.elf.dir/__/chibios/os/hal/src/usb.c.obj
[ 39%] Building C object firmware/baseband/CMakeFiles/baseband_subghzd.elf.dir/__/chibios-portapack/os/hal/platforms/LPC43xx_M4/hal_lld.c.obj
[ 39%] Building C object firmware/baseband/CMakeFiles/baseband_subghzd.elf.dir/__/chibios-portapack/os/hal/platforms/LPC43xx/gpt_lld.c.obj
[ 39%] Building C object firmware/baseband/CMakeFiles/baseband_subghzd.elf.dir/__/chibios-portapack/os/hal/platforms/LPC43xx/i2c_lld.c.obj
[ 39%] Building C object firmware/baseband/CMakeFiles/baseband_subghzd.elf.dir/__/chibios-portapack/os/hal/platforms/LPC43xx/pal_lld.c.obj
[ 39%] Building C object firmware/baseband/CMakeFiles/baseband_subghzd.elf.dir/__/chibios-portapack/os/hal/platforms/LPC43xx/rtc_lld.c.obj
[ 39%] Building C object firmware/baseband/CMakeFiles/baseband_subghzd.elf.dir/__/chibios-portapack/os/hal/platforms/LPC43xx/sdc_lld.c.obj
[ 39%] Building C object firmware/baseband/CMakeFiles/baseband_subghzd.elf.dir/__/chibios-portapack/os/hal/platforms/LPC43xx/serial_lld.c.obj
[ 39%] Building C object firmware/baseband/CMakeFiles/baseband_subghzd.elf.dir/__/chibios-portapack/os/hal/platforms/LPC43xx/spi_lld.c.obj
[ 39%] Building C object firmware/baseband/CMakeFiles/baseband_subghzd.elf.dir/__/chibios-portapack/os/hal/platforms/LPC43xx/lpc43xx.c.obj
[ 39%] Linking CXX executable baseband_subghzd.elf
Memory region         Used Size  Region Size  %age Used
           flash:       28888 B      32752 B     88.20%
             ram:       10880 B        96 KB     11.07%
         ram_usb:          0 GB        32 KB      0.00%
[ 39%] Built target baseband_subghzd.elf
[ 39%] Building CXX object firmware/baseband/CMakeFiles/baseband_weather.elf.dir/proc_weather.cpp.obj
[ 39%] Building C object firmware/baseband/CMakeFiles/baseband_weather.elf.dir/__/chibios/os/hal/src/hal.c.obj
[ 39%] Building C object firmware/baseband/CMakeFiles/baseband_weather.elf.dir/__/chibios/os/hal/src/adc.c.obj
[ 39%] Building C object firmware/baseband/CMakeFiles/baseband_weather.elf.dir/__/chibios/os/hal/src/can.c.obj
[ 39%] Building C object firmware/baseband/CMakeFiles/baseband_weather.elf.dir/__/chibios/os/hal/src/ext.c.obj
[ 39%] Building C object firmware/baseband/CMakeFiles/baseband_weather.elf.dir/__/chibios/os/hal/src/gpt.c.obj
[ 40%] Building C object firmware/baseband/CMakeFiles/baseband_weather.elf.dir/__/chibios/os/hal/src/i2c.c.obj
[ 40%] Building C object firmware/baseband/CMakeFiles/baseband_weather.elf.dir/__/chibios/os/hal/src/icu.c.obj
[ 40%] Building C object firmware/baseband/CMakeFiles/baseband_weather.elf.dir/__/chibios/os/hal/src/mac.c.obj
[ 40%] Building C object firmware/baseband/CMakeFiles/baseband_weather.elf.dir/__/chibios/os/hal/src/mmc_spi.c.obj
[ 40%] Building C object firmware/baseband/CMakeFiles/baseband_weather.elf.dir/__/chibios/os/hal/src/mmcsd.c.obj
[ 40%] Building C object firmware/baseband/CMakeFiles/baseband_weather.elf.dir/__/chibios/os/hal/src/pal.c.obj
[ 40%] Building C object firmware/baseband/CMakeFiles/baseband_weather.elf.dir/__/chibios/os/hal/src/pwm.c.obj
[ 40%] Building C object firmware/baseband/CMakeFiles/baseband_weather.elf.dir/__/chibios/os/hal/src/rtc.c.obj
[ 40%] Building C object firmware/baseband/CMakeFiles/baseband_weather.elf.dir/__/chibios/os/hal/src/sdc.c.obj
[ 40%] Building C object firmware/baseband/CMakeFiles/baseband_weather.elf.dir/__/chibios/os/hal/src/serial.c.obj
[ 40%] Building C object firmware/baseband/CMakeFiles/baseband_weather.elf.dir/__/chibios/os/hal/src/serial_usb.c.obj
[ 40%] Building C object firmware/baseband/CMakeFiles/baseband_weather.elf.dir/__/chibios/os/hal/src/spi.c.obj
[ 40%] Building C object firmware/baseband/CMakeFiles/baseband_weather.elf.dir/__/chibios/os/hal/src/tm.c.obj
[ 40%] Building C object firmware/baseband/CMakeFiles/baseband_weather.elf.dir/__/chibios/os/hal/src/uart.c.obj
[ 40%] Building C object firmware/baseband/CMakeFiles/baseband_weather.elf.dir/__/chibios/os/hal/src/usb.c.obj
[ 40%] Building C object firmware/baseband/CMakeFiles/baseband_weather.elf.dir/__/chibios-portapack/os/hal/platforms/LPC43xx_M4/hal_lld.c.obj
[ 40%] Building C object firmware/baseband/CMakeFiles/baseband_weather.elf.dir/__/chibios-portapack/os/hal/platforms/LPC43xx/gpt_lld.c.obj
[ 40%] Building C object firmware/baseband/CMakeFiles/baseband_weather.elf.dir/__/chibios-portapack/os/hal/platforms/LPC43xx/i2c_lld.c.obj
[ 40%] Building C object firmware/baseband/CMakeFiles/baseband_weather.elf.dir/__/chibios-portapack/os/hal/platforms/LPC43xx/pal_lld.c.obj
[ 40%] Building C object firmware/baseband/CMakeFiles/baseband_weather.elf.dir/__/chibios-portapack/os/hal/platforms/LPC43xx/rtc_lld.c.obj
[ 40%] Building C object firmware/baseband/CMakeFiles/baseband_weather.elf.dir/__/chibios-portapack/os/hal/platforms/LPC43xx/sdc_lld.c.obj
[ 40%] Building C object firmware/baseband/CMakeFiles/baseband_weather.elf.dir/__/chibios-portapack/os/hal/platforms/LPC43xx/serial_lld.c.obj
[ 40%] Building C object firmware/baseband/CMakeFiles/baseband_weather.elf.dir/__/chibios-portapack/os/hal/platforms/LPC43xx/spi_lld.c.obj
[ 40%] Building C object firmware/baseband/CMakeFiles/baseband_weather.elf.dir/__/chibios-portapack/os/hal/platforms/LPC43xx/lpc43xx.c.obj
[ 40%] Linking CXX executable baseband_weather.elf
Memory region         Used Size  Region Size  %age Used
           flash:       30712 B      32752 B     93.77%
             ram:       11492 B        96 KB     11.69%
         ram_usb:          0 GB        32 KB      0.00%
[ 40%] Built target baseband_weather.elf
[ 40%] Building CXX object firmware/baseband/CMakeFiles/baseband_flash_utility.elf.dir/proc_flash_utility.cpp.obj
[ 40%] Building CXX object firmware/baseband/CMakeFiles/baseband_flash_utility.elf.dir/w25q80bv.cpp.obj
[ 41%] Building C object firmware/baseband/CMakeFiles/baseband_flash_utility.elf.dir/__/chibios-portapack/os/various/fatfs_bindings/fatfs_diskio.c.obj
[ 41%] Building C object firmware/baseband/CMakeFiles/baseband_flash_utility.elf.dir/__/chibios-portapack/os/various/fatfs_bindings/fatfs_syscall.c.obj
[ 41%] Building C object firmware/baseband/CMakeFiles/baseband_flash_utility.elf.dir/__/chibios-portapack/ext/fatfs/src/ff.c.obj
[ 41%] Building C object firmware/baseband/CMakeFiles/baseband_flash_utility.elf.dir/__/chibios-portapack/ext/fatfs/src/option/unicode.c.obj
[ 41%] Building C object firmware/baseband/CMakeFiles/baseband_flash_utility.elf.dir/__/chibios/os/hal/src/hal.c.obj
[ 41%] Building C object firmware/baseband/CMakeFiles/baseband_flash_utility.elf.dir/__/chibios/os/hal/src/adc.c.obj
[ 41%] Building C object firmware/baseband/CMakeFiles/baseband_flash_utility.elf.dir/__/chibios/os/hal/src/can.c.obj
[ 41%] Building C object firmware/baseband/CMakeFiles/baseband_flash_utility.elf.dir/__/chibios/os/hal/src/ext.c.obj
[ 41%] Building C object firmware/baseband/CMakeFiles/baseband_flash_utility.elf.dir/__/chibios/os/hal/src/gpt.c.obj
[ 41%] Building C object firmware/baseband/CMakeFiles/baseband_flash_utility.elf.dir/__/chibios/os/hal/src/i2c.c.obj
[ 41%] Building C object firmware/baseband/CMakeFiles/baseband_flash_utility.elf.dir/__/chibios/os/hal/src/icu.c.obj
[ 41%] Building C object firmware/baseband/CMakeFiles/baseband_flash_utility.elf.dir/__/chibios/os/hal/src/mac.c.obj
[ 41%] Building C object firmware/baseband/CMakeFiles/baseband_flash_utility.elf.dir/__/chibios/os/hal/src/mmc_spi.c.obj
[ 41%] Building C object firmware/baseband/CMakeFiles/baseband_flash_utility.elf.dir/__/chibios/os/hal/src/mmcsd.c.obj
[ 41%] Building C object firmware/baseband/CMakeFiles/baseband_flash_utility.elf.dir/__/chibios/os/hal/src/pal.c.obj
[ 41%] Building C object firmware/baseband/CMakeFiles/baseband_flash_utility.elf.dir/__/chibios/os/hal/src/pwm.c.obj
[ 41%] Building C object firmware/baseband/CMakeFiles/baseband_flash_utility.elf.dir/__/chibios/os/hal/src/rtc.c.obj
[ 41%] Building C object firmware/baseband/CMakeFiles/baseband_flash_utility.elf.dir/__/chibios/os/hal/src/sdc.c.obj
[ 41%] Building C object firmware/baseband/CMakeFiles/baseband_flash_utility.elf.dir/__/chibios/os/hal/src/serial.c.obj
[ 41%] Building C object firmware/baseband/CMakeFiles/baseband_flash_utility.elf.dir/__/chibios/os/hal/src/serial_usb.c.obj
[ 41%] Building C object firmware/baseband/CMakeFiles/baseband_flash_utility.elf.dir/__/chibios/os/hal/src/spi.c.obj
[ 41%] Building C object firmware/baseband/CMakeFiles/baseband_flash_utility.elf.dir/__/chibios/os/hal/src/tm.c.obj
[ 41%] Building C object firmware/baseband/CMakeFiles/baseband_flash_utility.elf.dir/__/chibios/os/hal/src/uart.c.obj
[ 41%] Building C object firmware/baseband/CMakeFiles/baseband_flash_utility.elf.dir/__/chibios/os/hal/src/usb.c.obj
[ 41%] Building C object firmware/baseband/CMakeFiles/baseband_flash_utility.elf.dir/__/chibios-portapack/os/hal/platforms/LPC43xx_M4/hal_lld.c.obj
[ 41%] Building C object firmware/baseband/CMakeFiles/baseband_flash_utility.elf.dir/__/chibios-portapack/os/hal/platforms/LPC43xx/gpt_lld.c.obj
[ 41%] Building C object firmware/baseband/CMakeFiles/baseband_flash_utility.elf.dir/__/chibios-portapack/os/hal/platforms/LPC43xx/i2c_lld.c.obj
[ 41%] Building C object firmware/baseband/CMakeFiles/baseband_flash_utility.elf.dir/__/chibios-portapack/os/hal/platforms/LPC43xx/pal_lld.c.obj
[ 42%] Building C object firmware/baseband/CMakeFiles/baseband_flash_utility.elf.dir/__/chibios-portapack/os/hal/platforms/LPC43xx/rtc_lld.c.obj
[ 42%] Building C object firmware/baseband/CMakeFiles/baseband_flash_utility.elf.dir/__/chibios-portapack/os/hal/platforms/LPC43xx/sdc_lld.c.obj
[ 42%] Building C object firmware/baseband/CMakeFiles/baseband_flash_utility.elf.dir/__/chibios-portapack/os/hal/platforms/LPC43xx/serial_lld.c.obj
[ 42%] Building C object firmware/baseband/CMakeFiles/baseband_flash_utility.elf.dir/__/chibios-portapack/os/hal/platforms/LPC43xx/spi_lld.c.obj
[ 42%] Building C object firmware/baseband/CMakeFiles/baseband_flash_utility.elf.dir/__/chibios-portapack/os/hal/platforms/LPC43xx/lpc43xx.c.obj
[ 42%] Linking CXX executable baseband_flash_utility.elf
Memory region         Used Size  Region Size  %age Used
           flash:       23192 B      32752 B     70.81%
             ram:        6408 B        96 KB      6.52%
         ram_usb:          0 GB        32 KB      0.00%
[ 42%] Built target baseband_flash_utility.elf
[ 42%] Building CXX object firmware/baseband/CMakeFiles/baseband_vor_tx.elf.dir/proc_vor_tx.cpp.obj
[ 42%] Building C object firmware/baseband/CMakeFiles/baseband_vor_tx.elf.dir/__/chibios/os/hal/src/hal.c.obj
[ 42%] Building C object firmware/baseband/CMakeFiles/baseband_vor_tx.elf.dir/__/chibios/os/hal/src/adc.c.obj
[ 42%] Building C object firmware/baseband/CMakeFiles/baseband_vor_tx.elf.dir/__/chibios/os/hal/src/can.c.obj
[ 42%] Building C object firmware/baseband/CMakeFiles/baseband_vor_tx.elf.dir/__/chibios/os/hal/src/ext.c.obj
[ 42%] Building C object firmware/baseband/CMakeFiles/baseband_vor_tx.elf.dir/__/chibios/os/hal/src/gpt.c.obj
[ 42%] Building C object firmware/baseband/CMakeFiles/baseband_vor_tx.elf.dir/__/chibios/os/hal/src/i2c.c.obj
[ 42%] Building C object firmware/baseband/CMakeFiles/baseband_vor_tx.elf.dir/__/chibios/os/hal/src/icu.c.obj
[ 43%] Building C object firmware/baseband/CMakeFiles/baseband_vor_tx.elf.dir/__/chibios/os/hal/src/mac.c.obj
[ 43%] Building C object firmware/baseband/CMakeFiles/baseband_vor_tx.elf.dir/__/chibios/os/hal/src/mmc_spi.c.obj
[ 43%] Building C object firmware/baseband/CMakeFiles/baseband_vor_tx.elf.dir/__/chibios/os/hal/src/mmcsd.c.obj
[ 43%] Building C object firmware/baseband/CMakeFiles/baseband_vor_tx.elf.dir/__/chibios/os/hal/src/pal.c.obj
[ 43%] Building C object firmware/baseband/CMakeFiles/baseband_vor_tx.elf.dir/__/chibios/os/hal/src/pwm.c.obj
[ 43%] Building C object firmware/baseband/CMakeFiles/baseband_vor_tx.elf.dir/__/chibios/os/hal/src/rtc.c.obj
[ 43%] Building C object firmware/baseband/CMakeFiles/baseband_vor_tx.elf.dir/__/chibios/os/hal/src/sdc.c.obj
[ 43%] Building C object firmware/baseband/CMakeFiles/baseband_vor_tx.elf.dir/__/chibios/os/hal/src/serial.c.obj
[ 43%] Building C object firmware/baseband/CMakeFiles/baseband_vor_tx.elf.dir/__/chibios/os/hal/src/serial_usb.c.obj
[ 43%] Building C object firmware/baseband/CMakeFiles/baseband_vor_tx.elf.dir/__/chibios/os/hal/src/spi.c.obj
[ 43%] Building C object firmware/baseband/CMakeFiles/baseband_vor_tx.elf.dir/__/chibios/os/hal/src/tm.c.obj
[ 43%] Building C object firmware/baseband/CMakeFiles/baseband_vor_tx.elf.dir/__/chibios/os/hal/src/uart.c.obj
[ 43%] Building C object firmware/baseband/CMakeFiles/baseband_vor_tx.elf.dir/__/chibios/os/hal/src/usb.c.obj
[ 43%] Building C object firmware/baseband/CMakeFiles/baseband_vor_tx.elf.dir/__/chibios-portapack/os/hal/platforms/LPC43xx_M4/hal_lld.c.obj
[ 43%] Building C object firmware/baseband/CMakeFiles/baseband_vor_tx.elf.dir/__/chibios-portapack/os/hal/platforms/LPC43xx/gpt_lld.c.obj
[ 43%] Building C object firmware/baseband/CMakeFiles/baseband_vor_tx.elf.dir/__/chibios-portapack/os/hal/platforms/LPC43xx/i2c_lld.c.obj
[ 43%] Building C object firmware/baseband/CMakeFiles/baseband_vor_tx.elf.dir/__/chibios-portapack/os/hal/platforms/LPC43xx/pal_lld.c.obj
[ 43%] Building C object firmware/baseband/CMakeFiles/baseband_vor_tx.elf.dir/__/chibios-portapack/os/hal/platforms/LPC43xx/rtc_lld.c.obj
[ 43%] Building C object firmware/baseband/CMakeFiles/baseband_vor_tx.elf.dir/__/chibios-portapack/os/hal/platforms/LPC43xx/sdc_lld.c.obj
[ 43%] Building C object firmware/baseband/CMakeFiles/baseband_vor_tx.elf.dir/__/chibios-portapack/os/hal/platforms/LPC43xx/serial_lld.c.obj
[ 43%] Building C object firmware/baseband/CMakeFiles/baseband_vor_tx.elf.dir/__/chibios-portapack/os/hal/platforms/LPC43xx/spi_lld.c.obj
[ 43%] Building C object firmware/baseband/CMakeFiles/baseband_vor_tx.elf.dir/__/chibios-portapack/os/hal/platforms/LPC43xx/lpc43xx.c.obj
[ 43%] Linking CXX executable baseband_vor_tx.elf
Memory region         Used Size  Region Size  %age Used
           flash:       10528 B      32752 B     32.14%
             ram:       10276 B        96 KB     10.45%
         ram_usb:          0 GB        32 KB      0.00%
[ 43%] Built target baseband_vor_tx.elf
[ 43%] Building CXX object firmware/baseband/CMakeFiles/baseband_vor_rx.elf.dir/proc_vor_rx.cpp.obj
[ 43%] Building C object firmware/baseband/CMakeFiles/baseband_vor_rx.elf.dir/__/chibios/os/hal/src/hal.c.obj
[ 43%] Building C object firmware/baseband/CMakeFiles/baseband_vor_rx.elf.dir/__/chibios/os/hal/src/adc.c.obj
[ 43%] Building C object firmware/baseband/CMakeFiles/baseband_vor_rx.elf.dir/__/chibios/os/hal/src/can.c.obj
[ 43%] Building C object firmware/baseband/CMakeFiles/baseband_vor_rx.elf.dir/__/chibios/os/hal/src/ext.c.obj
[ 43%] Building C object firmware/baseband/CMakeFiles/baseband_vor_rx.elf.dir/__/chibios/os/hal/src/gpt.c.obj
[ 43%] Building C object firmware/baseband/CMakeFiles/baseband_vor_rx.elf.dir/__/chibios/os/hal/src/i2c.c.obj
[ 43%] Building C object firmware/baseband/CMakeFiles/baseband_vor_rx.elf.dir/__/chibios/os/hal/src/icu.c.obj
[ 43%] Building C object firmware/baseband/CMakeFiles/baseband_vor_rx.elf.dir/__/chibios/os/hal/src/mac.c.obj
[ 43%] Building C object firmware/baseband/CMakeFiles/baseband_vor_rx.elf.dir/__/chibios/os/hal/src/mmc_spi.c.obj
[ 43%] Building C object firmware/baseband/CMakeFiles/baseband_vor_rx.elf.dir/__/chibios/os/hal/src/mmcsd.c.obj
[ 44%] Building C object firmware/baseband/CMakeFiles/baseband_vor_rx.elf.dir/__/chibios/os/hal/src/pal.c.obj
[ 44%] Building C object firmware/baseband/CMakeFiles/baseband_vor_rx.elf.dir/__/chibios/os/hal/src/pwm.c.obj
[ 44%] Building C object firmware/baseband/CMakeFiles/baseband_vor_rx.elf.dir/__/chibios/os/hal/src/rtc.c.obj
[ 44%] Building C object firmware/baseband/CMakeFiles/baseband_vor_rx.elf.dir/__/chibios/os/hal/src/sdc.c.obj
[ 44%] Building C object firmware/baseband/CMakeFiles/baseband_vor_rx.elf.dir/__/chibios/os/hal/src/serial.c.obj
[ 44%] Building C object firmware/baseband/CMakeFiles/baseband_vor_rx.elf.dir/__/chibios/os/hal/src/serial_usb.c.obj
[ 44%] Building C object firmware/baseband/CMakeFiles/baseband_vor_rx.elf.dir/__/chibios/os/hal/src/spi.c.obj
[ 44%] Building C object firmware/baseband/CMakeFiles/baseband_vor_rx.elf.dir/__/chibios/os/hal/src/tm.c.obj
[ 44%] Building C object firmware/baseband/CMakeFiles/baseband_vor_rx.elf.dir/__/chibios/os/hal/src/uart.c.obj
[ 44%] Building C object firmware/baseband/CMakeFiles/baseband_vor_rx.elf.dir/__/chibios/os/hal/src/usb.c.obj
[ 44%] Building C object firmware/baseband/CMakeFiles/baseband_vor_rx.elf.dir/__/chibios-portapack/os/hal/platforms/LPC43xx_M4/hal_lld.c.obj
[ 44%] Building C object firmware/baseband/CMakeFiles/baseband_vor_rx.elf.dir/__/chibios-portapack/os/hal/platforms/LPC43xx/gpt_lld.c.obj
[ 44%] Building C object firmware/baseband/CMakeFiles/baseband_vor_rx.elf.dir/__/chibios-portapack/os/hal/platforms/LPC43xx/i2c_lld.c.obj
[ 44%] Building C object firmware/baseband/CMakeFiles/baseband_vor_rx.elf.dir/__/chibios-portapack/os/hal/platforms/LPC43xx/pal_lld.c.obj
[ 44%] Building C object firmware/baseband/CMakeFiles/baseband_vor_rx.elf.dir/__/chibios-portapack/os/hal/platforms/LPC43xx/rtc_lld.c.obj
[ 44%] Building C object firmware/baseband/CMakeFiles/baseband_vor_rx.elf.dir/__/chibios-portapack/os/hal/platforms/LPC43xx/sdc_lld.c.obj
[ 44%] Building C object firmware/baseband/CMakeFiles/baseband_vor_rx.elf.dir/__/chibios-portapack/os/hal/platforms/LPC43xx/serial_lld.c.obj
[ 44%] Building C object firmware/baseband/CMakeFiles/baseband_vor_rx.elf.dir/__/chibios-portapack/os/hal/platforms/LPC43xx/spi_lld.c.obj
[ 44%] Building C object firmware/baseband/CMakeFiles/baseband_vor_rx.elf.dir/__/chibios-portapack/os/hal/platforms/LPC43xx/lpc43xx.c.obj
[ 44%] Linking CXX executable baseband_vor_rx.elf
Memory region         Used Size  Region Size  %age Used
           flash:       18864 B      32752 B     57.60%
             ram:       11356 B        96 KB     11.55%
         ram_usb:          0 GB        32 KB      0.00%
[ 44%] Built target baseband_vor_rx.elf
[ 44%] Building CXX object firmware/baseband/CMakeFiles/baseband_flex.elf.dir/proc_flex.cpp.obj
[ 44%] Building C object firmware/baseband/CMakeFiles/baseband_flex.elf.dir/__/chibios/os/hal/src/hal.c.obj
[ 44%] Building C object firmware/baseband/CMakeFiles/baseband_flex.elf.dir/__/chibios/os/hal/src/adc.c.obj
[ 44%] Building C object firmware/baseband/CMakeFiles/baseband_flex.elf.dir/__/chibios/os/hal/src/can.c.obj
[ 44%] Building C object firmware/baseband/CMakeFiles/baseband_flex.elf.dir/__/chibios/os/hal/src/ext.c.obj
[ 44%] Building C object firmware/baseband/CMakeFiles/baseband_flex.elf.dir/__/chibios/os/hal/src/gpt.c.obj
[ 44%] Building C object firmware/baseband/CMakeFiles/baseband_flex.elf.dir/__/chibios/os/hal/src/i2c.c.obj
[ 44%] Building C object firmware/baseband/CMakeFiles/baseband_flex.elf.dir/__/chibios/os/hal/src/icu.c.obj
[ 44%] Building C object firmware/baseband/CMakeFiles/baseband_flex.elf.dir/__/chibios/os/hal/src/mac.c.obj
[ 44%] Building C object firmware/baseband/CMakeFiles/baseband_flex.elf.dir/__/chibios/os/hal/src/mmc_spi.c.obj
[ 44%] Building C object firmware/baseband/CMakeFiles/baseband_flex.elf.dir/__/chibios/os/hal/src/mmcsd.c.obj
[ 44%] Building C object firmware/baseband/CMakeFiles/baseband_flex.elf.dir/__/chibios/os/hal/src/pal.c.obj
[ 44%] Building C object firmware/baseband/CMakeFiles/baseband_flex.elf.dir/__/chibios/os/hal/src/pwm.c.obj
[ 44%] Building C object firmware/baseband/CMakeFiles/baseband_flex.elf.dir/__/chibios/os/hal/src/rtc.c.obj
[ 44%] Building C object firmware/baseband/CMakeFiles/baseband_flex.elf.dir/__/chibios/os/hal/src/sdc.c.obj
[ 44%] Building C object firmware/baseband/CMakeFiles/baseband_flex.elf.dir/__/chibios/os/hal/src/serial.c.obj
[ 44%] Building C object firmware/baseband/CMakeFiles/baseband_flex.elf.dir/__/chibios/os/hal/src/serial_usb.c.obj
[ 44%] Building C object firmware/baseband/CMakeFiles/baseband_flex.elf.dir/__/chibios/os/hal/src/spi.c.obj
[ 44%] Building C object firmware/baseband/CMakeFiles/baseband_flex.elf.dir/__/chibios/os/hal/src/tm.c.obj
[ 44%] Building C object firmware/baseband/CMakeFiles/baseband_flex.elf.dir/__/chibios/os/hal/src/uart.c.obj
[ 44%] Building C object firmware/baseband/CMakeFiles/baseband_flex.elf.dir/__/chibios/os/hal/src/usb.c.obj
[ 44%] Building C object firmware/baseband/CMakeFiles/baseband_flex.elf.dir/__/chibios-portapack/os/hal/platforms/LPC43xx_M4/hal_lld.c.obj
[ 45%] Building C object firmware/baseband/CMakeFiles/baseband_flex.elf.dir/__/chibios-portapack/os/hal/platforms/LPC43xx/gpt_lld.c.obj
[ 45%] Building C object firmware/baseband/CMakeFiles/baseband_flex.elf.dir/__/chibios-portapack/os/hal/platforms/LPC43xx/i2c_lld.c.obj
[ 45%] Building C object firmware/baseband/CMakeFiles/baseband_flex.elf.dir/__/chibios-portapack/os/hal/platforms/LPC43xx/pal_lld.c.obj
[ 45%] Building C object firmware/baseband/CMakeFiles/baseband_flex.elf.dir/__/chibios-portapack/os/hal/platforms/LPC43xx/rtc_lld.c.obj
[ 45%] Building C object firmware/baseband/CMakeFiles/baseband_flex.elf.dir/__/chibios-portapack/os/hal/platforms/LPC43xx/sdc_lld.c.obj
[ 45%] Building C object firmware/baseband/CMakeFiles/baseband_flex.elf.dir/__/chibios-portapack/os/hal/platforms/LPC43xx/serial_lld.c.obj
[ 45%] Building C object firmware/baseband/CMakeFiles/baseband_flex.elf.dir/__/chibios-portapack/os/hal/platforms/LPC43xx/spi_lld.c.obj
[ 45%] Building C object firmware/baseband/CMakeFiles/baseband_flex.elf.dir/__/chibios-portapack/os/hal/platforms/LPC43xx/lpc43xx.c.obj
[ 45%] Linking CXX executable baseband_flex.elf
Memory region         Used Size  Region Size  %age Used
           flash:       26048 B      32752 B     79.53%
             ram:       10276 B        96 KB     10.45%
         ram_usb:          0 GB        32 KB      0.00%
[ 45%] Built target baseband_flex.elf
[ 45%] Building CXX object firmware/baseband/CMakeFiles/baseband_acars.elf.dir/proc_acars.cpp.obj
[ 45%] Building C object firmware/baseband/CMakeFiles/baseband_acars.elf.dir/__/chibios/os/hal/src/hal.c.obj
[ 45%] Building C object firmware/baseband/CMakeFiles/baseband_acars.elf.dir/__/chibios/os/hal/src/adc.c.obj
[ 45%] Building C object firmware/baseband/CMakeFiles/baseband_acars.elf.dir/__/chibios/os/hal/src/can.c.obj
[ 45%] Building C object firmware/baseband/CMakeFiles/baseband_acars.elf.dir/__/chibios/os/hal/src/ext.c.obj
[ 45%] Building C object firmware/baseband/CMakeFiles/baseband_acars.elf.dir/__/chibios/os/hal/src/gpt.c.obj
[ 45%] Building C object firmware/baseband/CMakeFiles/baseband_acars.elf.dir/__/chibios/os/hal/src/i2c.c.obj
[ 45%] Building C object firmware/baseband/CMakeFiles/baseband_acars.elf.dir/__/chibios/os/hal/src/icu.c.obj
[ 45%] Building C object firmware/baseband/CMakeFiles/baseband_acars.elf.dir/__/chibios/os/hal/src/mac.c.obj
[ 45%] Building C object firmware/baseband/CMakeFiles/baseband_acars.elf.dir/__/chibios/os/hal/src/mmc_spi.c.obj
[ 45%] Building C object firmware/baseband/CMakeFiles/baseband_acars.elf.dir/__/chibios/os/hal/src/mmcsd.c.obj
[ 45%] Building C object firmware/baseband/CMakeFiles/baseband_acars.elf.dir/__/chibios/os/hal/src/pal.c.obj
[ 45%] Building C object firmware/baseband/CMakeFiles/baseband_acars.elf.dir/__/chibios/os/hal/src/pwm.c.obj
[ 45%] Building C object firmware/baseband/CMakeFiles/baseband_acars.elf.dir/__/chibios/os/hal/src/rtc.c.obj
[ 45%] Building C object firmware/baseband/CMakeFiles/baseband_acars.elf.dir/__/chibios/os/hal/src/sdc.c.obj
[ 45%] Building C object firmware/baseband/CMakeFiles/baseband_acars.elf.dir/__/chibios/os/hal/src/serial.c.obj
[ 45%] Building C object firmware/baseband/CMakeFiles/baseband_acars.elf.dir/__/chibios/os/hal/src/serial_usb.c.obj
[ 45%] Building C object firmware/baseband/CMakeFiles/baseband_acars.elf.dir/__/chibios/os/hal/src/spi.c.obj
[ 45%] Building C object firmware/baseband/CMakeFiles/baseband_acars.elf.dir/__/chibios/os/hal/src/tm.c.obj
[ 45%] Building C object firmware/baseband/CMakeFiles/baseband_acars.elf.dir/__/chibios/os/hal/src/uart.c.obj
[ 46%] Building C object firmware/baseband/CMakeFiles/baseband_acars.elf.dir/__/chibios/os/hal/src/usb.c.obj
[ 46%] Building C object firmware/baseband/CMakeFiles/baseband_acars.elf.dir/__/chibios-portapack/os/hal/platforms/LPC43xx_M4/hal_lld.c.obj
[ 46%] Building C object firmware/baseband/CMakeFiles/baseband_acars.elf.dir/__/chibios-portapack/os/hal/platforms/LPC43xx/gpt_lld.c.obj
[ 46%] Building C object firmware/baseband/CMakeFiles/baseband_acars.elf.dir/__/chibios-portapack/os/hal/platforms/LPC43xx/i2c_lld.c.obj
[ 46%] Building C object firmware/baseband/CMakeFiles/baseband_acars.elf.dir/__/chibios-portapack/os/hal/platforms/LPC43xx/pal_lld.c.obj
[ 46%] Building C object firmware/baseband/CMakeFiles/baseband_acars.elf.dir/__/chibios-portapack/os/hal/platforms/LPC43xx/rtc_lld.c.obj
[ 46%] Building C object firmware/baseband/CMakeFiles/baseband_acars.elf.dir/__/chibios-portapack/os/hal/platforms/LPC43xx/sdc_lld.c.obj
[ 46%] Building C object firmware/baseband/CMakeFiles/baseband_acars.elf.dir/__/chibios-portapack/os/hal/platforms/LPC43xx/serial_lld.c.obj
[ 46%] Building C object firmware/baseband/CMakeFiles/baseband_acars.elf.dir/__/chibios-portapack/os/hal/platforms/LPC43xx/spi_lld.c.obj
[ 46%] Building C object firmware/baseband/CMakeFiles/baseband_acars.elf.dir/__/chibios-portapack/os/hal/platforms/LPC43xx/lpc43xx.c.obj
[ 46%] Linking CXX executable baseband_acars.elf
Memory region         Used Size  Region Size  %age Used
           flash:       17592 B      32752 B     53.71%
             ram:       11356 B        96 KB     11.55%
         ram_usb:          0 GB        32 KB      0.00%
[ 46%] Built target baseband_acars.elf
[ 46%] Building CXX object firmware/baseband/CMakeFiles/baseband_afskrx.elf.dir/proc_afskrx.cpp.obj
[ 46%] Building C object firmware/baseband/CMakeFiles/baseband_afskrx.elf.dir/__/chibios/os/hal/src/hal.c.obj
[ 46%] Building C object firmware/baseband/CMakeFiles/baseband_afskrx.elf.dir/__/chibios/os/hal/src/adc.c.obj
[ 46%] Building C object firmware/baseband/CMakeFiles/baseband_afskrx.elf.dir/__/chibios/os/hal/src/can.c.obj
[ 46%] Building C object firmware/baseband/CMakeFiles/baseband_afskrx.elf.dir/__/chibios/os/hal/src/ext.c.obj
[ 46%] Building C object firmware/baseband/CMakeFiles/baseband_afskrx.elf.dir/__/chibios/os/hal/src/gpt.c.obj
[ 46%] Building C object firmware/baseband/CMakeFiles/baseband_afskrx.elf.dir/__/chibios/os/hal/src/i2c.c.obj
[ 46%] Building C object firmware/baseband/CMakeFiles/baseband_afskrx.elf.dir/__/chibios/os/hal/src/icu.c.obj
[ 46%] Building C object firmware/baseband/CMakeFiles/baseband_afskrx.elf.dir/__/chibios/os/hal/src/mac.c.obj
[ 46%] Building C object firmware/baseband/CMakeFiles/baseband_afskrx.elf.dir/__/chibios/os/hal/src/mmc_spi.c.obj
[ 46%] Building C object firmware/baseband/CMakeFiles/baseband_afskrx.elf.dir/__/chibios/os/hal/src/mmcsd.c.obj
[ 46%] Building C object firmware/baseband/CMakeFiles/baseband_afskrx.elf.dir/__/chibios/os/hal/src/pal.c.obj
[ 46%] Building C object firmware/baseband/CMakeFiles/baseband_afskrx.elf.dir/__/chibios/os/hal/src/pwm.c.obj
[ 47%] Building C object firmware/baseband/CMakeFiles/baseband_afskrx.elf.dir/__/chibios/os/hal/src/rtc.c.obj
[ 47%] Building C object firmware/baseband/CMakeFiles/baseband_afskrx.elf.dir/__/chibios/os/hal/src/sdc.c.obj
[ 47%] Building C object firmware/baseband/CMakeFiles/baseband_afskrx.elf.dir/__/chibios/os/hal/src/serial.c.obj
[ 47%] Building C object firmware/baseband/CMakeFiles/baseband_afskrx.elf.dir/__/chibios/os/hal/src/serial_usb.c.obj
[ 47%] Building C object firmware/baseband/CMakeFiles/baseband_afskrx.elf.dir/__/chibios/os/hal/src/spi.c.obj
[ 47%] Building C object firmware/baseband/CMakeFiles/baseband_afskrx.elf.dir/__/chibios/os/hal/src/tm.c.obj
[ 47%] Building C object firmware/baseband/CMakeFiles/baseband_afskrx.elf.dir/__/chibios/os/hal/src/uart.c.obj
[ 47%] Building C object firmware/baseband/CMakeFiles/baseband_afskrx.elf.dir/__/chibios/os/hal/src/usb.c.obj
[ 47%] Building C object firmware/baseband/CMakeFiles/baseband_afskrx.elf.dir/__/chibios-portapack/os/hal/platforms/LPC43xx_M4/hal_lld.c.obj
[ 47%] Building C object firmware/baseband/CMakeFiles/baseband_afskrx.elf.dir/__/chibios-portapack/os/hal/platforms/LPC43xx/gpt_lld.c.obj
[ 47%] Building C object firmware/baseband/CMakeFiles/baseband_afskrx.elf.dir/__/chibios-portapack/os/hal/platforms/LPC43xx/i2c_lld.c.obj
[ 47%] Building C object firmware/baseband/CMakeFiles/baseband_afskrx.elf.dir/__/chibios-portapack/os/hal/platforms/LPC43xx/pal_lld.c.obj
[ 47%] Building C object firmware/baseband/CMakeFiles/baseband_afskrx.elf.dir/__/chibios-portapack/os/hal/platforms/LPC43xx/rtc_lld.c.obj
[ 47%] Building C object firmware/baseband/CMakeFiles/baseband_afskrx.elf.dir/__/chibios-portapack/os/hal/platforms/LPC43xx/sdc_lld.c.obj
[ 47%] Building C object firmware/baseband/CMakeFiles/baseband_afskrx.elf.dir/__/chibios-portapack/os/hal/platforms/LPC43xx/serial_lld.c.obj
[ 47%] Building C object firmware/baseband/CMakeFiles/baseband_afskrx.elf.dir/__/chibios-portapack/os/hal/platforms/LPC43xx/spi_lld.c.obj
[ 47%] Building C object firmware/baseband/CMakeFiles/baseband_afskrx.elf.dir/__/chibios-portapack/os/hal/platforms/LPC43xx/lpc43xx.c.obj
[ 47%] Linking CXX executable baseband_afskrx.elf
Memory region         Used Size  Region Size  %age Used
           flash:       16544 B      32752 B     50.51%
             ram:       11356 B        96 KB     11.55%
         ram_usb:          0 GB        32 KB      0.00%
[ 47%] Built target baseband_afskrx.elf
[ 47%] Building CXX object firmware/baseband/CMakeFiles/baseband_epirb_rx.elf.dir/proc_epirb.cpp.obj
[ 47%] Building C object firmware/baseband/CMakeFiles/baseband_epirb_rx.elf.dir/__/chibios/os/hal/src/hal.c.obj
[ 47%] Building C object firmware/baseband/CMakeFiles/baseband_epirb_rx.elf.dir/__/chibios/os/hal/src/adc.c.obj
[ 47%] Building C object firmware/baseband/CMakeFiles/baseband_epirb_rx.elf.dir/__/chibios/os/hal/src/can.c.obj
[ 47%] Building C object firmware/baseband/CMakeFiles/baseband_epirb_rx.elf.dir/__/chibios/os/hal/src/ext.c.obj
[ 47%] Building C object firmware/baseband/CMakeFiles/baseband_epirb_rx.elf.dir/__/chibios/os/hal/src/gpt.c.obj
[ 47%] Building C object firmware/baseband/CMakeFiles/baseband_epirb_rx.elf.dir/__/chibios/os/hal/src/i2c.c.obj
[ 47%] Building C object firmware/baseband/CMakeFiles/baseband_epirb_rx.elf.dir/__/chibios/os/hal/src/icu.c.obj
[ 47%] Building C object firmware/baseband/CMakeFiles/baseband_epirb_rx.elf.dir/__/chibios/os/hal/src/mac.c.obj
[ 47%] Building C object firmware/baseband/CMakeFiles/baseband_epirb_rx.elf.dir/__/chibios/os/hal/src/mmc_spi.c.obj
[ 48%] Building C object firmware/baseband/CMakeFiles/baseband_epirb_rx.elf.dir/__/chibios/os/hal/src/mmcsd.c.obj
[ 48%] Building C object firmware/baseband/CMakeFiles/baseband_epirb_rx.elf.dir/__/chibios/os/hal/src/pal.c.obj
[ 48%] Building C object firmware/baseband/CMakeFiles/baseband_epirb_rx.elf.dir/__/chibios/os/hal/src/pwm.c.obj
[ 48%] Building C object firmware/baseband/CMakeFiles/baseband_epirb_rx.elf.dir/__/chibios/os/hal/src/rtc.c.obj
[ 48%] Building C object firmware/baseband/CMakeFiles/baseband_epirb_rx.elf.dir/__/chibios/os/hal/src/sdc.c.obj
[ 48%] Building C object firmware/baseband/CMakeFiles/baseband_epirb_rx.elf.dir/__/chibios/os/hal/src/serial.c.obj
[ 48%] Building C object firmware/baseband/CMakeFiles/baseband_epirb_rx.elf.dir/__/chibios/os/hal/src/serial_usb.c.obj
[ 48%] Building C object firmware/baseband/CMakeFiles/baseband_epirb_rx.elf.dir/__/chibios/os/hal/src/spi.c.obj
[ 48%] Building C object firmware/baseband/CMakeFiles/baseband_epirb_rx.elf.dir/__/chibios/os/hal/src/tm.c.obj
[ 48%] Building C object firmware/baseband/CMakeFiles/baseband_epirb_rx.elf.dir/__/chibios/os/hal/src/uart.c.obj
[ 48%] Building C object firmware/baseband/CMakeFiles/baseband_epirb_rx.elf.dir/__/chibios/os/hal/src/usb.c.obj
[ 48%] Building C object firmware/baseband/CMakeFiles/baseband_epirb_rx.elf.dir/__/chibios-portapack/os/hal/platforms/LPC43xx_M4/hal_lld.c.obj
[ 48%] Building C object firmware/baseband/CMakeFiles/baseband_epirb_rx.elf.dir/__/chibios-portapack/os/hal/platforms/LPC43xx/gpt_lld.c.obj
[ 48%] Building C object firmware/baseband/CMakeFiles/baseband_epirb_rx.elf.dir/__/chibios-portapack/os/hal/platforms/LPC43xx/i2c_lld.c.obj
[ 48%] Building C object firmware/baseband/CMakeFiles/baseband_epirb_rx.elf.dir/__/chibios-portapack/os/hal/platforms/LPC43xx/pal_lld.c.obj
[ 48%] Building C object firmware/baseband/CMakeFiles/baseband_epirb_rx.elf.dir/__/chibios-portapack/os/hal/platforms/LPC43xx/rtc_lld.c.obj
[ 48%] Building C object firmware/baseband/CMakeFiles/baseband_epirb_rx.elf.dir/__/chibios-portapack/os/hal/platforms/LPC43xx/sdc_lld.c.obj
[ 48%] Building C object firmware/baseband/CMakeFiles/baseband_epirb_rx.elf.dir/__/chibios-portapack/os/hal/platforms/LPC43xx/serial_lld.c.obj
[ 48%] Building C object firmware/baseband/CMakeFiles/baseband_epirb_rx.elf.dir/__/chibios-portapack/os/hal/platforms/LPC43xx/spi_lld.c.obj
[ 48%] Building C object firmware/baseband/CMakeFiles/baseband_epirb_rx.elf.dir/__/chibios-portapack/os/hal/platforms/LPC43xx/lpc43xx.c.obj
[ 48%] Linking CXX executable baseband_epirb_rx.elf
Memory region         Used Size  Region Size  %age Used
           flash:       17552 B      32752 B     53.59%
             ram:       11356 B        96 KB     11.55%
         ram_usb:          0 GB        32 KB      0.00%
[ 48%] Built target baseband_epirb_rx.elf
[ 48%] Building CXX object firmware/baseband/CMakeFiles/baseband_epirb_tx.elf.dir/proc_epirb_tx.cpp.obj
[ 48%] Building C object firmware/baseband/CMakeFiles/baseband_epirb_tx.elf.dir/__/chibios/os/hal/src/hal.c.obj
[ 48%] Building C object firmware/baseband/CMakeFiles/baseband_epirb_tx.elf.dir/__/chibios/os/hal/src/adc.c.obj
[ 48%] Building C object firmware/baseband/CMakeFiles/baseband_epirb_tx.elf.dir/__/chibios/os/hal/src/can.c.obj
[ 48%] Building C object firmware/baseband/CMakeFiles/baseband_epirb_tx.elf.dir/__/chibios/os/hal/src/ext.c.obj
[ 48%] Building C object firmware/baseband/CMakeFiles/baseband_epirb_tx.elf.dir/__/chibios/os/hal/src/gpt.c.obj
[ 48%] Building C object firmware/baseband/CMakeFiles/baseband_epirb_tx.elf.dir/__/chibios/os/hal/src/i2c.c.obj
[ 49%] Building C object firmware/baseband/CMakeFiles/baseband_epirb_tx.elf.dir/__/chibios/os/hal/src/icu.c.obj
[ 49%] Building C object firmware/baseband/CMakeFiles/baseband_epirb_tx.elf.dir/__/chibios/os/hal/src/mac.c.obj
[ 49%] Building C object firmware/baseband/CMakeFiles/baseband_epirb_tx.elf.dir/__/chibios/os/hal/src/mmc_spi.c.obj
[ 49%] Building C object firmware/baseband/CMakeFiles/baseband_epirb_tx.elf.dir/__/chibios/os/hal/src/mmcsd.c.obj
[ 49%] Building C object firmware/baseband/CMakeFiles/baseband_epirb_tx.elf.dir/__/chibios/os/hal/src/pal.c.obj
[ 49%] Building C object firmware/baseband/CMakeFiles/baseband_epirb_tx.elf.dir/__/chibios/os/hal/src/pwm.c.obj
[ 49%] Building C object firmware/baseband/CMakeFiles/baseband_epirb_tx.elf.dir/__/chibios/os/hal/src/rtc.c.obj
[ 49%] Building C object firmware/baseband/CMakeFiles/baseband_epirb_tx.elf.dir/__/chibios/os/hal/src/sdc.c.obj
[ 49%] Building C object firmware/baseband/CMakeFiles/baseband_epirb_tx.elf.dir/__/chibios/os/hal/src/serial.c.obj
[ 49%] Building C object firmware/baseband/CMakeFiles/baseband_epirb_tx.elf.dir/__/chibios/os/hal/src/serial_usb.c.obj
[ 49%] Building C object firmware/baseband/CMakeFiles/baseband_epirb_tx.elf.dir/__/chibios/os/hal/src/spi.c.obj
[ 49%] Building C object firmware/baseband/CMakeFiles/baseband_epirb_tx.elf.dir/__/chibios/os/hal/src/tm.c.obj
[ 49%] Building C object firmware/baseband/CMakeFiles/baseband_epirb_tx.elf.dir/__/chibios/os/hal/src/uart.c.obj
[ 49%] Building C object firmware/baseband/CMakeFiles/baseband_epirb_tx.elf.dir/__/chibios/os/hal/src/usb.c.obj
[ 49%] Building C object firmware/baseband/CMakeFiles/baseband_epirb_tx.elf.dir/__/chibios-portapack/os/hal/platforms/LPC43xx_M4/hal_lld.c.obj
[ 49%] Building C object firmware/baseband/CMakeFiles/baseband_epirb_tx.elf.dir/__/chibios-portapack/os/hal/platforms/LPC43xx/gpt_lld.c.obj
[ 49%] Building C object firmware/baseband/CMakeFiles/baseband_epirb_tx.elf.dir/__/chibios-portapack/os/hal/platforms/LPC43xx/i2c_lld.c.obj
[ 49%] Building C object firmware/baseband/CMakeFiles/baseband_epirb_tx.elf.dir/__/chibios-portapack/os/hal/platforms/LPC43xx/pal_lld.c.obj
[ 49%] Building C object firmware/baseband/CMakeFiles/baseband_epirb_tx.elf.dir/__/chibios-portapack/os/hal/platforms/LPC43xx/rtc_lld.c.obj
[ 49%] Building C object firmware/baseband/CMakeFiles/baseband_epirb_tx.elf.dir/__/chibios-portapack/os/hal/platforms/LPC43xx/sdc_lld.c.obj
[ 49%] Building C object firmware/baseband/CMakeFiles/baseband_epirb_tx.elf.dir/__/chibios-portapack/os/hal/platforms/LPC43xx/serial_lld.c.obj
[ 49%] Building C object firmware/baseband/CMakeFiles/baseband_epirb_tx.elf.dir/__/chibios-portapack/os/hal/platforms/LPC43xx/spi_lld.c.obj
[ 49%] Building C object firmware/baseband/CMakeFiles/baseband_epirb_tx.elf.dir/__/chibios-portapack/os/hal/platforms/LPC43xx/lpc43xx.c.obj
[ 49%] Linking CXX executable baseband_epirb_tx.elf
Memory region         Used Size  Region Size  %age Used
           flash:        9504 B      32752 B     29.02%
             ram:       10276 B        96 KB     10.45%
         ram_usb:          0 GB        32 KB      0.00%
[ 49%] Built target baseband_epirb_tx.elf
[ 49%] Building CXX object firmware/baseband/CMakeFiles/baseband_p25_tx.elf.dir/proc_p25_tx.cpp.obj
[ 49%] Building C object firmware/baseband/CMakeFiles/baseband_p25_tx.elf.dir/__/chibios/os/hal/src/hal.c.obj
[ 49%] Building C object firmware/baseband/CMakeFiles/baseband_p25_tx.elf.dir/__/chibios/os/hal/src/adc.c.obj
[ 49%] Building C object firmware/baseband/CMakeFiles/baseband_p25_tx.elf.dir/__/chibios/os/hal/src/can.c.obj
[ 49%] Building C object firmware/baseband/CMakeFiles/baseband_p25_tx.elf.dir/__/chibios/os/hal/src/ext.c.obj
[ 49%] Building C object firmware/baseband/CMakeFiles/baseband_p25_tx.elf.dir/__/chibios/os/hal/src/gpt.c.obj
[ 49%] Building C object firmware/baseband/CMakeFiles/baseband_p25_tx.elf.dir/__/chibios/os/hal/src/i2c.c.obj
[ 49%] Building C object firmware/baseband/CMakeFiles/baseband_p25_tx.elf.dir/__/chibios/os/hal/src/icu.c.obj
[ 49%] Building C object firmware/baseband/CMakeFiles/baseband_p25_tx.elf.dir/__/chibios/os/hal/src/mac.c.obj
[ 49%] Building C object firmware/baseband/CMakeFiles/baseband_p25_tx.elf.dir/__/chibios/os/hal/src/mmc_spi.c.obj
[ 49%] Building C object firmware/baseband/CMakeFiles/baseband_p25_tx.elf.dir/__/chibios/os/hal/src/mmcsd.c.obj
[ 49%] Building C object firmware/baseband/CMakeFiles/baseband_p25_tx.elf.dir/__/chibios/os/hal/src/pal.c.obj
[ 49%] Building C object firmware/baseband/CMakeFiles/baseband_p25_tx.elf.dir/__/chibios/os/hal/src/pwm.c.obj
[ 49%] Building C object firmware/baseband/CMakeFiles/baseband_p25_tx.elf.dir/__/chibios/os/hal/src/rtc.c.obj
[ 49%] Building C object firmware/baseband/CMakeFiles/baseband_p25_tx.elf.dir/__/chibios/os/hal/src/sdc.c.obj
[ 49%] Building C object firmware/baseband/CMakeFiles/baseband_p25_tx.elf.dir/__/chibios/os/hal/src/serial.c.obj
[ 49%] Building C object firmware/baseband/CMakeFiles/baseband_p25_tx.elf.dir/__/chibios/os/hal/src/serial_usb.c.obj
[ 49%] Building C object firmware/baseband/CMakeFiles/baseband_p25_tx.elf.dir/__/chibios/os/hal/src/spi.c.obj
[ 49%] Building C object firmware/baseband/CMakeFiles/baseband_p25_tx.elf.dir/__/chibios/os/hal/src/tm.c.obj
[ 50%] Building C object firmware/baseband/CMakeFiles/baseband_p25_tx.elf.dir/__/chibios/os/hal/src/uart.c.obj
[ 50%] Building C object firmware/baseband/CMakeFiles/baseband_p25_tx.elf.dir/__/chibios/os/hal/src/usb.c.obj
[ 50%] Building C object firmware/baseband/CMakeFiles/baseband_p25_tx.elf.dir/__/chibios-portapack/os/hal/platforms/LPC43xx_M4/hal_lld.c.obj
[ 50%] Building C object firmware/baseband/CMakeFiles/baseband_p25_tx.elf.dir/__/chibios-portapack/os/hal/platforms/LPC43xx/gpt_lld.c.obj
[ 50%] Building C object firmware/baseband/CMakeFiles/baseband_p25_tx.elf.dir/__/chibios-portapack/os/hal/platforms/LPC43xx/i2c_lld.c.obj
[ 50%] Building C object firmware/baseband/CMakeFiles/baseband_p25_tx.elf.dir/__/chibios-portapack/os/hal/platforms/LPC43xx/pal_lld.c.obj
[ 50%] Building C object firmware/baseband/CMakeFiles/baseband_p25_tx.elf.dir/__/chibios-portapack/os/hal/platforms/LPC43xx/rtc_lld.c.obj
[ 50%] Building C object firmware/baseband/CMakeFiles/baseband_p25_tx.elf.dir/__/chibios-portapack/os/hal/platforms/LPC43xx/sdc_lld.c.obj
[ 50%] Building C object firmware/baseband/CMakeFiles/baseband_p25_tx.elf.dir/__/chibios-portapack/os/hal/platforms/LPC43xx/serial_lld.c.obj
[ 50%] Building C object firmware/baseband/CMakeFiles/baseband_p25_tx.elf.dir/__/chibios-portapack/os/hal/platforms/LPC43xx/spi_lld.c.obj
[ 50%] Building C object firmware/baseband/CMakeFiles/baseband_p25_tx.elf.dir/__/chibios-portapack/os/hal/platforms/LPC43xx/lpc43xx.c.obj
[ 50%] Linking CXX executable baseband_p25_tx.elf
Memory region         Used Size  Region Size  %age Used
           flash:        8712 B      32752 B     26.60%
             ram:       10276 B        96 KB     10.45%
         ram_usb:          0 GB        32 KB      0.00%
[ 50%] Built target baseband_p25_tx.elf
[ 50%] Building CXX object firmware/baseband/CMakeFiles/baseband_nrfrx.elf.dir/proc_nrfrx.cpp.obj
[ 50%] Building C object firmware/baseband/CMakeFiles/baseband_nrfrx.elf.dir/__/chibios/os/hal/src/hal.c.obj
[ 50%] Building C object firmware/baseband/CMakeFiles/baseband_nrfrx.elf.dir/__/chibios/os/hal/src/adc.c.obj
[ 50%] Building C object firmware/baseband/CMakeFiles/baseband_nrfrx.elf.dir/__/chibios/os/hal/src/can.c.obj
[ 50%] Building C object firmware/baseband/CMakeFiles/baseband_nrfrx.elf.dir/__/chibios/os/hal/src/ext.c.obj
[ 50%] Building C object firmware/baseband/CMakeFiles/baseband_nrfrx.elf.dir/__/chibios/os/hal/src/gpt.c.obj
[ 50%] Building C object firmware/baseband/CMakeFiles/baseband_nrfrx.elf.dir/__/chibios/os/hal/src/i2c.c.obj
[ 50%] Building C object firmware/baseband/CMakeFiles/baseband_nrfrx.elf.dir/__/chibios/os/hal/src/icu.c.obj
[ 50%] Building C object firmware/baseband/CMakeFiles/baseband_nrfrx.elf.dir/__/chibios/os/hal/src/mac.c.obj
[ 50%] Building C object firmware/baseband/CMakeFiles/baseband_nrfrx.elf.dir/__/chibios/os/hal/src/mmc_spi.c.obj
[ 50%] Building C object firmware/baseband/CMakeFiles/baseband_nrfrx.elf.dir/__/chibios/os/hal/src/mmcsd.c.obj
[ 50%] Building C object firmware/baseband/CMakeFiles/baseband_nrfrx.elf.dir/__/chibios/os/hal/src/pal.c.obj
[ 50%] Building C object firmware/baseband/CMakeFiles/baseband_nrfrx.elf.dir/__/chibios/os/hal/src/pwm.c.obj
[ 50%] Building C object firmware/baseband/CMakeFiles/baseband_nrfrx.elf.dir/__/chibios/os/hal/src/rtc.c.obj
[ 50%] Building C object firmware/baseband/CMakeFiles/baseband_nrfrx.elf.dir/__/chibios/os/hal/src/sdc.c.obj
[ 50%] Building C object firmware/baseband/CMakeFiles/baseband_nrfrx.elf.dir/__/chibios/os/hal/src/serial.c.obj
[ 50%] Building C object firmware/baseband/CMakeFiles/baseband_nrfrx.elf.dir/__/chibios/os/hal/src/serial_usb.c.obj
[ 50%] Building C object firmware/baseband/CMakeFiles/baseband_nrfrx.elf.dir/__/chibios/os/hal/src/spi.c.obj
[ 50%] Building C object firmware/baseband/CMakeFiles/baseband_nrfrx.elf.dir/__/chibios/os/hal/src/tm.c.obj
[ 50%] Building C object firmware/baseband/CMakeFiles/baseband_nrfrx.elf.dir/__/chibios/os/hal/src/uart.c.obj
[ 50%] Building C object firmware/baseband/CMakeFiles/baseband_nrfrx.elf.dir/__/chibios/os/hal/src/usb.c.obj
[ 50%] Building C object firmware/baseband/CMakeFiles/baseband_nrfrx.elf.dir/__/chibios-portapack/os/hal/platforms/LPC43xx_M4/hal_lld.c.obj
[ 50%] Building C object firmware/baseband/CMakeFiles/baseband_nrfrx.elf.dir/__/chibios-portapack/os/hal/platforms/LPC43xx/gpt_lld.c.obj
[ 50%] Building C object firmware/baseband/CMakeFiles/baseband_nrfrx.elf.dir/__/chibios-portapack/os/hal/platforms/LPC43xx/i2c_lld.c.obj
[ 50%] Building C object firmware/baseband/CMakeFiles/baseband_nrfrx.elf.dir/__/chibios-portapack/os/hal/platforms/LPC43xx/pal_lld.c.obj
[ 51%] Building C object firmware/baseband/CMakeFiles/baseband_nrfrx.elf.dir/__/chibios-portapack/os/hal/platforms/LPC43xx/rtc_lld.c.obj
[ 51%] Building C object firmware/baseband/CMakeFiles/baseband_nrfrx.elf.dir/__/chibios-portapack/os/hal/platforms/LPC43xx/sdc_lld.c.obj
[ 51%] Building C object firmware/baseband/CMakeFiles/baseband_nrfrx.elf.dir/__/chibios-portapack/os/hal/platforms/LPC43xx/serial_lld.c.obj
[ 51%] Building C object firmware/baseband/CMakeFiles/baseband_nrfrx.elf.dir/__/chibios-portapack/os/hal/platforms/LPC43xx/spi_lld.c.obj
[ 51%] Building C object firmware/baseband/CMakeFiles/baseband_nrfrx.elf.dir/__/chibios-portapack/os/hal/platforms/LPC43xx/lpc43xx.c.obj
[ 51%] Linking CXX executable baseband_nrfrx.elf
Memory region         Used Size  Region Size  %age Used
           flash:       15760 B      32752 B     48.12%
             ram:       10768 B        96 KB     10.95%
         ram_usb:          0 GB        32 KB      0.00%
[ 51%] Built target baseband_nrfrx.elf
[ 51%] Building CXX object firmware/baseband/CMakeFiles/baseband_jammer.elf.dir/proc_jammer.cpp.obj
[ 51%] Building C object firmware/baseband/CMakeFiles/baseband_jammer.elf.dir/__/chibios/os/hal/src/hal.c.obj
[ 51%] Building C object firmware/baseband/CMakeFiles/baseband_jammer.elf.dir/__/chibios/os/hal/src/adc.c.obj
[ 51%] Building C object firmware/baseband/CMakeFiles/baseband_jammer.elf.dir/__/chibios/os/hal/src/can.c.obj
[ 51%] Building C object firmware/baseband/CMakeFiles/baseband_jammer.elf.dir/__/chibios/os/hal/src/ext.c.obj
[ 51%] Building C object firmware/baseband/CMakeFiles/baseband_jammer.elf.dir/__/chibios/os/hal/src/gpt.c.obj
[ 51%] Building C object firmware/baseband/CMakeFiles/baseband_jammer.elf.dir/__/chibios/os/hal/src/i2c.c.obj
[ 51%] Building C object firmware/baseband/CMakeFiles/baseband_jammer.elf.dir/__/chibios/os/hal/src/icu.c.obj
[ 51%] Building C object firmware/baseband/CMakeFiles/baseband_jammer.elf.dir/__/chibios/os/hal/src/mac.c.obj
[ 51%] Building C object firmware/baseband/CMakeFiles/baseband_jammer.elf.dir/__/chibios/os/hal/src/mmc_spi.c.obj
[ 51%] Building C object firmware/baseband/CMakeFiles/baseband_jammer.elf.dir/__/chibios/os/hal/src/mmcsd.c.obj
[ 51%] Building C object firmware/baseband/CMakeFiles/baseband_jammer.elf.dir/__/chibios/os/hal/src/pal.c.obj
[ 52%] Building C object firmware/baseband/CMakeFiles/baseband_jammer.elf.dir/__/chibios/os/hal/src/pwm.c.obj
[ 52%] Building C object firmware/baseband/CMakeFiles/baseband_jammer.elf.dir/__/chibios/os/hal/src/rtc.c.obj
[ 52%] Building C object firmware/baseband/CMakeFiles/baseband_jammer.elf.dir/__/chibios/os/hal/src/sdc.c.obj
[ 52%] Building C object firmware/baseband/CMakeFiles/baseband_jammer.elf.dir/__/chibios/os/hal/src/serial.c.obj
[ 52%] Building C object firmware/baseband/CMakeFiles/baseband_jammer.elf.dir/__/chibios/os/hal/src/serial_usb.c.obj
[ 52%] Building C object firmware/baseband/CMakeFiles/baseband_jammer.elf.dir/__/chibios/os/hal/src/spi.c.obj
[ 52%] Building C object firmware/baseband/CMakeFiles/baseband_jammer.elf.dir/__/chibios/os/hal/src/tm.c.obj
[ 52%] Building C object firmware/baseband/CMakeFiles/baseband_jammer.elf.dir/__/chibios/os/hal/src/uart.c.obj
[ 52%] Building C object firmware/baseband/CMakeFiles/baseband_jammer.elf.dir/__/chibios/os/hal/src/usb.c.obj
[ 52%] Building C object firmware/baseband/CMakeFiles/baseband_jammer.elf.dir/__/chibios-portapack/os/hal/platforms/LPC43xx_M4/hal_lld.c.obj
[ 52%] Building C object firmware/baseband/CMakeFiles/baseband_jammer.elf.dir/__/chibios-portapack/os/hal/platforms/LPC43xx/gpt_lld.c.obj
[ 52%] Building C object firmware/baseband/CMakeFiles/baseband_jammer.elf.dir/__/chibios-portapack/os/hal/platforms/LPC43xx/i2c_lld.c.obj
[ 52%] Building C object firmware/baseband/CMakeFiles/baseband_jammer.elf.dir/__/chibios-portapack/os/hal/platforms/LPC43xx/pal_lld.c.obj
[ 52%] Building C object firmware/baseband/CMakeFiles/baseband_jammer.elf.dir/__/chibios-portapack/os/hal/platforms/LPC43xx/rtc_lld.c.obj
[ 52%] Building C object firmware/baseband/CMakeFiles/baseband_jammer.elf.dir/__/chibios-portapack/os/hal/platforms/LPC43xx/sdc_lld.c.obj
[ 52%] Building C object firmware/baseband/CMakeFiles/baseband_jammer.elf.dir/__/chibios-portapack/os/hal/platforms/LPC43xx/serial_lld.c.obj
[ 52%] Building C object firmware/baseband/CMakeFiles/baseband_jammer.elf.dir/__/chibios-portapack/os/hal/platforms/LPC43xx/spi_lld.c.obj
[ 52%] Building C object firmware/baseband/CMakeFiles/baseband_jammer.elf.dir/__/chibios-portapack/os/hal/platforms/LPC43xx/lpc43xx.c.obj
[ 52%] Linking CXX executable baseband_jammer.elf
Memory region         Used Size  Region Size  %age Used
           flash:       15472 B      32752 B     47.24%
             ram:       10380 B        96 KB     10.56%
         ram_usb:          0 GB        32 KB      0.00%
[ 52%] Built target baseband_jammer.elf
[ 52%] Building CXX object firmware/baseband/CMakeFiles/baseband_am_tv.elf.dir/proc_am_tv.cpp.obj
[ 52%] Building C object firmware/baseband/CMakeFiles/baseband_am_tv.elf.dir/__/chibios/os/hal/src/hal.c.obj
[ 53%] Building C object firmware/baseband/CMakeFiles/baseband_am_tv.elf.dir/__/chibios/os/hal/src/adc.c.obj
[ 53%] Building C object firmware/baseband/CMakeFiles/baseband_am_tv.elf.dir/__/chibios/os/hal/src/can.c.obj
[ 53%] Building C object firmware/baseband/CMakeFiles/baseband_am_tv.elf.dir/__/chibios/os/hal/src/ext.c.obj
[ 53%] Building C object firmware/baseband/CMakeFiles/baseband_am_tv.elf.dir/__/chibios/os/hal/src/gpt.c.obj
[ 53%] Building C object firmware/baseband/CMakeFiles/baseband_am_tv.elf.dir/__/chibios/os/hal/src/i2c.c.obj
[ 53%] Building C object firmware/baseband/CMakeFiles/baseband_am_tv.elf.dir/__/chibios/os/hal/src/icu.c.obj
[ 53%] Building C object firmware/baseband/CMakeFiles/baseband_am_tv.elf.dir/__/chibios/os/hal/src/mac.c.obj
[ 53%] Building C object firmware/baseband/CMakeFiles/baseband_am_tv.elf.dir/__/chibios/os/hal/src/mmc_spi.c.obj
[ 53%] Building C object firmware/baseband/CMakeFiles/baseband_am_tv.elf.dir/__/chibios/os/hal/src/mmcsd.c.obj
[ 53%] Building C object firmware/baseband/CMakeFiles/baseband_am_tv.elf.dir/__/chibios/os/hal/src/pal.c.obj
[ 53%] Building C object firmware/baseband/CMakeFiles/baseband_am_tv.elf.dir/__/chibios/os/hal/src/pwm.c.obj
[ 53%] Building C object firmware/baseband/CMakeFiles/baseband_am_tv.elf.dir/__/chibios/os/hal/src/rtc.c.obj
[ 53%] Building C object firmware/baseband/CMakeFiles/baseband_am_tv.elf.dir/__/chibios/os/hal/src/sdc.c.obj
[ 53%] Building C object firmware/baseband/CMakeFiles/baseband_am_tv.elf.dir/__/chibios/os/hal/src/serial.c.obj
[ 53%] Building C object firmware/baseband/CMakeFiles/baseband_am_tv.elf.dir/__/chibios/os/hal/src/serial_usb.c.obj
[ 53%] Building C object firmware/baseband/CMakeFiles/baseband_am_tv.elf.dir/__/chibios/os/hal/src/spi.c.obj
[ 53%] Building C object firmware/baseband/CMakeFiles/baseband_am_tv.elf.dir/__/chibios/os/hal/src/tm.c.obj
[ 53%] Building C object firmware/baseband/CMakeFiles/baseband_am_tv.elf.dir/__/chibios/os/hal/src/uart.c.obj
[ 53%] Building C object firmware/baseband/CMakeFiles/baseband_am_tv.elf.dir/__/chibios/os/hal/src/usb.c.obj
[ 53%] Building C object firmware/baseband/CMakeFiles/baseband_am_tv.elf.dir/__/chibios-portapack/os/hal/platforms/LPC43xx_M4/hal_lld.c.obj
[ 53%] Building C object firmware/baseband/CMakeFiles/baseband_am_tv.elf.dir/__/chibios-portapack/os/hal/platforms/LPC43xx/gpt_lld.c.obj
[ 53%] Building C object firmware/baseband/CMakeFiles/baseband_am_tv.elf.dir/__/chibios-portapack/os/hal/platforms/LPC43xx/i2c_lld.c.obj
[ 53%] Building C object firmware/baseband/CMakeFiles/baseband_am_tv.elf.dir/__/chibios-portapack/os/hal/platforms/LPC43xx/pal_lld.c.obj
[ 53%] Building C object firmware/baseband/CMakeFiles/baseband_am_tv.elf.dir/__/chibios-portapack/os/hal/platforms/LPC43xx/rtc_lld.c.obj
[ 53%] Building C object firmware/baseband/CMakeFiles/baseband_am_tv.elf.dir/__/chibios-portapack/os/hal/platforms/LPC43xx/sdc_lld.c.obj
[ 53%] Building C object firmware/baseband/CMakeFiles/baseband_am_tv.elf.dir/__/chibios-portapack/os/hal/platforms/LPC43xx/serial_lld.c.obj
[ 53%] Building C object firmware/baseband/CMakeFiles/baseband_am_tv.elf.dir/__/chibios-portapack/os/hal/platforms/LPC43xx/spi_lld.c.obj
[ 53%] Building C object firmware/baseband/CMakeFiles/baseband_am_tv.elf.dir/__/chibios-portapack/os/hal/platforms/LPC43xx/lpc43xx.c.obj
[ 53%] Linking CXX executable baseband_am_tv.elf
Memory region         Used Size  Region Size  %age Used
           flash:       10704 B      32752 B     32.68%
             ram:       10768 B        96 KB     10.95%
         ram_usb:          0 GB        32 KB      0.00%
[ 53%] Built target baseband_am_tv.elf
[ 53%] Building CXX object firmware/baseband/CMakeFiles/baseband_gps_sim.elf.dir/proc_gps_sim.cpp.obj
[ 53%] Building C object firmware/baseband/CMakeFiles/baseband_gps_sim.elf.dir/__/chibios/os/hal/src/hal.c.obj
[ 53%] Building C object firmware/baseband/CMakeFiles/baseband_gps_sim.elf.dir/__/chibios/os/hal/src/adc.c.obj
[ 53%] Building C object firmware/baseband/CMakeFiles/baseband_gps_sim.elf.dir/__/chibios/os/hal/src/can.c.obj
[ 53%] Building C object firmware/baseband/CMakeFiles/baseband_gps_sim.elf.dir/__/chibios/os/hal/src/ext.c.obj
[ 53%] Building C object firmware/baseband/CMakeFiles/baseband_gps_sim.elf.dir/__/chibios/os/hal/src/gpt.c.obj
[ 53%] Building C object firmware/baseband/CMakeFiles/baseband_gps_sim.elf.dir/__/chibios/os/hal/src/i2c.c.obj
[ 53%] Building C object firmware/baseband/CMakeFiles/baseband_gps_sim.elf.dir/__/chibios/os/hal/src/icu.c.obj
[ 53%] Building C object firmware/baseband/CMakeFiles/baseband_gps_sim.elf.dir/__/chibios/os/hal/src/mac.c.obj
[ 53%] Building C object firmware/baseband/CMakeFiles/baseband_gps_sim.elf.dir/__/chibios/os/hal/src/mmc_spi.c.obj
[ 53%] Building C object firmware/baseband/CMakeFiles/baseband_gps_sim.elf.dir/__/chibios/os/hal/src/mmcsd.c.obj
[ 53%] Building C object firmware/baseband/CMakeFiles/baseband_gps_sim.elf.dir/__/chibios/os/hal/src/pal.c.obj
[ 53%] Building C object firmware/baseband/CMakeFiles/baseband_gps_sim.elf.dir/__/chibios/os/hal/src/pwm.c.obj
[ 53%] Building C object firmware/baseband/CMakeFiles/baseband_gps_sim.elf.dir/__/chibios/os/hal/src/rtc.c.obj
[ 53%] Building C object firmware/baseband/CMakeFiles/baseband_gps_sim.elf.dir/__/chibios/os/hal/src/sdc.c.obj
[ 54%] Building C object firmware/baseband/CMakeFiles/baseband_gps_sim.elf.dir/__/chibios/os/hal/src/serial.c.obj
[ 54%] Building C object firmware/baseband/CMakeFiles/baseband_gps_sim.elf.dir/__/chibios/os/hal/src/serial_usb.c.obj
[ 54%] Building C object firmware/baseband/CMakeFiles/baseband_gps_sim.elf.dir/__/chibios/os/hal/src/spi.c.obj
[ 54%] Building C object firmware/baseband/CMakeFiles/baseband_gps_sim.elf.dir/__/chibios/os/hal/src/tm.c.obj
[ 54%] Building C object firmware/baseband/CMakeFiles/baseband_gps_sim.elf.dir/__/chibios/os/hal/src/uart.c.obj
[ 54%] Building C object firmware/baseband/CMakeFiles/baseband_gps_sim.elf.dir/__/chibios/os/hal/src/usb.c.obj
[ 54%] Building C object firmware/baseband/CMakeFiles/baseband_gps_sim.elf.dir/__/chibios-portapack/os/hal/platforms/LPC43xx_M4/hal_lld.c.obj
[ 54%] Building C object firmware/baseband/CMakeFiles/baseband_gps_sim.elf.dir/__/chibios-portapack/os/hal/platforms/LPC43xx/gpt_lld.c.obj
[ 54%] Building C object firmware/baseband/CMakeFiles/baseband_gps_sim.elf.dir/__/chibios-portapack/os/hal/platforms/LPC43xx/i2c_lld.c.obj
[ 54%] Building C object firmware/baseband/CMakeFiles/baseband_gps_sim.elf.dir/__/chibios-portapack/os/hal/platforms/LPC43xx/pal_lld.c.obj
[ 54%] Building C object firmware/baseband/CMakeFiles/baseband_gps_sim.elf.dir/__/chibios-portapack/os/hal/platforms/LPC43xx/rtc_lld.c.obj
[ 54%] Building C object firmware/baseband/CMakeFiles/baseband_gps_sim.elf.dir/__/chibios-portapack/os/hal/platforms/LPC43xx/sdc_lld.c.obj
[ 54%] Building C object firmware/baseband/CMakeFiles/baseband_gps_sim.elf.dir/__/chibios-portapack/os/hal/platforms/LPC43xx/serial_lld.c.obj
[ 54%] Building C object firmware/baseband/CMakeFiles/baseband_gps_sim.elf.dir/__/chibios-portapack/os/hal/platforms/LPC43xx/spi_lld.c.obj
[ 54%] Building C object firmware/baseband/CMakeFiles/baseband_gps_sim.elf.dir/__/chibios-portapack/os/hal/platforms/LPC43xx/lpc43xx.c.obj
[ 54%] Linking CXX executable baseband_gps_sim.elf
Memory region         Used Size  Region Size  %age Used
           flash:       10544 B      32752 B     32.19%
             ram:       10276 B        96 KB     10.45%
         ram_usb:          0 GB        32 KB      0.00%
[ 54%] Built target baseband_gps_sim.elf
[ 54%] Building CXX object firmware/baseband/CMakeFiles/baseband_spectrum_painter.elf.dir/proc_spectrum_painter.cpp.obj
[ 54%] Building C object firmware/baseband/CMakeFiles/baseband_spectrum_painter.elf.dir/__/chibios/os/hal/src/hal.c.obj
[ 54%] Building C object firmware/baseband/CMakeFiles/baseband_spectrum_painter.elf.dir/__/chibios/os/hal/src/adc.c.obj
[ 54%] Building C object firmware/baseband/CMakeFiles/baseband_spectrum_painter.elf.dir/__/chibios/os/hal/src/can.c.obj
[ 54%] Building C object firmware/baseband/CMakeFiles/baseband_spectrum_painter.elf.dir/__/chibios/os/hal/src/ext.c.obj
[ 54%] Building C object firmware/baseband/CMakeFiles/baseband_spectrum_painter.elf.dir/__/chibios/os/hal/src/gpt.c.obj
[ 54%] Building C object firmware/baseband/CMakeFiles/baseband_spectrum_painter.elf.dir/__/chibios/os/hal/src/i2c.c.obj
[ 54%] Building C object firmware/baseband/CMakeFiles/baseband_spectrum_painter.elf.dir/__/chibios/os/hal/src/icu.c.obj
[ 54%] Building C object firmware/baseband/CMakeFiles/baseband_spectrum_painter.elf.dir/__/chibios/os/hal/src/mac.c.obj
[ 54%] Building C object firmware/baseband/CMakeFiles/baseband_spectrum_painter.elf.dir/__/chibios/os/hal/src/mmc_spi.c.obj
[ 54%] Building C object firmware/baseband/CMakeFiles/baseband_spectrum_painter.elf.dir/__/chibios/os/hal/src/mmcsd.c.obj
[ 54%] Building C object firmware/baseband/CMakeFiles/baseband_spectrum_painter.elf.dir/__/chibios/os/hal/src/pal.c.obj
[ 54%] Building C object firmware/baseband/CMakeFiles/baseband_spectrum_painter.elf.dir/__/chibios/os/hal/src/pwm.c.obj
[ 54%] Building C object firmware/baseband/CMakeFiles/baseband_spectrum_painter.elf.dir/__/chibios/os/hal/src/rtc.c.obj
[ 54%] Building C object firmware/baseband/CMakeFiles/baseband_spectrum_painter.elf.dir/__/chibios/os/hal/src/sdc.c.obj
[ 55%] Building C object firmware/baseband/CMakeFiles/baseband_spectrum_painter.elf.dir/__/chibios/os/hal/src/serial.c.obj
[ 55%] Building C object firmware/baseband/CMakeFiles/baseband_spectrum_painter.elf.dir/__/chibios/os/hal/src/serial_usb.c.obj
[ 55%] Building C object firmware/baseband/CMakeFiles/baseband_spectrum_painter.elf.dir/__/chibios/os/hal/src/spi.c.obj
[ 55%] Building C object firmware/baseband/CMakeFiles/baseband_spectrum_painter.elf.dir/__/chibios/os/hal/src/tm.c.obj
[ 55%] Building C object firmware/baseband/CMakeFiles/baseband_spectrum_painter.elf.dir/__/chibios/os/hal/src/uart.c.obj
[ 55%] Building C object firmware/baseband/CMakeFiles/baseband_spectrum_painter.elf.dir/__/chibios/os/hal/src/usb.c.obj
[ 55%] Building C object firmware/baseband/CMakeFiles/baseband_spectrum_painter.elf.dir/__/chibios-portapack/os/hal/platforms/LPC43xx_M4/hal_lld.c.obj
[ 55%] Building C object firmware/baseband/CMakeFiles/baseband_spectrum_painter.elf.dir/__/chibios-portapack/os/hal/platforms/LPC43xx/gpt_lld.c.obj
[ 55%] Building C object firmware/baseband/CMakeFiles/baseband_spectrum_painter.elf.dir/__/chibios-portapack/os/hal/platforms/LPC43xx/i2c_lld.c.obj
[ 55%] Building C object firmware/baseband/CMakeFiles/baseband_spectrum_painter.elf.dir/__/chibios-portapack/os/hal/platforms/LPC43xx/pal_lld.c.obj
[ 55%] Building C object firmware/baseband/CMakeFiles/baseband_spectrum_painter.elf.dir/__/chibios-portapack/os/hal/platforms/LPC43xx/rtc_lld.c.obj
[ 55%] Building C object firmware/baseband/CMakeFiles/baseband_spectrum_painter.elf.dir/__/chibios-portapack/os/hal/platforms/LPC43xx/sdc_lld.c.obj
[ 55%] Building C object firmware/baseband/CMakeFiles/baseband_spectrum_painter.elf.dir/__/chibios-portapack/os/hal/platforms/LPC43xx/serial_lld.c.obj
[ 55%] Building C object firmware/baseband/CMakeFiles/baseband_spectrum_painter.elf.dir/__/chibios-portapack/os/hal/platforms/LPC43xx/spi_lld.c.obj
[ 55%] Building C object firmware/baseband/CMakeFiles/baseband_spectrum_painter.elf.dir/__/chibios-portapack/os/hal/platforms/LPC43xx/lpc43xx.c.obj
[ 55%] Linking CXX executable baseband_spectrum_painter.elf
Memory region         Used Size  Region Size  %age Used
           flash:       12944 B      32752 B     39.52%
             ram:       17308 B        96 KB     17.61%
         ram_usb:          0 GB        32 KB      0.00%
[ 55%] Built target baseband_spectrum_painter.elf
[ 55%] Building CXX object firmware/baseband/CMakeFiles/baseband_test.elf.dir/proc_test.cpp.obj
[ 55%] Building C object firmware/baseband/CMakeFiles/baseband_test.elf.dir/__/chibios/os/hal/src/hal.c.obj
[ 55%] Building C object firmware/baseband/CMakeFiles/baseband_test.elf.dir/__/chibios/os/hal/src/adc.c.obj
[ 55%] Building C object firmware/baseband/CMakeFiles/baseband_test.elf.dir/__/chibios/os/hal/src/can.c.obj
[ 55%] Building C object firmware/baseband/CMakeFiles/baseband_test.elf.dir/__/chibios/os/hal/src/ext.c.obj
[ 55%] Building C object firmware/baseband/CMakeFiles/baseband_test.elf.dir/__/chibios/os/hal/src/gpt.c.obj
[ 55%] Building C object firmware/baseband/CMakeFiles/baseband_test.elf.dir/__/chibios/os/hal/src/i2c.c.obj
[ 55%] Building C object firmware/baseband/CMakeFiles/baseband_test.elf.dir/__/chibios/os/hal/src/icu.c.obj
[ 55%] Building C object firmware/baseband/CMakeFiles/baseband_test.elf.dir/__/chibios/os/hal/src/mac.c.obj
[ 55%] Building C object firmware/baseband/CMakeFiles/baseband_test.elf.dir/__/chibios/os/hal/src/mmc_spi.c.obj
[ 55%] Building C object firmware/baseband/CMakeFiles/baseband_test.elf.dir/__/chibios/os/hal/src/mmcsd.c.obj
[ 55%] Building C object firmware/baseband/CMakeFiles/baseband_test.elf.dir/__/chibios/os/hal/src/pal.c.obj
[ 55%] Building C object firmware/baseband/CMakeFiles/baseband_test.elf.dir/__/chibios/os/hal/src/pwm.c.obj
[ 55%] Building C object firmware/baseband/CMakeFiles/baseband_test.elf.dir/__/chibios/os/hal/src/rtc.c.obj
[ 55%] Building C object firmware/baseband/CMakeFiles/baseband_test.elf.dir/__/chibios/os/hal/src/sdc.c.obj
[ 55%] Building C object firmware/baseband/CMakeFiles/baseband_test.elf.dir/__/chibios/os/hal/src/serial.c.obj
[ 55%] Building C object firmware/baseband/CMakeFiles/baseband_test.elf.dir/__/chibios/os/hal/src/serial_usb.c.obj
[ 55%] Building C object firmware/baseband/CMakeFiles/baseband_test.elf.dir/__/chibios/os/hal/src/spi.c.obj
[ 55%] Building C object firmware/baseband/CMakeFiles/baseband_test.elf.dir/__/chibios/os/hal/src/tm.c.obj
[ 55%] Building C object firmware/baseband/CMakeFiles/baseband_test.elf.dir/__/chibios/os/hal/src/uart.c.obj
[ 55%] Building C object firmware/baseband/CMakeFiles/baseband_test.elf.dir/__/chibios/os/hal/src/usb.c.obj
[ 55%] Building C object firmware/baseband/CMakeFiles/baseband_test.elf.dir/__/chibios-portapack/os/hal/platforms/LPC43xx_M4/hal_lld.c.obj
[ 55%] Building C object firmware/baseband/CMakeFiles/baseband_test.elf.dir/__/chibios-portapack/os/hal/platforms/LPC43xx/gpt_lld.c.obj
[ 55%] Building C object firmware/baseband/CMakeFiles/baseband_test.elf.dir/__/chibios-portapack/os/hal/platforms/LPC43xx/i2c_lld.c.obj
[ 55%] Building C object firmware/baseband/CMakeFiles/baseband_test.elf.dir/__/chibios-portapack/os/hal/platforms/LPC43xx/pal_lld.c.obj
[ 55%] Building C object firmware/baseband/CMakeFiles/baseband_test.elf.dir/__/chibios-portapack/os/hal/platforms/LPC43xx/rtc_lld.c.obj
[ 55%] Building C object firmware/baseband/CMakeFiles/baseband_test.elf.dir/__/chibios-portapack/os/hal/platforms/LPC43xx/sdc_lld.c.obj
[ 56%] Building C object firmware/baseband/CMakeFiles/baseband_test.elf.dir/__/chibios-portapack/os/hal/platforms/LPC43xx/serial_lld.c.obj
[ 56%] Building C object firmware/baseband/CMakeFiles/baseband_test.elf.dir/__/chibios-portapack/os/hal/platforms/LPC43xx/spi_lld.c.obj
[ 56%] Building C object firmware/baseband/CMakeFiles/baseband_test.elf.dir/__/chibios-portapack/os/hal/platforms/LPC43xx/lpc43xx.c.obj
[ 56%] Linking CXX executable baseband_test.elf
Memory region         Used Size  Region Size  %age Used
           flash:       13000 B      32752 B     39.69%
             ram:       10768 B        96 KB     10.95%
         ram_usb:          0 GB        32 KB      0.00%
[ 56%] Built target baseband_test.elf
[ 56%] Building CXX object firmware/baseband/CMakeFiles/baseband_audio_beep.elf.dir/proc_audio_beep.cpp.obj
[ 56%] Building C object firmware/baseband/CMakeFiles/baseband_audio_beep.elf.dir/__/chibios/os/hal/src/hal.c.obj
[ 56%] Building C object firmware/baseband/CMakeFiles/baseband_audio_beep.elf.dir/__/chibios/os/hal/src/adc.c.obj
[ 56%] Building C object firmware/baseband/CMakeFiles/baseband_audio_beep.elf.dir/__/chibios/os/hal/src/can.c.obj
[ 56%] Building C object firmware/baseband/CMakeFiles/baseband_audio_beep.elf.dir/__/chibios/os/hal/src/ext.c.obj
[ 56%] Building C object firmware/baseband/CMakeFiles/baseband_audio_beep.elf.dir/__/chibios/os/hal/src/gpt.c.obj
[ 56%] Building C object firmware/baseband/CMakeFiles/baseband_audio_beep.elf.dir/__/chibios/os/hal/src/i2c.c.obj
[ 56%] Building C object firmware/baseband/CMakeFiles/baseband_audio_beep.elf.dir/__/chibios/os/hal/src/icu.c.obj
[ 56%] Building C object firmware/baseband/CMakeFiles/baseband_audio_beep.elf.dir/__/chibios/os/hal/src/mac.c.obj
[ 56%] Building C object firmware/baseband/CMakeFiles/baseband_audio_beep.elf.dir/__/chibios/os/hal/src/mmc_spi.c.obj
[ 56%] Building C object firmware/baseband/CMakeFiles/baseband_audio_beep.elf.dir/__/chibios/os/hal/src/mmcsd.c.obj
[ 56%] Building C object firmware/baseband/CMakeFiles/baseband_audio_beep.elf.dir/__/chibios/os/hal/src/pal.c.obj
[ 56%] Building C object firmware/baseband/CMakeFiles/baseband_audio_beep.elf.dir/__/chibios/os/hal/src/pwm.c.obj
[ 56%] Building C object firmware/baseband/CMakeFiles/baseband_audio_beep.elf.dir/__/chibios/os/hal/src/rtc.c.obj
[ 56%] Building C object firmware/baseband/CMakeFiles/baseband_audio_beep.elf.dir/__/chibios/os/hal/src/sdc.c.obj
[ 56%] Building C object firmware/baseband/CMakeFiles/baseband_audio_beep.elf.dir/__/chibios/os/hal/src/serial.c.obj
[ 56%] Building C object firmware/baseband/CMakeFiles/baseband_audio_beep.elf.dir/__/chibios/os/hal/src/serial_usb.c.obj
[ 56%] Building C object firmware/baseband/CMakeFiles/baseband_audio_beep.elf.dir/__/chibios/os/hal/src/spi.c.obj
[ 56%] Building C object firmware/baseband/CMakeFiles/baseband_audio_beep.elf.dir/__/chibios/os/hal/src/tm.c.obj
[ 56%] Building C object firmware/baseband/CMakeFiles/baseband_audio_beep.elf.dir/__/chibios/os/hal/src/uart.c.obj
[ 56%] Building C object firmware/baseband/CMakeFiles/baseband_audio_beep.elf.dir/__/chibios/os/hal/src/usb.c.obj
[ 56%] Building C object firmware/baseband/CMakeFiles/baseband_audio_beep.elf.dir/__/chibios-portapack/os/hal/platforms/LPC43xx_M4/hal_lld.c.obj
[ 56%] Building C object firmware/baseband/CMakeFiles/baseband_audio_beep.elf.dir/__/chibios-portapack/os/hal/platforms/LPC43xx/gpt_lld.c.obj
[ 56%] Building C object firmware/baseband/CMakeFiles/baseband_audio_beep.elf.dir/__/chibios-portapack/os/hal/platforms/LPC43xx/i2c_lld.c.obj
[ 56%] Building C object firmware/baseband/CMakeFiles/baseband_audio_beep.elf.dir/__/chibios-portapack/os/hal/platforms/LPC43xx/pal_lld.c.obj
[ 57%] Building C object firmware/baseband/CMakeFiles/baseband_audio_beep.elf.dir/__/chibios-portapack/os/hal/platforms/LPC43xx/rtc_lld.c.obj
[ 57%] Building C object firmware/baseband/CMakeFiles/baseband_audio_beep.elf.dir/__/chibios-portapack/os/hal/platforms/LPC43xx/sdc_lld.c.obj
[ 57%] Building C object firmware/baseband/CMakeFiles/baseband_audio_beep.elf.dir/__/chibios-portapack/os/hal/platforms/LPC43xx/serial_lld.c.obj
[ 57%] Building C object firmware/baseband/CMakeFiles/baseband_audio_beep.elf.dir/__/chibios-portapack/os/hal/platforms/LPC43xx/spi_lld.c.obj
[ 57%] Building C object firmware/baseband/CMakeFiles/baseband_audio_beep.elf.dir/__/chibios-portapack/os/hal/platforms/LPC43xx/lpc43xx.c.obj
[ 57%] Linking CXX executable baseband_audio_beep.elf
Memory region         Used Size  Region Size  %age Used
           flash:        6968 B      32752 B     21.28%
             ram:        6364 B        96 KB      6.47%
         ram_usb:          0 GB        32 KB      0.00%
[ 57%] Built target baseband_audio_beep.elf
[ 57%] Building CXX object firmware/baseband/CMakeFiles/baseband_protoview.elf.dir/proc_protoview.cpp.obj
[ 57%] Building C object firmware/baseband/CMakeFiles/baseband_protoview.elf.dir/__/chibios/os/hal/src/hal.c.obj
[ 57%] Building C object firmware/baseband/CMakeFiles/baseband_protoview.elf.dir/__/chibios/os/hal/src/adc.c.obj
[ 57%] Building C object firmware/baseband/CMakeFiles/baseband_protoview.elf.dir/__/chibios/os/hal/src/can.c.obj
[ 57%] Building C object firmware/baseband/CMakeFiles/baseband_protoview.elf.dir/__/chibios/os/hal/src/ext.c.obj
[ 57%] Building C object firmware/baseband/CMakeFiles/baseband_protoview.elf.dir/__/chibios/os/hal/src/gpt.c.obj
[ 57%] Building C object firmware/baseband/CMakeFiles/baseband_protoview.elf.dir/__/chibios/os/hal/src/i2c.c.obj
[ 57%] Building C object firmware/baseband/CMakeFiles/baseband_protoview.elf.dir/__/chibios/os/hal/src/icu.c.obj
[ 57%] Building C object firmware/baseband/CMakeFiles/baseband_protoview.elf.dir/__/chibios/os/hal/src/mac.c.obj
[ 57%] Building C object firmware/baseband/CMakeFiles/baseband_protoview.elf.dir/__/chibios/os/hal/src/mmc_spi.c.obj
[ 57%] Building C object firmware/baseband/CMakeFiles/baseband_protoview.elf.dir/__/chibios/os/hal/src/mmcsd.c.obj
[ 57%] Building C object firmware/baseband/CMakeFiles/baseband_protoview.elf.dir/__/chibios/os/hal/src/pal.c.obj
[ 57%] Building C object firmware/baseband/CMakeFiles/baseband_protoview.elf.dir/__/chibios/os/hal/src/pwm.c.obj
[ 57%] Building C object firmware/baseband/CMakeFiles/baseband_protoview.elf.dir/__/chibios/os/hal/src/rtc.c.obj
[ 58%] Building C object firmware/baseband/CMakeFiles/baseband_protoview.elf.dir/__/chibios/os/hal/src/sdc.c.obj
[ 58%] Building C object firmware/baseband/CMakeFiles/baseband_protoview.elf.dir/__/chibios/os/hal/src/serial.c.obj
[ 58%] Building C object firmware/baseband/CMakeFiles/baseband_protoview.elf.dir/__/chibios/os/hal/src/serial_usb.c.obj
[ 58%] Building C object firmware/baseband/CMakeFiles/baseband_protoview.elf.dir/__/chibios/os/hal/src/spi.c.obj
[ 58%] Building C object firmware/baseband/CMakeFiles/baseband_protoview.elf.dir/__/chibios/os/hal/src/tm.c.obj
[ 58%] Building C object firmware/baseband/CMakeFiles/baseband_protoview.elf.dir/__/chibios/os/hal/src/uart.c.obj
[ 58%] Building C object firmware/baseband/CMakeFiles/baseband_protoview.elf.dir/__/chibios/os/hal/src/usb.c.obj
[ 58%] Building C object firmware/baseband/CMakeFiles/baseband_protoview.elf.dir/__/chibios-portapack/os/hal/platforms/LPC43xx_M4/hal_lld.c.obj
[ 58%] Building C object firmware/baseband/CMakeFiles/baseband_protoview.elf.dir/__/chibios-portapack/os/hal/platforms/LPC43xx/gpt_lld.c.obj
[ 58%] Building C object firmware/baseband/CMakeFiles/baseband_protoview.elf.dir/__/chibios-portapack/os/hal/platforms/LPC43xx/i2c_lld.c.obj
[ 58%] Building C object firmware/baseband/CMakeFiles/baseband_protoview.elf.dir/__/chibios-portapack/os/hal/platforms/LPC43xx/pal_lld.c.obj
[ 58%] Building C object firmware/baseband/CMakeFiles/baseband_protoview.elf.dir/__/chibios-portapack/os/hal/platforms/LPC43xx/rtc_lld.c.obj
[ 58%] Building C object firmware/baseband/CMakeFiles/baseband_protoview.elf.dir/__/chibios-portapack/os/hal/platforms/LPC43xx/sdc_lld.c.obj
[ 58%] Building C object firmware/baseband/CMakeFiles/baseband_protoview.elf.dir/__/chibios-portapack/os/hal/platforms/LPC43xx/serial_lld.c.obj
[ 58%] Building C object firmware/baseband/CMakeFiles/baseband_protoview.elf.dir/__/chibios-portapack/os/hal/platforms/LPC43xx/spi_lld.c.obj
[ 58%] Building C object firmware/baseband/CMakeFiles/baseband_protoview.elf.dir/__/chibios-portapack/os/hal/platforms/LPC43xx/lpc43xx.c.obj
[ 58%] Linking CXX executable baseband_protoview.elf
Memory region         Used Size  Region Size  %age Used
           flash:       12128 B      32752 B     37.03%
             ram:       11380 B        96 KB     11.58%
         ram_usb:          0 GB        32 KB      0.00%
[ 58%] Built target baseband_protoview.elf
[ 58%] Building CXX object firmware/baseband/CMakeFiles/baseband_sstvtx.elf.dir/proc_sstvtx.cpp.obj
[ 58%] Building C object firmware/baseband/CMakeFiles/baseband_sstvtx.elf.dir/__/chibios/os/hal/src/hal.c.obj
[ 58%] Building C object firmware/baseband/CMakeFiles/baseband_sstvtx.elf.dir/__/chibios/os/hal/src/adc.c.obj
[ 58%] Building C object firmware/baseband/CMakeFiles/baseband_sstvtx.elf.dir/__/chibios/os/hal/src/can.c.obj
[ 58%] Building C object firmware/baseband/CMakeFiles/baseband_sstvtx.elf.dir/__/chibios/os/hal/src/ext.c.obj
[ 58%] Building C object firmware/baseband/CMakeFiles/baseband_sstvtx.elf.dir/__/chibios/os/hal/src/gpt.c.obj
[ 58%] Building C object firmware/baseband/CMakeFiles/baseband_sstvtx.elf.dir/__/chibios/os/hal/src/i2c.c.obj
[ 58%] Building C object firmware/baseband/CMakeFiles/baseband_sstvtx.elf.dir/__/chibios/os/hal/src/icu.c.obj
[ 58%] Building C object firmware/baseband/CMakeFiles/baseband_sstvtx.elf.dir/__/chibios/os/hal/src/mac.c.obj
[ 58%] Building C object firmware/baseband/CMakeFiles/baseband_sstvtx.elf.dir/__/chibios/os/hal/src/mmc_spi.c.obj
[ 59%] Building C object firmware/baseband/CMakeFiles/baseband_sstvtx.elf.dir/__/chibios/os/hal/src/mmcsd.c.obj
[ 59%] Building C object firmware/baseband/CMakeFiles/baseband_sstvtx.elf.dir/__/chibios/os/hal/src/pal.c.obj
[ 59%] Building C object firmware/baseband/CMakeFiles/baseband_sstvtx.elf.dir/__/chibios/os/hal/src/pwm.c.obj
[ 59%] Building C object firmware/baseband/CMakeFiles/baseband_sstvtx.elf.dir/__/chibios/os/hal/src/rtc.c.obj
[ 59%] Building C object firmware/baseband/CMakeFiles/baseband_sstvtx.elf.dir/__/chibios/os/hal/src/sdc.c.obj
[ 59%] Building C object firmware/baseband/CMakeFiles/baseband_sstvtx.elf.dir/__/chibios/os/hal/src/serial.c.obj
[ 59%] Building C object firmware/baseband/CMakeFiles/baseband_sstvtx.elf.dir/__/chibios/os/hal/src/serial_usb.c.obj
[ 59%] Building C object firmware/baseband/CMakeFiles/baseband_sstvtx.elf.dir/__/chibios/os/hal/src/spi.c.obj
[ 59%] Building C object firmware/baseband/CMakeFiles/baseband_sstvtx.elf.dir/__/chibios/os/hal/src/tm.c.obj
[ 59%] Building C object firmware/baseband/CMakeFiles/baseband_sstvtx.elf.dir/__/chibios/os/hal/src/uart.c.obj
[ 59%] Building C object firmware/baseband/CMakeFiles/baseband_sstvtx.elf.dir/__/chibios/os/hal/src/usb.c.obj
[ 59%] Building C object firmware/baseband/CMakeFiles/baseband_sstvtx.elf.dir/__/chibios-portapack/os/hal/platforms/LPC43xx_M4/hal_lld.c.obj
[ 59%] Building C object firmware/baseband/CMakeFiles/baseband_sstvtx.elf.dir/__/chibios-portapack/os/hal/platforms/LPC43xx/gpt_lld.c.obj
[ 59%] Building C object firmware/baseband/CMakeFiles/baseband_sstvtx.elf.dir/__/chibios-portapack/os/hal/platforms/LPC43xx/i2c_lld.c.obj
[ 59%] Building C object firmware/baseband/CMakeFiles/baseband_sstvtx.elf.dir/__/chibios-portapack/os/hal/platforms/LPC43xx/pal_lld.c.obj
[ 59%] Building C object firmware/baseband/CMakeFiles/baseband_sstvtx.elf.dir/__/chibios-portapack/os/hal/platforms/LPC43xx/rtc_lld.c.obj
[ 59%] Building C object firmware/baseband/CMakeFiles/baseband_sstvtx.elf.dir/__/chibios-portapack/os/hal/platforms/LPC43xx/sdc_lld.c.obj
[ 59%] Building C object firmware/baseband/CMakeFiles/baseband_sstvtx.elf.dir/__/chibios-portapack/os/hal/platforms/LPC43xx/serial_lld.c.obj
[ 59%] Building C object firmware/baseband/CMakeFiles/baseband_sstvtx.elf.dir/__/chibios-portapack/os/hal/platforms/LPC43xx/spi_lld.c.obj
[ 59%] Building C object firmware/baseband/CMakeFiles/baseband_sstvtx.elf.dir/__/chibios-portapack/os/hal/platforms/LPC43xx/lpc43xx.c.obj
[ 59%] Linking CXX executable baseband_sstvtx.elf
Memory region         Used Size  Region Size  %age Used
           flash:        9152 B      32752 B     27.94%
             ram:       10276 B        96 KB     10.45%
         ram_usb:          0 GB        32 KB      0.00%
[ 59%] Built target baseband_sstvtx.elf
[ 59%] Building CXX object firmware/baseband/CMakeFiles/baseband_sstvrx.elf.dir/proc_sstvrx.cpp.obj
[ 59%] Building C object firmware/baseband/CMakeFiles/baseband_sstvrx.elf.dir/__/chibios/os/hal/src/hal.c.obj
[ 59%] Building C object firmware/baseband/CMakeFiles/baseband_sstvrx.elf.dir/__/chibios/os/hal/src/adc.c.obj
[ 59%] Building C object firmware/baseband/CMakeFiles/baseband_sstvrx.elf.dir/__/chibios/os/hal/src/can.c.obj
[ 59%] Building C object firmware/baseband/CMakeFiles/baseband_sstvrx.elf.dir/__/chibios/os/hal/src/ext.c.obj
[ 59%] Building C object firmware/baseband/CMakeFiles/baseband_sstvrx.elf.dir/__/chibios/os/hal/src/gpt.c.obj
[ 59%] Building C object firmware/baseband/CMakeFiles/baseband_sstvrx.elf.dir/__/chibios/os/hal/src/i2c.c.obj
[ 59%] Building C object firmware/baseband/CMakeFiles/baseband_sstvrx.elf.dir/__/chibios/os/hal/src/icu.c.obj
[ 59%] Building C object firmware/baseband/CMakeFiles/baseband_sstvrx.elf.dir/__/chibios/os/hal/src/mac.c.obj
[ 59%] Building C object firmware/baseband/CMakeFiles/baseband_sstvrx.elf.dir/__/chibios/os/hal/src/mmc_spi.c.obj
[ 59%] Building C object firmware/baseband/CMakeFiles/baseband_sstvrx.elf.dir/__/chibios/os/hal/src/mmcsd.c.obj
[ 59%] Building C object firmware/baseband/CMakeFiles/baseband_sstvrx.elf.dir/__/chibios/os/hal/src/pal.c.obj
[ 59%] Building C object firmware/baseband/CMakeFiles/baseband_sstvrx.elf.dir/__/chibios/os/hal/src/pwm.c.obj
[ 60%] Building C object firmware/baseband/CMakeFiles/baseband_sstvrx.elf.dir/__/chibios/os/hal/src/rtc.c.obj
[ 60%] Building C object firmware/baseband/CMakeFiles/baseband_sstvrx.elf.dir/__/chibios/os/hal/src/sdc.c.obj
[ 60%] Building C object firmware/baseband/CMakeFiles/baseband_sstvrx.elf.dir/__/chibios/os/hal/src/serial.c.obj
[ 60%] Building C object firmware/baseband/CMakeFiles/baseband_sstvrx.elf.dir/__/chibios/os/hal/src/serial_usb.c.obj
[ 60%] Building C object firmware/baseband/CMakeFiles/baseband_sstvrx.elf.dir/__/chibios/os/hal/src/spi.c.obj
[ 60%] Building C object firmware/baseband/CMakeFiles/baseband_sstvrx.elf.dir/__/chibios/os/hal/src/tm.c.obj
[ 60%] Building C object firmware/baseband/CMakeFiles/baseband_sstvrx.elf.dir/__/chibios/os/hal/src/uart.c.obj
[ 60%] Building C object firmware/baseband/CMakeFiles/baseband_sstvrx.elf.dir/__/chibios/os/hal/src/usb.c.obj
[ 60%] Building C object firmware/baseband/CMakeFiles/baseband_sstvrx.elf.dir/__/chibios-portapack/os/hal/platforms/LPC43xx_M4/hal_lld.c.obj
[ 60%] Building C object firmware/baseband/CMakeFiles/baseband_sstvrx.elf.dir/__/chibios-portapack/os/hal/platforms/LPC43xx/gpt_lld.c.obj
[ 60%] Building C object firmware/baseband/CMakeFiles/baseband_sstvrx.elf.dir/__/chibios-portapack/os/hal/platforms/LPC43xx/i2c_lld.c.obj
[ 60%] Building C object firmware/baseband/CMakeFiles/baseband_sstvrx.elf.dir/__/chibios-portapack/os/hal/platforms/LPC43xx/pal_lld.c.obj
[ 60%] Building C object firmware/baseband/CMakeFiles/baseband_sstvrx.elf.dir/__/chibios-portapack/os/hal/platforms/LPC43xx/rtc_lld.c.obj
[ 60%] Building C object firmware/baseband/CMakeFiles/baseband_sstvrx.elf.dir/__/chibios-portapack/os/hal/platforms/LPC43xx/sdc_lld.c.obj
[ 60%] Building C object firmware/baseband/CMakeFiles/baseband_sstvrx.elf.dir/__/chibios-portapack/os/hal/platforms/LPC43xx/serial_lld.c.obj
[ 60%] Building C object firmware/baseband/CMakeFiles/baseband_sstvrx.elf.dir/__/chibios-portapack/os/hal/platforms/LPC43xx/spi_lld.c.obj
[ 60%] Building C object firmware/baseband/CMakeFiles/baseband_sstvrx.elf.dir/__/chibios-portapack/os/hal/platforms/LPC43xx/lpc43xx.c.obj
[ 60%] Linking CXX executable baseband_sstvrx.elf
Memory region         Used Size  Region Size  %age Used
           flash:       25200 B      32752 B     76.94%
             ram:       10864 B        96 KB     11.05%
         ram_usb:          0 GB        32 KB      0.00%
[ 60%] Built target baseband_sstvrx.elf
[ 60%] Building CXX object firmware/baseband/CMakeFiles/baseband_tpms.elf.dir/proc_tpms.cpp.obj
[ 60%] Building C object firmware/baseband/CMakeFiles/baseband_tpms.elf.dir/__/chibios/os/hal/src/hal.c.obj
[ 60%] Building C object firmware/baseband/CMakeFiles/baseband_tpms.elf.dir/__/chibios/os/hal/src/adc.c.obj
[ 60%] Building C object firmware/baseband/CMakeFiles/baseband_tpms.elf.dir/__/chibios/os/hal/src/can.c.obj
[ 60%] Building C object firmware/baseband/CMakeFiles/baseband_tpms.elf.dir/__/chibios/os/hal/src/ext.c.obj
[ 60%] Building C object firmware/baseband/CMakeFiles/baseband_tpms.elf.dir/__/chibios/os/hal/src/gpt.c.obj
[ 60%] Building C object firmware/baseband/CMakeFiles/baseband_tpms.elf.dir/__/chibios/os/hal/src/i2c.c.obj
[ 60%] Building C object firmware/baseband/CMakeFiles/baseband_tpms.elf.dir/__/chibios/os/hal/src/icu.c.obj
[ 60%] Building C object firmware/baseband/CMakeFiles/baseband_tpms.elf.dir/__/chibios/os/hal/src/mac.c.obj
[ 60%] Building C object firmware/baseband/CMakeFiles/baseband_tpms.elf.dir/__/chibios/os/hal/src/mmc_spi.c.obj
[ 60%] Building C object firmware/baseband/CMakeFiles/baseband_tpms.elf.dir/__/chibios/os/hal/src/mmcsd.c.obj
[ 60%] Building C object firmware/baseband/CMakeFiles/baseband_tpms.elf.dir/__/chibios/os/hal/src/pal.c.obj
[ 60%] Building C object firmware/baseband/CMakeFiles/baseband_tpms.elf.dir/__/chibios/os/hal/src/pwm.c.obj
[ 60%] Building C object firmware/baseband/CMakeFiles/baseband_tpms.elf.dir/__/chibios/os/hal/src/rtc.c.obj
[ 61%] Building C object firmware/baseband/CMakeFiles/baseband_tpms.elf.dir/__/chibios/os/hal/src/sdc.c.obj
[ 61%] Building C object firmware/baseband/CMakeFiles/baseband_tpms.elf.dir/__/chibios/os/hal/src/serial.c.obj
[ 61%] Building C object firmware/baseband/CMakeFiles/baseband_tpms.elf.dir/__/chibios/os/hal/src/serial_usb.c.obj
[ 61%] Building C object firmware/baseband/CMakeFiles/baseband_tpms.elf.dir/__/chibios/os/hal/src/spi.c.obj
[ 61%] Building C object firmware/baseband/CMakeFiles/baseband_tpms.elf.dir/__/chibios/os/hal/src/tm.c.obj
[ 61%] Building C object firmware/baseband/CMakeFiles/baseband_tpms.elf.dir/__/chibios/os/hal/src/uart.c.obj
[ 61%] Building C object firmware/baseband/CMakeFiles/baseband_tpms.elf.dir/__/chibios/os/hal/src/usb.c.obj
[ 61%] Building C object firmware/baseband/CMakeFiles/baseband_tpms.elf.dir/__/chibios-portapack/os/hal/platforms/LPC43xx_M4/hal_lld.c.obj
[ 61%] Building C object firmware/baseband/CMakeFiles/baseband_tpms.elf.dir/__/chibios-portapack/os/hal/platforms/LPC43xx/gpt_lld.c.obj
[ 61%] Building C object firmware/baseband/CMakeFiles/baseband_tpms.elf.dir/__/chibios-portapack/os/hal/platforms/LPC43xx/i2c_lld.c.obj
[ 61%] Building C object firmware/baseband/CMakeFiles/baseband_tpms.elf.dir/__/chibios-portapack/os/hal/platforms/LPC43xx/pal_lld.c.obj
[ 61%] Building C object firmware/baseband/CMakeFiles/baseband_tpms.elf.dir/__/chibios-portapack/os/hal/platforms/LPC43xx/rtc_lld.c.obj
[ 61%] Building C object firmware/baseband/CMakeFiles/baseband_tpms.elf.dir/__/chibios-portapack/os/hal/platforms/LPC43xx/sdc_lld.c.obj
[ 61%] Building C object firmware/baseband/CMakeFiles/baseband_tpms.elf.dir/__/chibios-portapack/os/hal/platforms/LPC43xx/serial_lld.c.obj
[ 61%] Building C object firmware/baseband/CMakeFiles/baseband_tpms.elf.dir/__/chibios-portapack/os/hal/platforms/LPC43xx/spi_lld.c.obj
[ 61%] Building C object firmware/baseband/CMakeFiles/baseband_tpms.elf.dir/__/chibios-portapack/os/hal/platforms/LPC43xx/lpc43xx.c.obj
[ 61%] Linking CXX executable baseband_tpms.elf
Memory region         Used Size  Region Size  %age Used
           flash:       15368 B      32752 B     46.92%
             ram:       11380 B        96 KB     11.58%
         ram_usb:          0 GB        32 KB      0.00%
[ 61%] Built target baseband_tpms.elf
[ 61%] Building CXX object firmware/baseband/CMakeFiles/baseband_adsbtx.elf.dir/proc_adsbtx.cpp.obj
[ 61%] Building C object firmware/baseband/CMakeFiles/baseband_adsbtx.elf.dir/__/chibios/os/hal/src/hal.c.obj
[ 61%] Building C object firmware/baseband/CMakeFiles/baseband_adsbtx.elf.dir/__/chibios/os/hal/src/adc.c.obj
[ 61%] Building C object firmware/baseband/CMakeFiles/baseband_adsbtx.elf.dir/__/chibios/os/hal/src/can.c.obj
[ 61%] Building C object firmware/baseband/CMakeFiles/baseband_adsbtx.elf.dir/__/chibios/os/hal/src/ext.c.obj
[ 61%] Building C object firmware/baseband/CMakeFiles/baseband_adsbtx.elf.dir/__/chibios/os/hal/src/gpt.c.obj
[ 61%] Building C object firmware/baseband/CMakeFiles/baseband_adsbtx.elf.dir/__/chibios/os/hal/src/i2c.c.obj
[ 61%] Building C object firmware/baseband/CMakeFiles/baseband_adsbtx.elf.dir/__/chibios/os/hal/src/icu.c.obj
[ 61%] Building C object firmware/baseband/CMakeFiles/baseband_adsbtx.elf.dir/__/chibios/os/hal/src/mac.c.obj
[ 61%] Building C object firmware/baseband/CMakeFiles/baseband_adsbtx.elf.dir/__/chibios/os/hal/src/mmc_spi.c.obj
[ 61%] Building C object firmware/baseband/CMakeFiles/baseband_adsbtx.elf.dir/__/chibios/os/hal/src/mmcsd.c.obj
[ 61%] Building C object firmware/baseband/CMakeFiles/baseband_adsbtx.elf.dir/__/chibios/os/hal/src/pal.c.obj
[ 61%] Building C object firmware/baseband/CMakeFiles/baseband_adsbtx.elf.dir/__/chibios/os/hal/src/pwm.c.obj
[ 61%] Building C object firmware/baseband/CMakeFiles/baseband_adsbtx.elf.dir/__/chibios/os/hal/src/rtc.c.obj
[ 61%] Building C object firmware/baseband/CMakeFiles/baseband_adsbtx.elf.dir/__/chibios/os/hal/src/sdc.c.obj
[ 62%] Building C object firmware/baseband/CMakeFiles/baseband_adsbtx.elf.dir/__/chibios/os/hal/src/serial.c.obj
[ 62%] Building C object firmware/baseband/CMakeFiles/baseband_adsbtx.elf.dir/__/chibios/os/hal/src/serial_usb.c.obj
[ 62%] Building C object firmware/baseband/CMakeFiles/baseband_adsbtx.elf.dir/__/chibios/os/hal/src/spi.c.obj
[ 62%] Building C object firmware/baseband/CMakeFiles/baseband_adsbtx.elf.dir/__/chibios/os/hal/src/tm.c.obj
[ 62%] Building C object firmware/baseband/CMakeFiles/baseband_adsbtx.elf.dir/__/chibios/os/hal/src/uart.c.obj
[ 62%] Building C object firmware/baseband/CMakeFiles/baseband_adsbtx.elf.dir/__/chibios/os/hal/src/usb.c.obj
[ 62%] Building C object firmware/baseband/CMakeFiles/baseband_adsbtx.elf.dir/__/chibios-portapack/os/hal/platforms/LPC43xx_M4/hal_lld.c.obj
[ 62%] Building C object firmware/baseband/CMakeFiles/baseband_adsbtx.elf.dir/__/chibios-portapack/os/hal/platforms/LPC43xx/gpt_lld.c.obj
[ 62%] Building C object firmware/baseband/CMakeFiles/baseband_adsbtx.elf.dir/__/chibios-portapack/os/hal/platforms/LPC43xx/i2c_lld.c.obj
[ 62%] Building C object firmware/baseband/CMakeFiles/baseband_adsbtx.elf.dir/__/chibios-portapack/os/hal/platforms/LPC43xx/pal_lld.c.obj
[ 62%] Building C object firmware/baseband/CMakeFiles/baseband_adsbtx.elf.dir/__/chibios-portapack/os/hal/platforms/LPC43xx/rtc_lld.c.obj
[ 62%] Building C object firmware/baseband/CMakeFiles/baseband_adsbtx.elf.dir/__/chibios-portapack/os/hal/platforms/LPC43xx/sdc_lld.c.obj
[ 62%] Building C object firmware/baseband/CMakeFiles/baseband_adsbtx.elf.dir/__/chibios-portapack/os/hal/platforms/LPC43xx/serial_lld.c.obj
[ 62%] Building C object firmware/baseband/CMakeFiles/baseband_adsbtx.elf.dir/__/chibios-portapack/os/hal/platforms/LPC43xx/spi_lld.c.obj
[ 62%] Building C object firmware/baseband/CMakeFiles/baseband_adsbtx.elf.dir/__/chibios-portapack/os/hal/platforms/LPC43xx/lpc43xx.c.obj
[ 62%] Linking CXX executable baseband_adsbtx.elf
Memory region         Used Size  Region Size  %age Used
           flash:        8168 B      32752 B     24.94%
             ram:       10276 B        96 KB     10.45%
         ram_usb:          0 GB        32 KB      0.00%
[ 62%] Built target baseband_adsbtx.elf
[ 62%] Building CXX object firmware/baseband/CMakeFiles/baseband_bintstream.elf.dir/proc_bint_stream_tx.cpp.obj
[ 62%] Building C object firmware/baseband/CMakeFiles/baseband_bintstream.elf.dir/__/chibios/os/hal/src/hal.c.obj
[ 62%] Building C object firmware/baseband/CMakeFiles/baseband_bintstream.elf.dir/__/chibios/os/hal/src/adc.c.obj
[ 62%] Building C object firmware/baseband/CMakeFiles/baseband_bintstream.elf.dir/__/chibios/os/hal/src/can.c.obj
[ 62%] Building C object firmware/baseband/CMakeFiles/baseband_bintstream.elf.dir/__/chibios/os/hal/src/ext.c.obj
[ 62%] Building C object firmware/baseband/CMakeFiles/baseband_bintstream.elf.dir/__/chibios/os/hal/src/gpt.c.obj
[ 62%] Building C object firmware/baseband/CMakeFiles/baseband_bintstream.elf.dir/__/chibios/os/hal/src/i2c.c.obj
[ 62%] Building C object firmware/baseband/CMakeFiles/baseband_bintstream.elf.dir/__/chibios/os/hal/src/icu.c.obj
[ 62%] Building C object firmware/baseband/CMakeFiles/baseband_bintstream.elf.dir/__/chibios/os/hal/src/mac.c.obj
[ 62%] Building C object firmware/baseband/CMakeFiles/baseband_bintstream.elf.dir/__/chibios/os/hal/src/mmc_spi.c.obj
[ 62%] Building C object firmware/baseband/CMakeFiles/baseband_bintstream.elf.dir/__/chibios/os/hal/src/mmcsd.c.obj
[ 62%] Building C object firmware/baseband/CMakeFiles/baseband_bintstream.elf.dir/__/chibios/os/hal/src/pal.c.obj
[ 62%] Building C object firmware/baseband/CMakeFiles/baseband_bintstream.elf.dir/__/chibios/os/hal/src/pwm.c.obj
[ 62%] Building C object firmware/baseband/CMakeFiles/baseband_bintstream.elf.dir/__/chibios/os/hal/src/rtc.c.obj
[ 62%] Building C object firmware/baseband/CMakeFiles/baseband_bintstream.elf.dir/__/chibios/os/hal/src/sdc.c.obj
[ 62%] Building C object firmware/baseband/CMakeFiles/baseband_bintstream.elf.dir/__/chibios/os/hal/src/serial.c.obj
[ 62%] Building C object firmware/baseband/CMakeFiles/baseband_bintstream.elf.dir/__/chibios/os/hal/src/serial_usb.c.obj
[ 62%] Building C object firmware/baseband/CMakeFiles/baseband_bintstream.elf.dir/__/chibios/os/hal/src/spi.c.obj
[ 62%] Building C object firmware/baseband/CMakeFiles/baseband_bintstream.elf.dir/__/chibios/os/hal/src/tm.c.obj
[ 62%] Building C object firmware/baseband/CMakeFiles/baseband_bintstream.elf.dir/__/chibios/os/hal/src/uart.c.obj
[ 63%] Building C object firmware/baseband/CMakeFiles/baseband_bintstream.elf.dir/__/chibios/os/hal/src/usb.c.obj
[ 63%] Building C object firmware/baseband/CMakeFiles/baseband_bintstream.elf.dir/__/chibios-portapack/os/hal/platforms/LPC43xx_M4/hal_lld.c.obj
[ 63%] Building C object firmware/baseband/CMakeFiles/baseband_bintstream.elf.dir/__/chibios-portapack/os/hal/platforms/LPC43xx/gpt_lld.c.obj
[ 63%] Building C object firmware/baseband/CMakeFiles/baseband_bintstream.elf.dir/__/chibios-portapack/os/hal/platforms/LPC43xx/i2c_lld.c.obj
[ 63%] Building C object firmware/baseband/CMakeFiles/baseband_bintstream.elf.dir/__/chibios-portapack/os/hal/platforms/LPC43xx/pal_lld.c.obj
[ 63%] Building C object firmware/baseband/CMakeFiles/baseband_bintstream.elf.dir/__/chibios-portapack/os/hal/platforms/LPC43xx/rtc_lld.c.obj
[ 63%] Building C object firmware/baseband/CMakeFiles/baseband_bintstream.elf.dir/__/chibios-portapack/os/hal/platforms/LPC43xx/sdc_lld.c.obj
[ 63%] Building C object firmware/baseband/CMakeFiles/baseband_bintstream.elf.dir/__/chibios-portapack/os/hal/platforms/LPC43xx/serial_lld.c.obj
[ 63%] Building C object firmware/baseband/CMakeFiles/baseband_bintstream.elf.dir/__/chibios-portapack/os/hal/platforms/LPC43xx/spi_lld.c.obj
[ 63%] Building C object firmware/baseband/CMakeFiles/baseband_bintstream.elf.dir/__/chibios-portapack/os/hal/platforms/LPC43xx/lpc43xx.c.obj
[ 63%] Linking CXX executable baseband_bintstream.elf
Memory region         Used Size  Region Size  %age Used
           flash:       11184 B      32752 B     34.15%
             ram:       10276 B        96 KB     10.45%
         ram_usb:          0 GB        32 KB      0.00%
[ 63%] Built target baseband_bintstream.elf
[ 63%] Building CXX object firmware/baseband/CMakeFiles/baseband_siggen.elf.dir/proc_siggen.cpp.obj
[ 63%] Building C object firmware/baseband/CMakeFiles/baseband_siggen.elf.dir/__/chibios/os/hal/src/hal.c.obj
[ 63%] Building C object firmware/baseband/CMakeFiles/baseband_siggen.elf.dir/__/chibios/os/hal/src/adc.c.obj
[ 63%] Building C object firmware/baseband/CMakeFiles/baseband_siggen.elf.dir/__/chibios/os/hal/src/can.c.obj
[ 63%] Building C object firmware/baseband/CMakeFiles/baseband_siggen.elf.dir/__/chibios/os/hal/src/ext.c.obj
[ 63%] Building C object firmware/baseband/CMakeFiles/baseband_siggen.elf.dir/__/chibios/os/hal/src/gpt.c.obj
[ 63%] Building C object firmware/baseband/CMakeFiles/baseband_siggen.elf.dir/__/chibios/os/hal/src/i2c.c.obj
[ 63%] Building C object firmware/baseband/CMakeFiles/baseband_siggen.elf.dir/__/chibios/os/hal/src/icu.c.obj
[ 63%] Building C object firmware/baseband/CMakeFiles/baseband_siggen.elf.dir/__/chibios/os/hal/src/mac.c.obj
[ 63%] Building C object firmware/baseband/CMakeFiles/baseband_siggen.elf.dir/__/chibios/os/hal/src/mmc_spi.c.obj
[ 63%] Building C object firmware/baseband/CMakeFiles/baseband_siggen.elf.dir/__/chibios/os/hal/src/mmcsd.c.obj
[ 63%] Building C object firmware/baseband/CMakeFiles/baseband_siggen.elf.dir/__/chibios/os/hal/src/pal.c.obj
[ 63%] Building C object firmware/baseband/CMakeFiles/baseband_siggen.elf.dir/__/chibios/os/hal/src/pwm.c.obj
[ 63%] Building C object firmware/baseband/CMakeFiles/baseband_siggen.elf.dir/__/chibios/os/hal/src/rtc.c.obj
[ 63%] Building C object firmware/baseband/CMakeFiles/baseband_siggen.elf.dir/__/chibios/os/hal/src/sdc.c.obj
[ 63%] Building C object firmware/baseband/CMakeFiles/baseband_siggen.elf.dir/__/chibios/os/hal/src/serial.c.obj
[ 63%] Building C object firmware/baseband/CMakeFiles/baseband_siggen.elf.dir/__/chibios/os/hal/src/serial_usb.c.obj
[ 63%] Building C object firmware/baseband/CMakeFiles/baseband_siggen.elf.dir/__/chibios/os/hal/src/spi.c.obj
[ 63%] Building C object firmware/baseband/CMakeFiles/baseband_siggen.elf.dir/__/chibios/os/hal/src/tm.c.obj
[ 63%] Building C object firmware/baseband/CMakeFiles/baseband_siggen.elf.dir/__/chibios/os/hal/src/uart.c.obj
[ 63%] Building C object firmware/baseband/CMakeFiles/baseband_siggen.elf.dir/__/chibios/os/hal/src/usb.c.obj
[ 63%] Building C object firmware/baseband/CMakeFiles/baseband_siggen.elf.dir/__/chibios-portapack/os/hal/platforms/LPC43xx_M4/hal_lld.c.obj
[ 63%] Building C object firmware/baseband/CMakeFiles/baseband_siggen.elf.dir/__/chibios-portapack/os/hal/platforms/LPC43xx/gpt_lld.c.obj
[ 64%] Building C object firmware/baseband/CMakeFiles/baseband_siggen.elf.dir/__/chibios-portapack/os/hal/platforms/LPC43xx/i2c_lld.c.obj
[ 64%] Building C object firmware/baseband/CMakeFiles/baseband_siggen.elf.dir/__/chibios-portapack/os/hal/platforms/LPC43xx/pal_lld.c.obj
[ 64%] Building C object firmware/baseband/CMakeFiles/baseband_siggen.elf.dir/__/chibios-portapack/os/hal/platforms/LPC43xx/rtc_lld.c.obj
[ 64%] Building C object firmware/baseband/CMakeFiles/baseband_siggen.elf.dir/__/chibios-portapack/os/hal/platforms/LPC43xx/sdc_lld.c.obj
[ 64%] Building C object firmware/baseband/CMakeFiles/baseband_siggen.elf.dir/__/chibios-portapack/os/hal/platforms/LPC43xx/serial_lld.c.obj
[ 64%] Building C object firmware/baseband/CMakeFiles/baseband_siggen.elf.dir/__/chibios-portapack/os/hal/platforms/LPC43xx/spi_lld.c.obj
[ 64%] Building C object firmware/baseband/CMakeFiles/baseband_siggen.elf.dir/__/chibios-portapack/os/hal/platforms/LPC43xx/lpc43xx.c.obj
[ 64%] Linking CXX executable baseband_siggen.elf
Memory region         Used Size  Region Size  %age Used
           flash:        9224 B      32752 B     28.16%
             ram:       10276 B        96 KB     10.45%
         ram_usb:          0 GB        32 KB      0.00%
[ 64%] Built target baseband_siggen.elf
[ 64%] Building CXX object firmware/baseband/CMakeFiles/baseband_wefaxrx.elf.dir/proc_wefaxrx.cpp.obj
[ 64%] Building C object firmware/baseband/CMakeFiles/baseband_wefaxrx.elf.dir/__/chibios/os/hal/src/hal.c.obj
[ 64%] Building C object firmware/baseband/CMakeFiles/baseband_wefaxrx.elf.dir/__/chibios/os/hal/src/adc.c.obj
[ 65%] Building C object firmware/baseband/CMakeFiles/baseband_wefaxrx.elf.dir/__/chibios/os/hal/src/can.c.obj
[ 65%] Building C object firmware/baseband/CMakeFiles/baseband_wefaxrx.elf.dir/__/chibios/os/hal/src/ext.c.obj
[ 65%] Building C object firmware/baseband/CMakeFiles/baseband_wefaxrx.elf.dir/__/chibios/os/hal/src/gpt.c.obj
[ 65%] Building C object firmware/baseband/CMakeFiles/baseband_wefaxrx.elf.dir/__/chibios/os/hal/src/i2c.c.obj
[ 65%] Building C object firmware/baseband/CMakeFiles/baseband_wefaxrx.elf.dir/__/chibios/os/hal/src/icu.c.obj
[ 65%] Building C object firmware/baseband/CMakeFiles/baseband_wefaxrx.elf.dir/__/chibios/os/hal/src/mac.c.obj
[ 65%] Building C object firmware/baseband/CMakeFiles/baseband_wefaxrx.elf.dir/__/chibios/os/hal/src/mmc_spi.c.obj
[ 65%] Building C object firmware/baseband/CMakeFiles/baseband_wefaxrx.elf.dir/__/chibios/os/hal/src/mmcsd.c.obj
[ 65%] Building C object firmware/baseband/CMakeFiles/baseband_wefaxrx.elf.dir/__/chibios/os/hal/src/pal.c.obj
[ 65%] Building C object firmware/baseband/CMakeFiles/baseband_wefaxrx.elf.dir/__/chibios/os/hal/src/pwm.c.obj
[ 65%] Building C object firmware/baseband/CMakeFiles/baseband_wefaxrx.elf.dir/__/chibios/os/hal/src/rtc.c.obj
[ 65%] Building C object firmware/baseband/CMakeFiles/baseband_wefaxrx.elf.dir/__/chibios/os/hal/src/sdc.c.obj
[ 65%] Building C object firmware/baseband/CMakeFiles/baseband_wefaxrx.elf.dir/__/chibios/os/hal/src/serial.c.obj
[ 65%] Building C object firmware/baseband/CMakeFiles/baseband_wefaxrx.elf.dir/__/chibios/os/hal/src/serial_usb.c.obj
[ 65%] Building C object firmware/baseband/CMakeFiles/baseband_wefaxrx.elf.dir/__/chibios/os/hal/src/spi.c.obj
[ 65%] Building C object firmware/baseband/CMakeFiles/baseband_wefaxrx.elf.dir/__/chibios/os/hal/src/tm.c.obj
[ 65%] Building C object firmware/baseband/CMakeFiles/baseband_wefaxrx.elf.dir/__/chibios/os/hal/src/uart.c.obj
[ 65%] Building C object firmware/baseband/CMakeFiles/baseband_wefaxrx.elf.dir/__/chibios/os/hal/src/usb.c.obj
[ 65%] Building C object firmware/baseband/CMakeFiles/baseband_wefaxrx.elf.dir/__/chibios-portapack/os/hal/platforms/LPC43xx_M4/hal_lld.c.obj
[ 65%] Building C object firmware/baseband/CMakeFiles/baseband_wefaxrx.elf.dir/__/chibios-portapack/os/hal/platforms/LPC43xx/gpt_lld.c.obj
[ 65%] Building C object firmware/baseband/CMakeFiles/baseband_wefaxrx.elf.dir/__/chibios-portapack/os/hal/platforms/LPC43xx/i2c_lld.c.obj
[ 65%] Building C object firmware/baseband/CMakeFiles/baseband_wefaxrx.elf.dir/__/chibios-portapack/os/hal/platforms/LPC43xx/pal_lld.c.obj
[ 65%] Building C object firmware/baseband/CMakeFiles/baseband_wefaxrx.elf.dir/__/chibios-portapack/os/hal/platforms/LPC43xx/rtc_lld.c.obj
[ 65%] Building C object firmware/baseband/CMakeFiles/baseband_wefaxrx.elf.dir/__/chibios-portapack/os/hal/platforms/LPC43xx/sdc_lld.c.obj
[ 65%] Building C object firmware/baseband/CMakeFiles/baseband_wefaxrx.elf.dir/__/chibios-portapack/os/hal/platforms/LPC43xx/serial_lld.c.obj
[ 65%] Building C object firmware/baseband/CMakeFiles/baseband_wefaxrx.elf.dir/__/chibios-portapack/os/hal/platforms/LPC43xx/spi_lld.c.obj
[ 65%] Building C object firmware/baseband/CMakeFiles/baseband_wefaxrx.elf.dir/__/chibios-portapack/os/hal/platforms/LPC43xx/lpc43xx.c.obj
[ 65%] Linking CXX executable baseband_wefaxrx.elf
Memory region         Used Size  Region Size  %age Used
           flash:       21544 B      32752 B     65.78%
             ram:       11356 B        96 KB     11.55%
         ram_usb:          0 GB        32 KB      0.00%
[ 65%] Built target baseband_wefaxrx.elf
[ 65%] Building CXX object firmware/baseband/CMakeFiles/baseband_noaaapt_rx.elf.dir/proc_noaaapt_rx.cpp.obj
[ 65%] Building C object firmware/baseband/CMakeFiles/baseband_noaaapt_rx.elf.dir/__/chibios/os/hal/src/hal.c.obj
[ 65%] Building C object firmware/baseband/CMakeFiles/baseband_noaaapt_rx.elf.dir/__/chibios/os/hal/src/adc.c.obj
[ 65%] Building C object firmware/baseband/CMakeFiles/baseband_noaaapt_rx.elf.dir/__/chibios/os/hal/src/can.c.obj
[ 65%] Building C object firmware/baseband/CMakeFiles/baseband_noaaapt_rx.elf.dir/__/chibios/os/hal/src/ext.c.obj
[ 65%] Building C object firmware/baseband/CMakeFiles/baseband_noaaapt_rx.elf.dir/__/chibios/os/hal/src/gpt.c.obj
[ 65%] Building C object firmware/baseband/CMakeFiles/baseband_noaaapt_rx.elf.dir/__/chibios/os/hal/src/i2c.c.obj
[ 65%] Building C object firmware/baseband/CMakeFiles/baseband_noaaapt_rx.elf.dir/__/chibios/os/hal/src/icu.c.obj
[ 65%] Building C object firmware/baseband/CMakeFiles/baseband_noaaapt_rx.elf.dir/__/chibios/os/hal/src/mac.c.obj
[ 65%] Building C object firmware/baseband/CMakeFiles/baseband_noaaapt_rx.elf.dir/__/chibios/os/hal/src/mmc_spi.c.obj
[ 65%] Building C object firmware/baseband/CMakeFiles/baseband_noaaapt_rx.elf.dir/__/chibios/os/hal/src/mmcsd.c.obj
[ 65%] Building C object firmware/baseband/CMakeFiles/baseband_noaaapt_rx.elf.dir/__/chibios/os/hal/src/pal.c.obj
[ 65%] Building C object firmware/baseband/CMakeFiles/baseband_noaaapt_rx.elf.dir/__/chibios/os/hal/src/pwm.c.obj
[ 65%] Building C object firmware/baseband/CMakeFiles/baseband_noaaapt_rx.elf.dir/__/chibios/os/hal/src/rtc.c.obj
[ 65%] Building C object firmware/baseband/CMakeFiles/baseband_noaaapt_rx.elf.dir/__/chibios/os/hal/src/sdc.c.obj
[ 65%] Building C object firmware/baseband/CMakeFiles/baseband_noaaapt_rx.elf.dir/__/chibios/os/hal/src/serial.c.obj
[ 65%] Building C object firmware/baseband/CMakeFiles/baseband_noaaapt_rx.elf.dir/__/chibios/os/hal/src/serial_usb.c.obj
[ 65%] Building C object firmware/baseband/CMakeFiles/baseband_noaaapt_rx.elf.dir/__/chibios/os/hal/src/spi.c.obj
[ 65%] Building C object firmware/baseband/CMakeFiles/baseband_noaaapt_rx.elf.dir/__/chibios/os/hal/src/tm.c.obj
[ 65%] Building C object firmware/baseband/CMakeFiles/baseband_noaaapt_rx.elf.dir/__/chibios/os/hal/src/uart.c.obj
[ 65%] Building C object firmware/baseband/CMakeFiles/baseband_noaaapt_rx.elf.dir/__/chibios/os/hal/src/usb.c.obj
[ 65%] Building C object firmware/baseband/CMakeFiles/baseband_noaaapt_rx.elf.dir/__/chibios-portapack/os/hal/platforms/LPC43xx_M4/hal_lld.c.obj
[ 65%] Building C object firmware/baseband/CMakeFiles/baseband_noaaapt_rx.elf.dir/__/chibios-portapack/os/hal/platforms/LPC43xx/gpt_lld.c.obj
[ 65%] Building C object firmware/baseband/CMakeFiles/baseband_noaaapt_rx.elf.dir/__/chibios-portapack/os/hal/platforms/LPC43xx/i2c_lld.c.obj
[ 65%] Building C object firmware/baseband/CMakeFiles/baseband_noaaapt_rx.elf.dir/__/chibios-portapack/os/hal/platforms/LPC43xx/pal_lld.c.obj
[ 65%] Building C object firmware/baseband/CMakeFiles/baseband_noaaapt_rx.elf.dir/__/chibios-portapack/os/hal/platforms/LPC43xx/rtc_lld.c.obj
[ 65%] Building C object firmware/baseband/CMakeFiles/baseband_noaaapt_rx.elf.dir/__/chibios-portapack/os/hal/platforms/LPC43xx/sdc_lld.c.obj
[ 67%] Building C object firmware/baseband/CMakeFiles/baseband_noaaapt_rx.elf.dir/__/chibios-portapack/os/hal/platforms/LPC43xx/serial_lld.c.obj
[ 67%] Building C object firmware/baseband/CMakeFiles/baseband_noaaapt_rx.elf.dir/__/chibios-portapack/os/hal/platforms/LPC43xx/spi_lld.c.obj
[ 67%] Building C object firmware/baseband/CMakeFiles/baseband_noaaapt_rx.elf.dir/__/chibios-portapack/os/hal/platforms/LPC43xx/lpc43xx.c.obj
[ 67%] Linking CXX executable baseband_noaaapt_rx.elf
Memory region         Used Size  Region Size  %age Used
           flash:       17128 B      32752 B     52.30%
             ram:       11356 B        96 KB     11.55%
         ram_usb:          0 GB        32 KB      0.00%
[ 67%] Built target baseband_noaaapt_rx.elf
[ 67%] Building CXX object firmware/baseband/CMakeFiles/baseband_audio_tx.elf.dir/proc_audiotx.cpp.obj
[ 67%] Building C object firmware/baseband/CMakeFiles/baseband_audio_tx.elf.dir/__/chibios/os/hal/src/hal.c.obj
[ 67%] Building C object firmware/baseband/CMakeFiles/baseband_audio_tx.elf.dir/__/chibios/os/hal/src/adc.c.obj
[ 67%] Building C object firmware/baseband/CMakeFiles/baseband_audio_tx.elf.dir/__/chibios/os/hal/src/can.c.obj
[ 67%] Building C object firmware/baseband/CMakeFiles/baseband_audio_tx.elf.dir/__/chibios/os/hal/src/ext.c.obj
[ 67%] Building C object firmware/baseband/CMakeFiles/baseband_audio_tx.elf.dir/__/chibios/os/hal/src/gpt.c.obj
[ 67%] Building C object firmware/baseband/CMakeFiles/baseband_audio_tx.elf.dir/__/chibios/os/hal/src/i2c.c.obj
[ 67%] Building C object firmware/baseband/CMakeFiles/baseband_audio_tx.elf.dir/__/chibios/os/hal/src/icu.c.obj
[ 67%] Building C object firmware/baseband/CMakeFiles/baseband_audio_tx.elf.dir/__/chibios/os/hal/src/mac.c.obj
[ 67%] Building C object firmware/baseband/CMakeFiles/baseband_audio_tx.elf.dir/__/chibios/os/hal/src/mmc_spi.c.obj
[ 67%] Building C object firmware/baseband/CMakeFiles/baseband_audio_tx.elf.dir/__/chibios/os/hal/src/mmcsd.c.obj
[ 67%] Building C object firmware/baseband/CMakeFiles/baseband_audio_tx.elf.dir/__/chibios/os/hal/src/pal.c.obj
[ 67%] Building C object firmware/baseband/CMakeFiles/baseband_audio_tx.elf.dir/__/chibios/os/hal/src/pwm.c.obj
[ 67%] Building C object firmware/baseband/CMakeFiles/baseband_audio_tx.elf.dir/__/chibios/os/hal/src/rtc.c.obj
[ 67%] Building C object firmware/baseband/CMakeFiles/baseband_audio_tx.elf.dir/__/chibios/os/hal/src/sdc.c.obj
[ 67%] Building C object firmware/baseband/CMakeFiles/baseband_audio_tx.elf.dir/__/chibios/os/hal/src/serial.c.obj
[ 67%] Building C object firmware/baseband/CMakeFiles/baseband_audio_tx.elf.dir/__/chibios/os/hal/src/serial_usb.c.obj
[ 67%] Building C object firmware/baseband/CMakeFiles/baseband_audio_tx.elf.dir/__/chibios/os/hal/src/spi.c.obj
[ 67%] Building C object firmware/baseband/CMakeFiles/baseband_audio_tx.elf.dir/__/chibios/os/hal/src/tm.c.obj
[ 67%] Building C object firmware/baseband/CMakeFiles/baseband_audio_tx.elf.dir/__/chibios/os/hal/src/uart.c.obj
[ 67%] Building C object firmware/baseband/CMakeFiles/baseband_audio_tx.elf.dir/__/chibios/os/hal/src/usb.c.obj
[ 67%] Building C object firmware/baseband/CMakeFiles/baseband_audio_tx.elf.dir/__/chibios-portapack/os/hal/platforms/LPC43xx_M4/hal_lld.c.obj
[ 67%] Building C object firmware/baseband/CMakeFiles/baseband_audio_tx.elf.dir/__/chibios-portapack/os/hal/platforms/LPC43xx/gpt_lld.c.obj
[ 68%] Building C object firmware/baseband/CMakeFiles/baseband_audio_tx.elf.dir/__/chibios-portapack/os/hal/platforms/LPC43xx/i2c_lld.c.obj
[ 68%] Building C object firmware/baseband/CMakeFiles/baseband_audio_tx.elf.dir/__/chibios-portapack/os/hal/platforms/LPC43xx/pal_lld.c.obj
[ 68%] Building C object firmware/baseband/CMakeFiles/baseband_audio_tx.elf.dir/__/chibios-portapack/os/hal/platforms/LPC43xx/rtc_lld.c.obj
[ 68%] Building C object firmware/baseband/CMakeFiles/baseband_audio_tx.elf.dir/__/chibios-portapack/os/hal/platforms/LPC43xx/sdc_lld.c.obj
[ 68%] Building C object firmware/baseband/CMakeFiles/baseband_audio_tx.elf.dir/__/chibios-portapack/os/hal/platforms/LPC43xx/serial_lld.c.obj
[ 68%] Building C object firmware/baseband/CMakeFiles/baseband_audio_tx.elf.dir/__/chibios-portapack/os/hal/platforms/LPC43xx/spi_lld.c.obj
[ 68%] Building C object firmware/baseband/CMakeFiles/baseband_audio_tx.elf.dir/__/chibios-portapack/os/hal/platforms/LPC43xx/lpc43xx.c.obj
[ 68%] Linking CXX executable baseband_audio_tx.elf
Memory region         Used Size  Region Size  %age Used
           flash:       12544 B      32752 B     38.30%
             ram:       10864 B        96 KB     11.05%
         ram_usb:          0 GB        32 KB      0.00%
[ 68%] Built target baseband_audio_tx.elf
[ 68%] Building CXX object firmware/baseband/CMakeFiles/baseband_subcar.elf.dir/proc_subcar.cpp.obj
[ 68%] Building C object firmware/baseband/CMakeFiles/baseband_subcar.elf.dir/__/chibios/os/hal/src/hal.c.obj
[ 68%] Building C object firmware/baseband/CMakeFiles/baseband_subcar.elf.dir/__/chibios/os/hal/src/adc.c.obj
[ 68%] Building C object firmware/baseband/CMakeFiles/baseband_subcar.elf.dir/__/chibios/os/hal/src/can.c.obj
[ 68%] Building C object firmware/baseband/CMakeFiles/baseband_subcar.elf.dir/__/chibios/os/hal/src/ext.c.obj
[ 68%] Building C object firmware/baseband/CMakeFiles/baseband_subcar.elf.dir/__/chibios/os/hal/src/gpt.c.obj
[ 68%] Building C object firmware/baseband/CMakeFiles/baseband_subcar.elf.dir/__/chibios/os/hal/src/i2c.c.obj
[ 68%] Building C object firmware/baseband/CMakeFiles/baseband_subcar.elf.dir/__/chibios/os/hal/src/icu.c.obj
[ 69%] Building C object firmware/baseband/CMakeFiles/baseband_subcar.elf.dir/__/chibios/os/hal/src/mac.c.obj
[ 69%] Building C object firmware/baseband/CMakeFiles/baseband_subcar.elf.dir/__/chibios/os/hal/src/mmc_spi.c.obj
[ 69%] Building C object firmware/baseband/CMakeFiles/baseband_subcar.elf.dir/__/chibios/os/hal/src/mmcsd.c.obj
[ 69%] Building C object firmware/baseband/CMakeFiles/baseband_subcar.elf.dir/__/chibios/os/hal/src/pal.c.obj
[ 69%] Building C object firmware/baseband/CMakeFiles/baseband_subcar.elf.dir/__/chibios/os/hal/src/pwm.c.obj
[ 69%] Building C object firmware/baseband/CMakeFiles/baseband_subcar.elf.dir/__/chibios/os/hal/src/rtc.c.obj
[ 69%] Building C object firmware/baseband/CMakeFiles/baseband_subcar.elf.dir/__/chibios/os/hal/src/sdc.c.obj
[ 69%] Building C object firmware/baseband/CMakeFiles/baseband_subcar.elf.dir/__/chibios/os/hal/src/serial.c.obj
[ 69%] Building C object firmware/baseband/CMakeFiles/baseband_subcar.elf.dir/__/chibios/os/hal/src/serial_usb.c.obj
[ 69%] Building C object firmware/baseband/CMakeFiles/baseband_subcar.elf.dir/__/chibios/os/hal/src/spi.c.obj
[ 69%] Building C object firmware/baseband/CMakeFiles/baseband_subcar.elf.dir/__/chibios/os/hal/src/tm.c.obj
[ 69%] Building C object firmware/baseband/CMakeFiles/baseband_subcar.elf.dir/__/chibios/os/hal/src/uart.c.obj
[ 69%] Building C object firmware/baseband/CMakeFiles/baseband_subcar.elf.dir/__/chibios/os/hal/src/usb.c.obj
[ 69%] Building C object firmware/baseband/CMakeFiles/baseband_subcar.elf.dir/__/chibios-portapack/os/hal/platforms/LPC43xx_M4/hal_lld.c.obj
[ 69%] Building C object firmware/baseband/CMakeFiles/baseband_subcar.elf.dir/__/chibios-portapack/os/hal/platforms/LPC43xx/gpt_lld.c.obj
[ 69%] Building C object firmware/baseband/CMakeFiles/baseband_subcar.elf.dir/__/chibios-portapack/os/hal/platforms/LPC43xx/i2c_lld.c.obj
[ 69%] Building C object firmware/baseband/CMakeFiles/baseband_subcar.elf.dir/__/chibios-portapack/os/hal/platforms/LPC43xx/pal_lld.c.obj
[ 69%] Building C object firmware/baseband/CMakeFiles/baseband_subcar.elf.dir/__/chibios-portapack/os/hal/platforms/LPC43xx/rtc_lld.c.obj
[ 69%] Building C object firmware/baseband/CMakeFiles/baseband_subcar.elf.dir/__/chibios-portapack/os/hal/platforms/LPC43xx/sdc_lld.c.obj
[ 69%] Building C object firmware/baseband/CMakeFiles/baseband_subcar.elf.dir/__/chibios-portapack/os/hal/platforms/LPC43xx/serial_lld.c.obj
[ 69%] Building C object firmware/baseband/CMakeFiles/baseband_subcar.elf.dir/__/chibios-portapack/os/hal/platforms/LPC43xx/spi_lld.c.obj
[ 69%] Building C object firmware/baseband/CMakeFiles/baseband_subcar.elf.dir/__/chibios-portapack/os/hal/platforms/LPC43xx/lpc43xx.c.obj
[ 69%] Linking CXX executable baseband_subcar.elf
Memory region         Used Size  Region Size  %age Used
           flash:       17760 B      32752 B     54.23%
             ram:       10880 B        96 KB     11.07%
         ram_usb:          0 GB        32 KB      0.00%
[ 69%] Built target baseband_subcar.elf
[ 69%] Building CXX object firmware/baseband/CMakeFiles/baseband_tonedetect.elf.dir/proc_tonedetect.cpp.obj
[ 69%] Building C object firmware/baseband/CMakeFiles/baseband_tonedetect.elf.dir/__/chibios/os/hal/src/hal.c.obj
[ 69%] Building C object firmware/baseband/CMakeFiles/baseband_tonedetect.elf.dir/__/chibios/os/hal/src/adc.c.obj
[ 69%] Building C object firmware/baseband/CMakeFiles/baseband_tonedetect.elf.dir/__/chibios/os/hal/src/can.c.obj
[ 69%] Building C object firmware/baseband/CMakeFiles/baseband_tonedetect.elf.dir/__/chibios/os/hal/src/ext.c.obj
[ 69%] Building C object firmware/baseband/CMakeFiles/baseband_tonedetect.elf.dir/__/chibios/os/hal/src/gpt.c.obj
[ 69%] Building C object firmware/baseband/CMakeFiles/baseband_tonedetect.elf.dir/__/chibios/os/hal/src/i2c.c.obj
[ 69%] Building C object firmware/baseband/CMakeFiles/baseband_tonedetect.elf.dir/__/chibios/os/hal/src/icu.c.obj
[ 69%] Building C object firmware/baseband/CMakeFiles/baseband_tonedetect.elf.dir/__/chibios/os/hal/src/mac.c.obj
[ 69%] Building C object firmware/baseband/CMakeFiles/baseband_tonedetect.elf.dir/__/chibios/os/hal/src/mmc_spi.c.obj
[ 69%] Building C object firmware/baseband/CMakeFiles/baseband_tonedetect.elf.dir/__/chibios/os/hal/src/mmcsd.c.obj
[ 69%] Building C object firmware/baseband/CMakeFiles/baseband_tonedetect.elf.dir/__/chibios/os/hal/src/pal.c.obj
[ 69%] Building C object firmware/baseband/CMakeFiles/baseband_tonedetect.elf.dir/__/chibios/os/hal/src/pwm.c.obj
[ 69%] Building C object firmware/baseband/CMakeFiles/baseband_tonedetect.elf.dir/__/chibios/os/hal/src/rtc.c.obj
[ 69%] Building C object firmware/baseband/CMakeFiles/baseband_tonedetect.elf.dir/__/chibios/os/hal/src/sdc.c.obj
[ 69%] Building C object firmware/baseband/CMakeFiles/baseband_tonedetect.elf.dir/__/chibios/os/hal/src/serial.c.obj
[ 69%] Building C object firmware/baseband/CMakeFiles/baseband_tonedetect.elf.dir/__/chibios/os/hal/src/serial_usb.c.obj
[ 69%] Building C object firmware/baseband/CMakeFiles/baseband_tonedetect.elf.dir/__/chibios/os/hal/src/spi.c.obj
[ 69%] Building C object firmware/baseband/CMakeFiles/baseband_tonedetect.elf.dir/__/chibios/os/hal/src/tm.c.obj
[ 70%] Building C object firmware/baseband/CMakeFiles/baseband_tonedetect.elf.dir/__/chibios/os/hal/src/uart.c.obj
[ 70%] Building C object firmware/baseband/CMakeFiles/baseband_tonedetect.elf.dir/__/chibios/os/hal/src/usb.c.obj
[ 70%] Building C object firmware/baseband/CMakeFiles/baseband_tonedetect.elf.dir/__/chibios-portapack/os/hal/platforms/LPC43xx_M4/hal_lld.c.obj
[ 70%] Building C object firmware/baseband/CMakeFiles/baseband_tonedetect.elf.dir/__/chibios-portapack/os/hal/platforms/LPC43xx/gpt_lld.c.obj
[ 70%] Building C object firmware/baseband/CMakeFiles/baseband_tonedetect.elf.dir/__/chibios-portapack/os/hal/platforms/LPC43xx/i2c_lld.c.obj
[ 70%] Building C object firmware/baseband/CMakeFiles/baseband_tonedetect.elf.dir/__/chibios-portapack/os/hal/platforms/LPC43xx/pal_lld.c.obj
[ 70%] Building C object firmware/baseband/CMakeFiles/baseband_tonedetect.elf.dir/__/chibios-portapack/os/hal/platforms/LPC43xx/rtc_lld.c.obj
[ 70%] Building C object firmware/baseband/CMakeFiles/baseband_tonedetect.elf.dir/__/chibios-portapack/os/hal/platforms/LPC43xx/sdc_lld.c.obj
[ 70%] Building C object firmware/baseband/CMakeFiles/baseband_tonedetect.elf.dir/__/chibios-portapack/os/hal/platforms/LPC43xx/serial_lld.c.obj
[ 70%] Building C object firmware/baseband/CMakeFiles/baseband_tonedetect.elf.dir/__/chibios-portapack/os/hal/platforms/LPC43xx/spi_lld.c.obj
[ 70%] Building C object firmware/baseband/CMakeFiles/baseband_tonedetect.elf.dir/__/chibios-portapack/os/hal/platforms/LPC43xx/lpc43xx.c.obj
[ 70%] Linking CXX executable baseband_tonedetect.elf
Memory region         Used Size  Region Size  %age Used
           flash:       22840 B      32752 B     69.74%
             ram:       11356 B        96 KB     11.55%
         ram_usb:          0 GB        32 KB      0.00%
[ 70%] Built target baseband_tonedetect.elf
[ 70%] Building CXX object firmware/baseband/CMakeFiles/baseband_morse.elf.dir/proc_morse.cpp.obj
[ 70%] Building C object firmware/baseband/CMakeFiles/baseband_morse.elf.dir/__/chibios/os/hal/src/hal.c.obj
[ 70%] Building C object firmware/baseband/CMakeFiles/baseband_morse.elf.dir/__/chibios/os/hal/src/adc.c.obj
[ 70%] Building C object firmware/baseband/CMakeFiles/baseband_morse.elf.dir/__/chibios/os/hal/src/can.c.obj
[ 70%] Building C object firmware/baseband/CMakeFiles/baseband_morse.elf.dir/__/chibios/os/hal/src/ext.c.obj
[ 70%] Building C object firmware/baseband/CMakeFiles/baseband_morse.elf.dir/__/chibios/os/hal/src/gpt.c.obj
[ 70%] Building C object firmware/baseband/CMakeFiles/baseband_morse.elf.dir/__/chibios/os/hal/src/i2c.c.obj
[ 71%] Building C object firmware/baseband/CMakeFiles/baseband_morse.elf.dir/__/chibios/os/hal/src/icu.c.obj
[ 71%] Building C object firmware/baseband/CMakeFiles/baseband_morse.elf.dir/__/chibios/os/hal/src/mac.c.obj
[ 71%] Building C object firmware/baseband/CMakeFiles/baseband_morse.elf.dir/__/chibios/os/hal/src/mmc_spi.c.obj
[ 71%] Building C object firmware/baseband/CMakeFiles/baseband_morse.elf.dir/__/chibios/os/hal/src/mmcsd.c.obj
[ 71%] Building C object firmware/baseband/CMakeFiles/baseband_morse.elf.dir/__/chibios/os/hal/src/pal.c.obj
[ 71%] Building C object firmware/baseband/CMakeFiles/baseband_morse.elf.dir/__/chibios/os/hal/src/pwm.c.obj
[ 71%] Building C object firmware/baseband/CMakeFiles/baseband_morse.elf.dir/__/chibios/os/hal/src/rtc.c.obj
[ 71%] Building C object firmware/baseband/CMakeFiles/baseband_morse.elf.dir/__/chibios/os/hal/src/sdc.c.obj
[ 71%] Building C object firmware/baseband/CMakeFiles/baseband_morse.elf.dir/__/chibios/os/hal/src/serial.c.obj
[ 71%] Building C object firmware/baseband/CMakeFiles/baseband_morse.elf.dir/__/chibios/os/hal/src/serial_usb.c.obj
[ 71%] Building C object firmware/baseband/CMakeFiles/baseband_morse.elf.dir/__/chibios/os/hal/src/spi.c.obj
[ 71%] Building C object firmware/baseband/CMakeFiles/baseband_morse.elf.dir/__/chibios/os/hal/src/tm.c.obj
[ 71%] Building C object firmware/baseband/CMakeFiles/baseband_morse.elf.dir/__/chibios/os/hal/src/uart.c.obj
[ 71%] Building C object firmware/baseband/CMakeFiles/baseband_morse.elf.dir/__/chibios/os/hal/src/usb.c.obj
[ 71%] Building C object firmware/baseband/CMakeFiles/baseband_morse.elf.dir/__/chibios-portapack/os/hal/platforms/LPC43xx_M4/hal_lld.c.obj
[ 71%] Building C object firmware/baseband/CMakeFiles/baseband_morse.elf.dir/__/chibios-portapack/os/hal/platforms/LPC43xx/gpt_lld.c.obj
[ 71%] Building C object firmware/baseband/CMakeFiles/baseband_morse.elf.dir/__/chibios-portapack/os/hal/platforms/LPC43xx/i2c_lld.c.obj
[ 71%] Building C object firmware/baseband/CMakeFiles/baseband_morse.elf.dir/__/chibios-portapack/os/hal/platforms/LPC43xx/pal_lld.c.obj
[ 71%] Building C object firmware/baseband/CMakeFiles/baseband_morse.elf.dir/__/chibios-portapack/os/hal/platforms/LPC43xx/rtc_lld.c.obj
[ 71%] Building C object firmware/baseband/CMakeFiles/baseband_morse.elf.dir/__/chibios-portapack/os/hal/platforms/LPC43xx/sdc_lld.c.obj
[ 71%] Building C object firmware/baseband/CMakeFiles/baseband_morse.elf.dir/__/chibios-portapack/os/hal/platforms/LPC43xx/serial_lld.c.obj
[ 71%] Building C object firmware/baseband/CMakeFiles/baseband_morse.elf.dir/__/chibios-portapack/os/hal/platforms/LPC43xx/spi_lld.c.obj
[ 71%] Building C object firmware/baseband/CMakeFiles/baseband_morse.elf.dir/__/chibios-portapack/os/hal/platforms/LPC43xx/lpc43xx.c.obj
[ 71%] Linking CXX executable baseband_morse.elf
Memory region         Used Size  Region Size  %age Used
           flash:       20800 B      32752 B     63.51%
             ram:       11356 B        96 KB     11.55%
         ram_usb:          0 GB        32 KB      0.00%
[ 71%] Built target baseband_morse.elf
[ 71%] Building CXX object firmware/baseband/CMakeFiles/baseband_rtty_rx.elf.dir/proc_rtty_rx.cpp.obj
[ 71%] Building C object firmware/baseband/CMakeFiles/baseband_rtty_rx.elf.dir/__/chibios/os/hal/src/hal.c.obj
[ 71%] Building C object firmware/baseband/CMakeFiles/baseband_rtty_rx.elf.dir/__/chibios/os/hal/src/adc.c.obj
[ 71%] Building C object firmware/baseband/CMakeFiles/baseband_rtty_rx.elf.dir/__/chibios/os/hal/src/can.c.obj
[ 71%] Building C object firmware/baseband/CMakeFiles/baseband_rtty_rx.elf.dir/__/chibios/os/hal/src/ext.c.obj
[ 71%] Building C object firmware/baseband/CMakeFiles/baseband_rtty_rx.elf.dir/__/chibios/os/hal/src/gpt.c.obj
[ 72%] Building C object firmware/baseband/CMakeFiles/baseband_rtty_rx.elf.dir/__/chibios/os/hal/src/i2c.c.obj
[ 72%] Building C object firmware/baseband/CMakeFiles/baseband_rtty_rx.elf.dir/__/chibios/os/hal/src/icu.c.obj
[ 72%] Building C object firmware/baseband/CMakeFiles/baseband_rtty_rx.elf.dir/__/chibios/os/hal/src/mac.c.obj
[ 72%] Building C object firmware/baseband/CMakeFiles/baseband_rtty_rx.elf.dir/__/chibios/os/hal/src/mmc_spi.c.obj
[ 72%] Building C object firmware/baseband/CMakeFiles/baseband_rtty_rx.elf.dir/__/chibios/os/hal/src/mmcsd.c.obj
[ 72%] Building C object firmware/baseband/CMakeFiles/baseband_rtty_rx.elf.dir/__/chibios/os/hal/src/pal.c.obj
[ 72%] Building C object firmware/baseband/CMakeFiles/baseband_rtty_rx.elf.dir/__/chibios/os/hal/src/pwm.c.obj
[ 72%] Building C object firmware/baseband/CMakeFiles/baseband_rtty_rx.elf.dir/__/chibios/os/hal/src/rtc.c.obj
[ 72%] Building C object firmware/baseband/CMakeFiles/baseband_rtty_rx.elf.dir/__/chibios/os/hal/src/sdc.c.obj
[ 72%] Building C object firmware/baseband/CMakeFiles/baseband_rtty_rx.elf.dir/__/chibios/os/hal/src/serial.c.obj
[ 72%] Building C object firmware/baseband/CMakeFiles/baseband_rtty_rx.elf.dir/__/chibios/os/hal/src/serial_usb.c.obj
[ 72%] Building C object firmware/baseband/CMakeFiles/baseband_rtty_rx.elf.dir/__/chibios/os/hal/src/spi.c.obj
[ 72%] Building C object firmware/baseband/CMakeFiles/baseband_rtty_rx.elf.dir/__/chibios/os/hal/src/tm.c.obj
[ 72%] Building C object firmware/baseband/CMakeFiles/baseband_rtty_rx.elf.dir/__/chibios/os/hal/src/uart.c.obj
[ 72%] Building C object firmware/baseband/CMakeFiles/baseband_rtty_rx.elf.dir/__/chibios/os/hal/src/usb.c.obj
[ 72%] Building C object firmware/baseband/CMakeFiles/baseband_rtty_rx.elf.dir/__/chibios-portapack/os/hal/platforms/LPC43xx_M4/hal_lld.c.obj
[ 72%] Building C object firmware/baseband/CMakeFiles/baseband_rtty_rx.elf.dir/__/chibios-portapack/os/hal/platforms/LPC43xx/gpt_lld.c.obj
[ 72%] Building C object firmware/baseband/CMakeFiles/baseband_rtty_rx.elf.dir/__/chibios-portapack/os/hal/platforms/LPC43xx/i2c_lld.c.obj
[ 72%] Building C object firmware/baseband/CMakeFiles/baseband_rtty_rx.elf.dir/__/chibios-portapack/os/hal/platforms/LPC43xx/pal_lld.c.obj
[ 72%] Building C object firmware/baseband/CMakeFiles/baseband_rtty_rx.elf.dir/__/chibios-portapack/os/hal/platforms/LPC43xx/rtc_lld.c.obj
[ 72%] Building C object firmware/baseband/CMakeFiles/baseband_rtty_rx.elf.dir/__/chibios-portapack/os/hal/platforms/LPC43xx/sdc_lld.c.obj
[ 72%] Building C object firmware/baseband/CMakeFiles/baseband_rtty_rx.elf.dir/__/chibios-portapack/os/hal/platforms/LPC43xx/serial_lld.c.obj
[ 72%] Building C object firmware/baseband/CMakeFiles/baseband_rtty_rx.elf.dir/__/chibios-portapack/os/hal/platforms/LPC43xx/spi_lld.c.obj
[ 72%] Building C object firmware/baseband/CMakeFiles/baseband_rtty_rx.elf.dir/__/chibios-portapack/os/hal/platforms/LPC43xx/lpc43xx.c.obj
[ 72%] Linking CXX executable baseband_rtty_rx.elf
Memory region         Used Size  Region Size  %age Used
           flash:       16248 B      32752 B     49.61%
             ram:       11372 B        96 KB     11.57%
         ram_usb:          0 GB        32 KB      0.00%
[ 72%] Built target baseband_rtty_rx.elf
[ 72%] Building CXX object firmware/baseband/CMakeFiles/baseband_ert.elf.dir/proc_ert.cpp.obj
[ 72%] Building C object firmware/baseband/CMakeFiles/baseband_ert.elf.dir/__/chibios/os/hal/src/hal.c.obj
[ 72%] Building C object firmware/baseband/CMakeFiles/baseband_ert.elf.dir/__/chibios/os/hal/src/adc.c.obj
[ 72%] Building C object firmware/baseband/CMakeFiles/baseband_ert.elf.dir/__/chibios/os/hal/src/can.c.obj
[ 73%] Building C object firmware/baseband/CMakeFiles/baseband_ert.elf.dir/__/chibios/os/hal/src/ext.c.obj
[ 73%] Building C object firmware/baseband/CMakeFiles/baseband_ert.elf.dir/__/chibios/os/hal/src/gpt.c.obj
[ 73%] Building C object firmware/baseband/CMakeFiles/baseband_ert.elf.dir/__/chibios/os/hal/src/i2c.c.obj
[ 73%] Building C object firmware/baseband/CMakeFiles/baseband_ert.elf.dir/__/chibios/os/hal/src/icu.c.obj
[ 73%] Building C object firmware/baseband/CMakeFiles/baseband_ert.elf.dir/__/chibios/os/hal/src/mac.c.obj
[ 73%] Building C object firmware/baseband/CMakeFiles/baseband_ert.elf.dir/__/chibios/os/hal/src/mmc_spi.c.obj
[ 73%] Building C object firmware/baseband/CMakeFiles/baseband_ert.elf.dir/__/chibios/os/hal/src/mmcsd.c.obj
[ 73%] Building C object firmware/baseband/CMakeFiles/baseband_ert.elf.dir/__/chibios/os/hal/src/pal.c.obj
[ 73%] Building C object firmware/baseband/CMakeFiles/baseband_ert.elf.dir/__/chibios/os/hal/src/pwm.c.obj
[ 73%] Building C object firmware/baseband/CMakeFiles/baseband_ert.elf.dir/__/chibios/os/hal/src/rtc.c.obj
[ 73%] Building C object firmware/baseband/CMakeFiles/baseband_ert.elf.dir/__/chibios/os/hal/src/sdc.c.obj
[ 73%] Building C object firmware/baseband/CMakeFiles/baseband_ert.elf.dir/__/chibios/os/hal/src/serial.c.obj
[ 73%] Building C object firmware/baseband/CMakeFiles/baseband_ert.elf.dir/__/chibios/os/hal/src/serial_usb.c.obj
[ 73%] Building C object firmware/baseband/CMakeFiles/baseband_ert.elf.dir/__/chibios/os/hal/src/spi.c.obj
[ 73%] Building C object firmware/baseband/CMakeFiles/baseband_ert.elf.dir/__/chibios/os/hal/src/tm.c.obj
[ 73%] Building C object firmware/baseband/CMakeFiles/baseband_ert.elf.dir/__/chibios/os/hal/src/uart.c.obj
[ 73%] Building C object firmware/baseband/CMakeFiles/baseband_ert.elf.dir/__/chibios/os/hal/src/usb.c.obj
[ 73%] Building C object firmware/baseband/CMakeFiles/baseband_ert.elf.dir/__/chibios-portapack/os/hal/platforms/LPC43xx_M4/hal_lld.c.obj
[ 73%] Building C object firmware/baseband/CMakeFiles/baseband_ert.elf.dir/__/chibios-portapack/os/hal/platforms/LPC43xx/gpt_lld.c.obj
[ 73%] Building C object firmware/baseband/CMakeFiles/baseband_ert.elf.dir/__/chibios-portapack/os/hal/platforms/LPC43xx/i2c_lld.c.obj
[ 73%] Building C object firmware/baseband/CMakeFiles/baseband_ert.elf.dir/__/chibios-portapack/os/hal/platforms/LPC43xx/pal_lld.c.obj
[ 73%] Building C object firmware/baseband/CMakeFiles/baseband_ert.elf.dir/__/chibios-portapack/os/hal/platforms/LPC43xx/rtc_lld.c.obj
[ 73%] Building C object firmware/baseband/CMakeFiles/baseband_ert.elf.dir/__/chibios-portapack/os/hal/platforms/LPC43xx/sdc_lld.c.obj
[ 73%] Building C object firmware/baseband/CMakeFiles/baseband_ert.elf.dir/__/chibios-portapack/os/hal/platforms/LPC43xx/serial_lld.c.obj
[ 73%] Building C object firmware/baseband/CMakeFiles/baseband_ert.elf.dir/__/chibios-portapack/os/hal/platforms/LPC43xx/spi_lld.c.obj
[ 73%] Building C object firmware/baseband/CMakeFiles/baseband_ert.elf.dir/__/chibios-portapack/os/hal/platforms/LPC43xx/lpc43xx.c.obj
[ 73%] Linking CXX executable baseband_ert.elf
Memory region         Used Size  Region Size  %age Used
           flash:       12960 B      32752 B     39.57%
             ram:       11380 B        96 KB     11.58%
         ram_usb:          0 GB        32 KB      0.00%
[ 73%] Built target baseband_ert.elf
[ 73%] Building CXX object firmware/baseband/CMakeFiles/baseband_rtty_tx.elf.dir/proc_rtty_tx.cpp.obj
[ 73%] Building C object firmware/baseband/CMakeFiles/baseband_rtty_tx.elf.dir/__/chibios/os/hal/src/hal.c.obj
[ 73%] Building C object firmware/baseband/CMakeFiles/baseband_rtty_tx.elf.dir/__/chibios/os/hal/src/adc.c.obj
[ 73%] Building C object firmware/baseband/CMakeFiles/baseband_rtty_tx.elf.dir/__/chibios/os/hal/src/can.c.obj
[ 74%] Building C object firmware/baseband/CMakeFiles/baseband_rtty_tx.elf.dir/__/chibios/os/hal/src/ext.c.obj
[ 74%] Building C object firmware/baseband/CMakeFiles/baseband_rtty_tx.elf.dir/__/chibios/os/hal/src/gpt.c.obj
[ 74%] Building C object firmware/baseband/CMakeFiles/baseband_rtty_tx.elf.dir/__/chibios/os/hal/src/i2c.c.obj
[ 74%] Building C object firmware/baseband/CMakeFiles/baseband_rtty_tx.elf.dir/__/chibios/os/hal/src/icu.c.obj
[ 74%] Building C object firmware/baseband/CMakeFiles/baseband_rtty_tx.elf.dir/__/chibios/os/hal/src/mac.c.obj
[ 74%] Building C object firmware/baseband/CMakeFiles/baseband_rtty_tx.elf.dir/__/chibios/os/hal/src/mmc_spi.c.obj
[ 74%] Building C object firmware/baseband/CMakeFiles/baseband_rtty_tx.elf.dir/__/chibios/os/hal/src/mmcsd.c.obj
[ 74%] Building C object firmware/baseband/CMakeFiles/baseband_rtty_tx.elf.dir/__/chibios/os/hal/src/pal.c.obj
[ 74%] Building C object firmware/baseband/CMakeFiles/baseband_rtty_tx.elf.dir/__/chibios/os/hal/src/pwm.c.obj
[ 74%] Building C object firmware/baseband/CMakeFiles/baseband_rtty_tx.elf.dir/__/chibios/os/hal/src/rtc.c.obj
[ 74%] Building C object firmware/baseband/CMakeFiles/baseband_rtty_tx.elf.dir/__/chibios/os/hal/src/sdc.c.obj
[ 74%] Building C object firmware/baseband/CMakeFiles/baseband_rtty_tx.elf.dir/__/chibios/os/hal/src/serial.c.obj
[ 74%] Building C object firmware/baseband/CMakeFiles/baseband_rtty_tx.elf.dir/__/chibios/os/hal/src/serial_usb.c.obj
[ 74%] Building C object firmware/baseband/CMakeFiles/baseband_rtty_tx.elf.dir/__/chibios/os/hal/src/spi.c.obj
[ 74%] Building C object firmware/baseband/CMakeFiles/baseband_rtty_tx.elf.dir/__/chibios/os/hal/src/tm.c.obj
[ 74%] Building C object firmware/baseband/CMakeFiles/baseband_rtty_tx.elf.dir/__/chibios/os/hal/src/uart.c.obj
[ 74%] Building C object firmware/baseband/CMakeFiles/baseband_rtty_tx.elf.dir/__/chibios/os/hal/src/usb.c.obj
[ 74%] Building C object firmware/baseband/CMakeFiles/baseband_rtty_tx.elf.dir/__/chibios-portapack/os/hal/platforms/LPC43xx_M4/hal_lld.c.obj
[ 74%] Building C object firmware/baseband/CMakeFiles/baseband_rtty_tx.elf.dir/__/chibios-portapack/os/hal/platforms/LPC43xx/gpt_lld.c.obj
[ 74%] Building C object firmware/baseband/CMakeFiles/baseband_rtty_tx.elf.dir/__/chibios-portapack/os/hal/platforms/LPC43xx/i2c_lld.c.obj
[ 74%] Building C object firmware/baseband/CMakeFiles/baseband_rtty_tx.elf.dir/__/chibios-portapack/os/hal/platforms/LPC43xx/pal_lld.c.obj
[ 74%] Building C object firmware/baseband/CMakeFiles/baseband_rtty_tx.elf.dir/__/chibios-portapack/os/hal/platforms/LPC43xx/rtc_lld.c.obj
[ 74%] Building C object firmware/baseband/CMakeFiles/baseband_rtty_tx.elf.dir/__/chibios-portapack/os/hal/platforms/LPC43xx/sdc_lld.c.obj
[ 74%] Building C object firmware/baseband/CMakeFiles/baseband_rtty_tx.elf.dir/__/chibios-portapack/os/hal/platforms/LPC43xx/serial_lld.c.obj
[ 74%] Building C object firmware/baseband/CMakeFiles/baseband_rtty_tx.elf.dir/__/chibios-portapack/os/hal/platforms/LPC43xx/spi_lld.c.obj
[ 74%] Building C object firmware/baseband/CMakeFiles/baseband_rtty_tx.elf.dir/__/chibios-portapack/os/hal/platforms/LPC43xx/lpc43xx.c.obj
[ 74%] Linking CXX executable baseband_rtty_tx.elf
Memory region         Used Size  Region Size  %age Used
           flash:       10896 B      32752 B     33.27%
             ram:       10276 B        96 KB     10.45%
         ram_usb:          0 GB        32 KB      0.00%
[ 74%] Built target baseband_rtty_tx.elf
[ 74%] Building CXX object firmware/baseband/CMakeFiles/baseband_morsetx.elf.dir/proc_morsetx.cpp.obj
[ 74%] Building C object firmware/baseband/CMakeFiles/baseband_morsetx.elf.dir/__/chibios/os/hal/src/hal.c.obj
[ 74%] Building C object firmware/baseband/CMakeFiles/baseband_morsetx.elf.dir/__/chibios/os/hal/src/adc.c.obj
[ 74%] Building C object firmware/baseband/CMakeFiles/baseband_morsetx.elf.dir/__/chibios/os/hal/src/can.c.obj
[ 75%] Building C object firmware/baseband/CMakeFiles/baseband_morsetx.elf.dir/__/chibios/os/hal/src/ext.c.obj
[ 75%] Building C object firmware/baseband/CMakeFiles/baseband_morsetx.elf.dir/__/chibios/os/hal/src/gpt.c.obj
[ 75%] Building C object firmware/baseband/CMakeFiles/baseband_morsetx.elf.dir/__/chibios/os/hal/src/i2c.c.obj
[ 75%] Building C object firmware/baseband/CMakeFiles/baseband_morsetx.elf.dir/__/chibios/os/hal/src/icu.c.obj
[ 75%] Building C object firmware/baseband/CMakeFiles/baseband_morsetx.elf.dir/__/chibios/os/hal/src/mac.c.obj
[ 75%] Building C object firmware/baseband/CMakeFiles/baseband_morsetx.elf.dir/__/chibios/os/hal/src/mmc_spi.c.obj
[ 75%] Building C object firmware/baseband/CMakeFiles/baseband_morsetx.elf.dir/__/chibios/os/hal/src/mmcsd.c.obj
[ 75%] Building C object firmware/baseband/CMakeFiles/baseband_morsetx.elf.dir/__/chibios/os/hal/src/pal.c.obj
[ 75%] Building C object firmware/baseband/CMakeFiles/baseband_morsetx.elf.dir/__/chibios/os/hal/src/pwm.c.obj
[ 75%] Building C object firmware/baseband/CMakeFiles/baseband_morsetx.elf.dir/__/chibios/os/hal/src/rtc.c.obj
[ 75%] Building C object firmware/baseband/CMakeFiles/baseband_morsetx.elf.dir/__/chibios/os/hal/src/sdc.c.obj
[ 75%] Building C object firmware/baseband/CMakeFiles/baseband_morsetx.elf.dir/__/chibios/os/hal/src/serial.c.obj
[ 75%] Building C object firmware/baseband/CMakeFiles/baseband_morsetx.elf.dir/__/chibios/os/hal/src/serial_usb.c.obj
[ 75%] Building C object firmware/baseband/CMakeFiles/baseband_morsetx.elf.dir/__/chibios/os/hal/src/spi.c.obj
[ 75%] Building C object firmware/baseband/CMakeFiles/baseband_morsetx.elf.dir/__/chibios/os/hal/src/tm.c.obj
[ 75%] Building C object firmware/baseband/CMakeFiles/baseband_morsetx.elf.dir/__/chibios/os/hal/src/uart.c.obj
[ 75%] Building C object firmware/baseband/CMakeFiles/baseband_morsetx.elf.dir/__/chibios/os/hal/src/usb.c.obj
[ 75%] Building C object firmware/baseband/CMakeFiles/baseband_morsetx.elf.dir/__/chibios-portapack/os/hal/platforms/LPC43xx_M4/hal_lld.c.obj
[ 75%] Building C object firmware/baseband/CMakeFiles/baseband_morsetx.elf.dir/__/chibios-portapack/os/hal/platforms/LPC43xx/gpt_lld.c.obj
[ 75%] Building C object firmware/baseband/CMakeFiles/baseband_morsetx.elf.dir/__/chibios-portapack/os/hal/platforms/LPC43xx/i2c_lld.c.obj
[ 75%] Building C object firmware/baseband/CMakeFiles/baseband_morsetx.elf.dir/__/chibios-portapack/os/hal/platforms/LPC43xx/pal_lld.c.obj
[ 75%] Building C object firmware/baseband/CMakeFiles/baseband_morsetx.elf.dir/__/chibios-portapack/os/hal/platforms/LPC43xx/rtc_lld.c.obj
[ 75%] Building C object firmware/baseband/CMakeFiles/baseband_morsetx.elf.dir/__/chibios-portapack/os/hal/platforms/LPC43xx/sdc_lld.c.obj
[ 75%] Building C object firmware/baseband/CMakeFiles/baseband_morsetx.elf.dir/__/chibios-portapack/os/hal/platforms/LPC43xx/serial_lld.c.obj
[ 75%] Building C object firmware/baseband/CMakeFiles/baseband_morsetx.elf.dir/__/chibios-portapack/os/hal/platforms/LPC43xx/spi_lld.c.obj
[ 75%] Building C object firmware/baseband/CMakeFiles/baseband_morsetx.elf.dir/__/chibios-portapack/os/hal/platforms/LPC43xx/lpc43xx.c.obj
[ 75%] Linking CXX executable baseband_morsetx.elf
Memory region         Used Size  Region Size  %age Used
           flash:       11120 B      32752 B     33.95%
             ram:       10888 B        96 KB     11.08%
         ram_usb:          0 GB        32 KB      0.00%
[ 75%] Built target baseband_morsetx.elf
[ 75%] Building CXX object firmware/baseband/CMakeFiles/baseband_tones.elf.dir/proc_tones.cpp.obj
[ 75%] Building C object firmware/baseband/CMakeFiles/baseband_tones.elf.dir/__/chibios/os/hal/src/hal.c.obj
[ 75%] Building C object firmware/baseband/CMakeFiles/baseband_tones.elf.dir/__/chibios/os/hal/src/adc.c.obj
[ 75%] Building C object firmware/baseband/CMakeFiles/baseband_tones.elf.dir/__/chibios/os/hal/src/can.c.obj
[ 75%] Building C object firmware/baseband/CMakeFiles/baseband_tones.elf.dir/__/chibios/os/hal/src/ext.c.obj
[ 75%] Building C object firmware/baseband/CMakeFiles/baseband_tones.elf.dir/__/chibios/os/hal/src/gpt.c.obj
[ 75%] Building C object firmware/baseband/CMakeFiles/baseband_tones.elf.dir/__/chibios/os/hal/src/i2c.c.obj
[ 75%] Building C object firmware/baseband/CMakeFiles/baseband_tones.elf.dir/__/chibios/os/hal/src/icu.c.obj
[ 75%] Building C object firmware/baseband/CMakeFiles/baseband_tones.elf.dir/__/chibios/os/hal/src/mac.c.obj
[ 75%] Building C object firmware/baseband/CMakeFiles/baseband_tones.elf.dir/__/chibios/os/hal/src/mmc_spi.c.obj
[ 75%] Building C object firmware/baseband/CMakeFiles/baseband_tones.elf.dir/__/chibios/os/hal/src/mmcsd.c.obj
[ 75%] Building C object firmware/baseband/CMakeFiles/baseband_tones.elf.dir/__/chibios/os/hal/src/pal.c.obj
[ 75%] Building C object firmware/baseband/CMakeFiles/baseband_tones.elf.dir/__/chibios/os/hal/src/pwm.c.obj
[ 75%] Building C object firmware/baseband/CMakeFiles/baseband_tones.elf.dir/__/chibios/os/hal/src/rtc.c.obj
[ 75%] Building C object firmware/baseband/CMakeFiles/baseband_tones.elf.dir/__/chibios/os/hal/src/sdc.c.obj
[ 75%] Building C object firmware/baseband/CMakeFiles/baseband_tones.elf.dir/__/chibios/os/hal/src/serial.c.obj
[ 76%] Building C object firmware/baseband/CMakeFiles/baseband_tones.elf.dir/__/chibios/os/hal/src/serial_usb.c.obj
[ 76%] Building C object firmware/baseband/CMakeFiles/baseband_tones.elf.dir/__/chibios/os/hal/src/spi.c.obj
[ 76%] Building C object firmware/baseband/CMakeFiles/baseband_tones.elf.dir/__/chibios/os/hal/src/tm.c.obj
[ 76%] Building C object firmware/baseband/CMakeFiles/baseband_tones.elf.dir/__/chibios/os/hal/src/uart.c.obj
[ 76%] Building C object firmware/baseband/CMakeFiles/baseband_tones.elf.dir/__/chibios/os/hal/src/usb.c.obj
[ 76%] Building C object firmware/baseband/CMakeFiles/baseband_tones.elf.dir/__/chibios-portapack/os/hal/platforms/LPC43xx_M4/hal_lld.c.obj
[ 76%] Building C object firmware/baseband/CMakeFiles/baseband_tones.elf.dir/__/chibios-portapack/os/hal/platforms/LPC43xx/gpt_lld.c.obj
[ 76%] Building C object firmware/baseband/CMakeFiles/baseband_tones.elf.dir/__/chibios-portapack/os/hal/platforms/LPC43xx/i2c_lld.c.obj
[ 76%] Building C object firmware/baseband/CMakeFiles/baseband_tones.elf.dir/__/chibios-portapack/os/hal/platforms/LPC43xx/pal_lld.c.obj
[ 76%] Building C object firmware/baseband/CMakeFiles/baseband_tones.elf.dir/__/chibios-portapack/os/hal/platforms/LPC43xx/rtc_lld.c.obj
[ 76%] Building C object firmware/baseband/CMakeFiles/baseband_tones.elf.dir/__/chibios-portapack/os/hal/platforms/LPC43xx/sdc_lld.c.obj
[ 76%] Building C object firmware/baseband/CMakeFiles/baseband_tones.elf.dir/__/chibios-portapack/os/hal/platforms/LPC43xx/serial_lld.c.obj
[ 76%] Building C object firmware/baseband/CMakeFiles/baseband_tones.elf.dir/__/chibios-portapack/os/hal/platforms/LPC43xx/spi_lld.c.obj
[ 76%] Building C object firmware/baseband/CMakeFiles/baseband_tones.elf.dir/__/chibios-portapack/os/hal/platforms/LPC43xx/lpc43xx.c.obj
[ 76%] Linking CXX executable baseband_tones.elf
Memory region         Used Size  Region Size  %age Used
           flash:       11720 B      32752 B     35.78%
             ram:       10864 B        96 KB     11.05%
         ram_usb:          0 GB        32 KB      0.00%
[ 76%] Built target baseband_tones.elf
[ 76%] Building CXX object firmware/baseband/CMakeFiles/baseband_signal_hunter.elf.dir/proc_signal_hunter.cpp.obj
[ 76%] Building C object firmware/baseband/CMakeFiles/baseband_signal_hunter.elf.dir/__/chibios/os/hal/src/hal.c.obj
[ 76%] Building C object firmware/baseband/CMakeFiles/baseband_signal_hunter.elf.dir/__/chibios/os/hal/src/adc.c.obj
[ 76%] Building C object firmware/baseband/CMakeFiles/baseband_signal_hunter.elf.dir/__/chibios/os/hal/src/can.c.obj
[ 76%] Building C object firmware/baseband/CMakeFiles/baseband_signal_hunter.elf.dir/__/chibios/os/hal/src/ext.c.obj
[ 76%] Building C object firmware/baseband/CMakeFiles/baseband_signal_hunter.elf.dir/__/chibios/os/hal/src/gpt.c.obj
[ 76%] Building C object firmware/baseband/CMakeFiles/baseband_signal_hunter.elf.dir/__/chibios/os/hal/src/i2c.c.obj
[ 76%] Building C object firmware/baseband/CMakeFiles/baseband_signal_hunter.elf.dir/__/chibios/os/hal/src/icu.c.obj
[ 76%] Building C object firmware/baseband/CMakeFiles/baseband_signal_hunter.elf.dir/__/chibios/os/hal/src/mac.c.obj
[ 76%] Building C object firmware/baseband/CMakeFiles/baseband_signal_hunter.elf.dir/__/chibios/os/hal/src/mmc_spi.c.obj
[ 76%] Building C object firmware/baseband/CMakeFiles/baseband_signal_hunter.elf.dir/__/chibios/os/hal/src/mmcsd.c.obj
[ 76%] Building C object firmware/baseband/CMakeFiles/baseband_signal_hunter.elf.dir/__/chibios/os/hal/src/pal.c.obj
[ 76%] Building C object firmware/baseband/CMakeFiles/baseband_signal_hunter.elf.dir/__/chibios/os/hal/src/pwm.c.obj
[ 76%] Building C object firmware/baseband/CMakeFiles/baseband_signal_hunter.elf.dir/__/chibios/os/hal/src/rtc.c.obj
[ 76%] Building C object firmware/baseband/CMakeFiles/baseband_signal_hunter.elf.dir/__/chibios/os/hal/src/sdc.c.obj
[ 76%] Building C object firmware/baseband/CMakeFiles/baseband_signal_hunter.elf.dir/__/chibios/os/hal/src/serial.c.obj
[ 76%] Building C object firmware/baseband/CMakeFiles/baseband_signal_hunter.elf.dir/__/chibios/os/hal/src/serial_usb.c.obj
[ 76%] Building C object firmware/baseband/CMakeFiles/baseband_signal_hunter.elf.dir/__/chibios/os/hal/src/spi.c.obj
[ 76%] Building C object firmware/baseband/CMakeFiles/baseband_signal_hunter.elf.dir/__/chibios/os/hal/src/tm.c.obj
[ 76%] Building C object firmware/baseband/CMakeFiles/baseband_signal_hunter.elf.dir/__/chibios/os/hal/src/uart.c.obj
[ 76%] Building C object firmware/baseband/CMakeFiles/baseband_signal_hunter.elf.dir/__/chibios/os/hal/src/usb.c.obj
[ 77%] Building C object firmware/baseband/CMakeFiles/baseband_signal_hunter.elf.dir/__/chibios-portapack/os/hal/platforms/LPC43xx_M4/hal_lld.c.obj
[ 77%] Building C object firmware/baseband/CMakeFiles/baseband_signal_hunter.elf.dir/__/chibios-portapack/os/hal/platforms/LPC43xx/gpt_lld.c.obj
[ 77%] Building C object firmware/baseband/CMakeFiles/baseband_signal_hunter.elf.dir/__/chibios-portapack/os/hal/platforms/LPC43xx/i2c_lld.c.obj
[ 77%] Building C object firmware/baseband/CMakeFiles/baseband_signal_hunter.elf.dir/__/chibios-portapack/os/hal/platforms/LPC43xx/pal_lld.c.obj
[ 77%] Building C object firmware/baseband/CMakeFiles/baseband_signal_hunter.elf.dir/__/chibios-portapack/os/hal/platforms/LPC43xx/rtc_lld.c.obj
[ 77%] Building C object firmware/baseband/CMakeFiles/baseband_signal_hunter.elf.dir/__/chibios-portapack/os/hal/platforms/LPC43xx/sdc_lld.c.obj
[ 77%] Building C object firmware/baseband/CMakeFiles/baseband_signal_hunter.elf.dir/__/chibios-portapack/os/hal/platforms/LPC43xx/serial_lld.c.obj
[ 77%] Building C object firmware/baseband/CMakeFiles/baseband_signal_hunter.elf.dir/__/chibios-portapack/os/hal/platforms/LPC43xx/spi_lld.c.obj
[ 77%] Building C object firmware/baseband/CMakeFiles/baseband_signal_hunter.elf.dir/__/chibios-portapack/os/hal/platforms/LPC43xx/lpc43xx.c.obj
[ 77%] Linking CXX executable baseband_signal_hunter.elf
Memory region         Used Size  Region Size  %age Used
           flash:       12232 B      32752 B     37.35%
             ram:       10768 B        96 KB     10.95%
         ram_usb:          0 GB        32 KB      0.00%
[ 77%] Built target baseband_signal_hunter.elf
[ 77%] Building CXX object firmware/baseband/CMakeFiles/baseband_wifi_aim.elf.dir/proc_wifi_aim.cpp.obj
[ 77%] Building CXX object firmware/baseband/CMakeFiles/baseband_wifi_aim.elf.dir/__/common/wifi_aim/wifi_aim_phy.cpp.obj
[ 77%] Building C object firmware/baseband/CMakeFiles/baseband_wifi_aim.elf.dir/__/chibios/os/hal/src/hal.c.obj
[ 77%] Building C object firmware/baseband/CMakeFiles/baseband_wifi_aim.elf.dir/__/chibios/os/hal/src/adc.c.obj
[ 77%] Building C object firmware/baseband/CMakeFiles/baseband_wifi_aim.elf.dir/__/chibios/os/hal/src/can.c.obj
[ 77%] Building C object firmware/baseband/CMakeFiles/baseband_wifi_aim.elf.dir/__/chibios/os/hal/src/ext.c.obj
[ 77%] Building C object firmware/baseband/CMakeFiles/baseband_wifi_aim.elf.dir/__/chibios/os/hal/src/gpt.c.obj
[ 77%] Building C object firmware/baseband/CMakeFiles/baseband_wifi_aim.elf.dir/__/chibios/os/hal/src/i2c.c.obj
[ 77%] Building C object firmware/baseband/CMakeFiles/baseband_wifi_aim.elf.dir/__/chibios/os/hal/src/icu.c.obj
[ 77%] Building C object firmware/baseband/CMakeFiles/baseband_wifi_aim.elf.dir/__/chibios/os/hal/src/mac.c.obj
[ 77%] Building C object firmware/baseband/CMakeFiles/baseband_wifi_aim.elf.dir/__/chibios/os/hal/src/mmc_spi.c.obj
[ 77%] Building C object firmware/baseband/CMakeFiles/baseband_wifi_aim.elf.dir/__/chibios/os/hal/src/mmcsd.c.obj
[ 77%] Building C object firmware/baseband/CMakeFiles/baseband_wifi_aim.elf.dir/__/chibios/os/hal/src/pal.c.obj
[ 77%] Building C object firmware/baseband/CMakeFiles/baseband_wifi_aim.elf.dir/__/chibios/os/hal/src/pwm.c.obj
[ 77%] Building C object firmware/baseband/CMakeFiles/baseband_wifi_aim.elf.dir/__/chibios/os/hal/src/rtc.c.obj
[ 77%] Building C object firmware/baseband/CMakeFiles/baseband_wifi_aim.elf.dir/__/chibios/os/hal/src/sdc.c.obj
[ 77%] Building C object firmware/baseband/CMakeFiles/baseband_wifi_aim.elf.dir/__/chibios/os/hal/src/serial.c.obj
[ 77%] Building C object firmware/baseband/CMakeFiles/baseband_wifi_aim.elf.dir/__/chibios/os/hal/src/serial_usb.c.obj
[ 77%] Building C object firmware/baseband/CMakeFiles/baseband_wifi_aim.elf.dir/__/chibios/os/hal/src/spi.c.obj
[ 77%] Building C object firmware/baseband/CMakeFiles/baseband_wifi_aim.elf.dir/__/chibios/os/hal/src/tm.c.obj
[ 77%] Building C object firmware/baseband/CMakeFiles/baseband_wifi_aim.elf.dir/__/chibios/os/hal/src/uart.c.obj
[ 77%] Building C object firmware/baseband/CMakeFiles/baseband_wifi_aim.elf.dir/__/chibios/os/hal/src/usb.c.obj
[ 77%] Building C object firmware/baseband/CMakeFiles/baseband_wifi_aim.elf.dir/__/chibios-portapack/os/hal/platforms/LPC43xx_M4/hal_lld.c.obj
[ 77%] Building C object firmware/baseband/CMakeFiles/baseband_wifi_aim.elf.dir/__/chibios-portapack/os/hal/platforms/LPC43xx/gpt_lld.c.obj
[ 78%] Building C object firmware/baseband/CMakeFiles/baseband_wifi_aim.elf.dir/__/chibios-portapack/os/hal/platforms/LPC43xx/i2c_lld.c.obj
[ 78%] Building C object firmware/baseband/CMakeFiles/baseband_wifi_aim.elf.dir/__/chibios-portapack/os/hal/platforms/LPC43xx/pal_lld.c.obj
[ 78%] Building C object firmware/baseband/CMakeFiles/baseband_wifi_aim.elf.dir/__/chibios-portapack/os/hal/platforms/LPC43xx/rtc_lld.c.obj
[ 78%] Building C object firmware/baseband/CMakeFiles/baseband_wifi_aim.elf.dir/__/chibios-portapack/os/hal/platforms/LPC43xx/sdc_lld.c.obj
[ 78%] Building C object firmware/baseband/CMakeFiles/baseband_wifi_aim.elf.dir/__/chibios-portapack/os/hal/platforms/LPC43xx/serial_lld.c.obj
[ 78%] Building C object firmware/baseband/CMakeFiles/baseband_wifi_aim.elf.dir/__/chibios-portapack/os/hal/platforms/LPC43xx/spi_lld.c.obj
[ 78%] Building C object firmware/baseband/CMakeFiles/baseband_wifi_aim.elf.dir/__/chibios-portapack/os/hal/platforms/LPC43xx/lpc43xx.c.obj
[ 78%] Linking CXX executable baseband_wifi_aim.elf
Memory region         Used Size  Region Size  %age Used
           flash:       16088 B      32752 B     49.12%
             ram:       10768 B        96 KB     10.95%
         ram_usb:          0 GB        32 KB      0.00%
[ 78%] Built target baseband_wifi_aim.elf
[ 78%] Building CXX object firmware/baseband/CMakeFiles/baseband_time_sink.elf.dir/proc_time_sink.cpp.obj
[ 78%] Building C object firmware/baseband/CMakeFiles/baseband_time_sink.elf.dir/__/chibios/os/hal/src/hal.c.obj
[ 78%] Building C object firmware/baseband/CMakeFiles/baseband_time_sink.elf.dir/__/chibios/os/hal/src/adc.c.obj
[ 78%] Building C object firmware/baseband/CMakeFiles/baseband_time_sink.elf.dir/__/chibios/os/hal/src/can.c.obj
[ 78%] Building C object firmware/baseband/CMakeFiles/baseband_time_sink.elf.dir/__/chibios/os/hal/src/ext.c.obj
[ 78%] Building C object firmware/baseband/CMakeFiles/baseband_time_sink.elf.dir/__/chibios/os/hal/src/gpt.c.obj
[ 78%] Building C object firmware/baseband/CMakeFiles/baseband_time_sink.elf.dir/__/chibios/os/hal/src/i2c.c.obj
[ 78%] Building C object firmware/baseband/CMakeFiles/baseband_time_sink.elf.dir/__/chibios/os/hal/src/icu.c.obj
[ 78%] Building C object firmware/baseband/CMakeFiles/baseband_time_sink.elf.dir/__/chibios/os/hal/src/mac.c.obj
[ 78%] Building C object firmware/baseband/CMakeFiles/baseband_time_sink.elf.dir/__/chibios/os/hal/src/mmc_spi.c.obj
[ 78%] Building C object firmware/baseband/CMakeFiles/baseband_time_sink.elf.dir/__/chibios/os/hal/src/mmcsd.c.obj
[ 78%] Building C object firmware/baseband/CMakeFiles/baseband_time_sink.elf.dir/__/chibios/os/hal/src/pal.c.obj
[ 78%] Building C object firmware/baseband/CMakeFiles/baseband_time_sink.elf.dir/__/chibios/os/hal/src/pwm.c.obj
[ 78%] Building C object firmware/baseband/CMakeFiles/baseband_time_sink.elf.dir/__/chibios/os/hal/src/rtc.c.obj
[ 78%] Building C object firmware/baseband/CMakeFiles/baseband_time_sink.elf.dir/__/chibios/os/hal/src/sdc.c.obj
[ 78%] Building C object firmware/baseband/CMakeFiles/baseband_time_sink.elf.dir/__/chibios/os/hal/src/serial.c.obj
[ 78%] Building C object firmware/baseband/CMakeFiles/baseband_time_sink.elf.dir/__/chibios/os/hal/src/serial_usb.c.obj
[ 78%] Building C object firmware/baseband/CMakeFiles/baseband_time_sink.elf.dir/__/chibios/os/hal/src/spi.c.obj
[ 78%] Building C object firmware/baseband/CMakeFiles/baseband_time_sink.elf.dir/__/chibios/os/hal/src/tm.c.obj
[ 78%] Building C object firmware/baseband/CMakeFiles/baseband_time_sink.elf.dir/__/chibios/os/hal/src/uart.c.obj
[ 78%] Building C object firmware/baseband/CMakeFiles/baseband_time_sink.elf.dir/__/chibios/os/hal/src/usb.c.obj
[ 78%] Building C object firmware/baseband/CMakeFiles/baseband_time_sink.elf.dir/__/chibios-portapack/os/hal/platforms/LPC43xx_M4/hal_lld.c.obj
[ 79%] Building C object firmware/baseband/CMakeFiles/baseband_time_sink.elf.dir/__/chibios-portapack/os/hal/platforms/LPC43xx/gpt_lld.c.obj
[ 79%] Building C object firmware/baseband/CMakeFiles/baseband_time_sink.elf.dir/__/chibios-portapack/os/hal/platforms/LPC43xx/i2c_lld.c.obj
[ 79%] Building C object firmware/baseband/CMakeFiles/baseband_time_sink.elf.dir/__/chibios-portapack/os/hal/platforms/LPC43xx/pal_lld.c.obj
[ 79%] Building C object firmware/baseband/CMakeFiles/baseband_time_sink.elf.dir/__/chibios-portapack/os/hal/platforms/LPC43xx/rtc_lld.c.obj
[ 79%] Building C object firmware/baseband/CMakeFiles/baseband_time_sink.elf.dir/__/chibios-portapack/os/hal/platforms/LPC43xx/sdc_lld.c.obj
[ 79%] Building C object firmware/baseband/CMakeFiles/baseband_time_sink.elf.dir/__/chibios-portapack/os/hal/platforms/LPC43xx/serial_lld.c.obj
[ 79%] Building C object firmware/baseband/CMakeFiles/baseband_time_sink.elf.dir/__/chibios-portapack/os/hal/platforms/LPC43xx/spi_lld.c.obj
[ 79%] Building C object firmware/baseband/CMakeFiles/baseband_time_sink.elf.dir/__/chibios-portapack/os/hal/platforms/LPC43xx/lpc43xx.c.obj
[ 79%] Linking CXX executable baseband_time_sink.elf
Memory region         Used Size  Region Size  %age Used
           flash:        8776 B      32752 B     26.80%
             ram:       10276 B        96 KB     10.45%
         ram_usb:          0 GB        32 KB      0.00%
[ 79%] Built target baseband_time_sink.elf
[ 79%] Building CXX object firmware/baseband/CMakeFiles/baseband_tetra_rx.elf.dir/proc_tetra.cpp.obj
[ 79%] Building C object firmware/baseband/CMakeFiles/baseband_tetra_rx.elf.dir/__/chibios/os/hal/src/hal.c.obj
[ 79%] Building C object firmware/baseband/CMakeFiles/baseband_tetra_rx.elf.dir/__/chibios/os/hal/src/adc.c.obj
[ 79%] Building C object firmware/baseband/CMakeFiles/baseband_tetra_rx.elf.dir/__/chibios/os/hal/src/can.c.obj
[ 79%] Building C object firmware/baseband/CMakeFiles/baseband_tetra_rx.elf.dir/__/chibios/os/hal/src/ext.c.obj
[ 79%] Building C object firmware/baseband/CMakeFiles/baseband_tetra_rx.elf.dir/__/chibios/os/hal/src/gpt.c.obj
[ 79%] Building C object firmware/baseband/CMakeFiles/baseband_tetra_rx.elf.dir/__/chibios/os/hal/src/i2c.c.obj
[ 79%] Building C object firmware/baseband/CMakeFiles/baseband_tetra_rx.elf.dir/__/chibios/os/hal/src/icu.c.obj
[ 79%] Building C object firmware/baseband/CMakeFiles/baseband_tetra_rx.elf.dir/__/chibios/os/hal/src/mac.c.obj
[ 79%] Building C object firmware/baseband/CMakeFiles/baseband_tetra_rx.elf.dir/__/chibios/os/hal/src/mmc_spi.c.obj
[ 79%] Building C object firmware/baseband/CMakeFiles/baseband_tetra_rx.elf.dir/__/chibios/os/hal/src/mmcsd.c.obj
[ 79%] Building C object firmware/baseband/CMakeFiles/baseband_tetra_rx.elf.dir/__/chibios/os/hal/src/pal.c.obj
[ 79%] Building C object firmware/baseband/CMakeFiles/baseband_tetra_rx.elf.dir/__/chibios/os/hal/src/pwm.c.obj
[ 79%] Building C object firmware/baseband/CMakeFiles/baseband_tetra_rx.elf.dir/__/chibios/os/hal/src/rtc.c.obj
[ 79%] Building C object firmware/baseband/CMakeFiles/baseband_tetra_rx.elf.dir/__/chibios/os/hal/src/sdc.c.obj
[ 79%] Building C object firmware/baseband/CMakeFiles/baseband_tetra_rx.elf.dir/__/chibios/os/hal/src/serial.c.obj
[ 79%] Building C object firmware/baseband/CMakeFiles/baseband_tetra_rx.elf.dir/__/chibios/os/hal/src/serial_usb.c.obj
[ 79%] Building C object firmware/baseband/CMakeFiles/baseband_tetra_rx.elf.dir/__/chibios/os/hal/src/spi.c.obj
[ 79%] Building C object firmware/baseband/CMakeFiles/baseband_tetra_rx.elf.dir/__/chibios/os/hal/src/tm.c.obj
[ 79%] Building C object firmware/baseband/CMakeFiles/baseband_tetra_rx.elf.dir/__/chibios/os/hal/src/uart.c.obj
[ 79%] Building C object firmware/baseband/CMakeFiles/baseband_tetra_rx.elf.dir/__/chibios/os/hal/src/usb.c.obj
[ 79%] Building C object firmware/baseband/CMakeFiles/baseband_tetra_rx.elf.dir/__/chibios-portapack/os/hal/platforms/LPC43xx_M4/hal_lld.c.obj
[ 79%] Building C object firmware/baseband/CMakeFiles/baseband_tetra_rx.elf.dir/__/chibios-portapack/os/hal/platforms/LPC43xx/gpt_lld.c.obj
[ 79%] Building C object firmware/baseband/CMakeFiles/baseband_tetra_rx.elf.dir/__/chibios-portapack/os/hal/platforms/LPC43xx/i2c_lld.c.obj
[ 80%] Building C object firmware/baseband/CMakeFiles/baseband_tetra_rx.elf.dir/__/chibios-portapack/os/hal/platforms/LPC43xx/pal_lld.c.obj
[ 80%] Building C object firmware/baseband/CMakeFiles/baseband_tetra_rx.elf.dir/__/chibios-portapack/os/hal/platforms/LPC43xx/rtc_lld.c.obj
[ 80%] Building C object firmware/baseband/CMakeFiles/baseband_tetra_rx.elf.dir/__/chibios-portapack/os/hal/platforms/LPC43xx/sdc_lld.c.obj
[ 80%] Building C object firmware/baseband/CMakeFiles/baseband_tetra_rx.elf.dir/__/chibios-portapack/os/hal/platforms/LPC43xx/serial_lld.c.obj
[ 80%] Building C object firmware/baseband/CMakeFiles/baseband_tetra_rx.elf.dir/__/chibios-portapack/os/hal/platforms/LPC43xx/spi_lld.c.obj
[ 80%] Building C object firmware/baseband/CMakeFiles/baseband_tetra_rx.elf.dir/__/chibios-portapack/os/hal/platforms/LPC43xx/lpc43xx.c.obj
[ 80%] Linking CXX executable baseband_tetra_rx.elf
Memory region         Used Size  Region Size  %age Used
           flash:       14696 B      32752 B     44.87%
             ram:       10768 B        96 KB     10.95%
         ram_usb:          0 GB        32 KB      0.00%
[ 80%] Built target baseband_tetra_rx.elf
[ 80%] Generating terminator.img
[ 80%] Generating PADR.bin, baseband_adsbrx.img
                                                                               Compressed 10884 bytes into 9004 bytes ==> 82.73%
[ 80%] Generating PAFT.bin, baseband_afsktx.img
                                                                               Compressed 9084 bytes into 7575 bytes ==> 83.39%
[ 80%] Generating PAPR.bin, baseband_aprsrx.img
                                                                               Compressed 17524 bytes into 15035 bytes ==> 85.80%
[ 80%] Generating PBTR.bin, baseband_btlerx.img
                                                                               Compressed 19780 bytes into 15225 bytes ==> 76.97%
[ 80%] Generating PBTT.bin, baseband_btletx.img
                                                                               Compressed 13240 bytes into 10215 bytes ==> 77.15%
[ 80%] Generating PAIS.bin, baseband_ais.img
                                                                               Compressed 14084 bytes into 11839 bytes ==> 84.06%
[ 80%] Generating PAMA.bin, baseband_am_audio.img
                                                                               Compressed 18092 bytes into 15345 bytes ==> 84.82%
[ 80%] Generating PCAP.bin, baseband_capture.img
                                                                               Compressed 18716 bytes into 14914 bytes ==> 79.69%
[ 80%] Generating PSON.bin, baseband_sonde.img
                                                                               Compressed 15148 bytes into 12381 bytes ==> 81.73%
[ 80%] Generating PFSR.bin, baseband_fskrx.img
                                                                               Compressed 24596 bytes into 19865 bytes ==> 80.77%
[ 80%] Generating PFSK.bin, baseband_fsktx.img
                                                                               Compressed 8932 bytes into 7415 bytes ==> 83.02%
[ 80%] Generating PMTX.bin, baseband_mic_tx.img
                                                                               Compressed 13476 bytes into 10961 bytes ==> 81.34%
[ 80%] Generating PNFM.bin, baseband_nfm_audio.img
                                                                               Compressed 18708 bytes into 15903 bytes ==> 85.01%
[ 80%] Generating POOK.bin, baseband_ook.img
                                                                               Compressed 9780 bytes into 8177 bytes ==> 83.61%
[ 80%] Generating PPO2.bin, baseband_pocsag2.img
                                                                               Compressed 18764 bytes into 15934 bytes ==> 84.92%
[ 80%] Generating PRDS.bin, baseband_rds.img
                                                                               Compressed 11140 bytes into 9542 bytes ==> 85.66%
[ 81%] Generating PREP.bin, baseband_replay.img
                                                                               Compressed 11052 bytes into 9324 bytes ==> 84.36%
[ 81%] Generating PSPE.bin, baseband_wideband_spectrum.img
                                                                               Compressed 12012 bytes into 9992 bytes ==> 83.18%
[ 81%] Generating PWFM.bin, baseband_wfm_audio.img
                                                                               Compressed 18908 bytes into 16081 bytes ==> 85.05%
[ 81%] Generating PSGD.bin, baseband_subghzd.img
                                                                               Compressed 28992 bytes into 19772 bytes ==> 68.20%
[ 81%] Generating PWTH.bin, baseband_weather.img
                                                                               Compressed 30840 bytes into 21377 bytes ==> 69.32%
[ 81%] Generating PFUT.bin, baseband_flash_utility.img
                                                                               Compressed 23196 bytes into 19370 bytes ==> 83.51%
[ 81%] Generating hackrf.img
                                                                               Compressed 57624 bytes into 43299 bytes ==> 75.14%
[ 81%] Generating PVTX.bin
[ 81%] Generating PVRX.bin
[ 81%] Generating PFLX.bin
[ 81%] Generating PACA.bin
[ 81%] Generating PAFR.bin
[ 81%] Generating PEPI.bin
[ 81%] Generating PEPT.bin
[ 81%] Generating P25T.bin
[ 81%] Generating PNRR.bin
[ 81%] Generating PJAM.bin
[ 81%] Generating PAMT.bin
[ 81%] Generating PGPS.bin
[ 81%] Generating PSPT.bin
[ 81%] Generating PTST.bin
[ 81%] Generating PABP.bin
[ 81%] Generating PPVW.bin
[ 82%] Generating PSTX.bin
[ 82%] Generating PSRX.bin
[ 82%] Generating PTPM.bin
[ 82%] Generating PADT.bin
[ 82%] Generating POSK.bin
[ 82%] Generating PSIG.bin
[ 82%] Generating PWFX.bin
[ 82%] Generating PNOA.bin
[ 82%] Generating PATX.bin
[ 82%] Generating PSCD.bin
[ 82%] Generating PTNE.bin
[ 82%] Generating PMRS.bin
[ 82%] Generating PRTR.bin
[ 82%] Generating PERT.bin
[ 82%] Generating PRTT.bin
[ 82%] Generating PMRT.bin
[ 82%] Generating PTON.bin
[ 82%] Generating HUNT.bin
[ 82%] Generating WAIM.bin
[ 82%] Generating PTSK.bin
[ 82%] Generating PTET.bin
[ 82%] Generating PUSB.bin
[ 82%] Generating baseband.img
[ 82%] Built target baseband
[ 82%] Generating portapack_cpld_h4m_data.cpp
[ 82%] Generating hackrf_cpld_data.cpp
[ 82%] Generating portapack_cpld_20150901_data.cpp
[ 82%] Generating portapack_cpld_20170522_data.cpp
[ 82%] Building C object firmware/application/CMakeFiles/application.elf.dir/__/chibios/os/ports/GCC/ARMCMx/crt0.c.obj
[ 82%] Building C object firmware/application/CMakeFiles/application.elf.dir/__/chibios-portapack/os/ports/GCC/ARMCMx/LPC43xx_M0/vectors.c.obj
[ 82%] Building C object firmware/application/CMakeFiles/application.elf.dir/__/chibios/os/ports/GCC/ARMCMx/chcore.c.obj
[ 82%] Building C object firmware/application/CMakeFiles/application.elf.dir/__/chibios/os/ports/GCC/ARMCMx/chcore_v6m.c.obj
[ 82%] Building C object firmware/application/CMakeFiles/application.elf.dir/__/chibios/os/ports/common/ARMCMx/nvic.c.obj
[ 82%] Building C object firmware/application/CMakeFiles/application.elf.dir/__/chibios/os/kernel/src/chsys.c.obj
[ 82%] Building C object firmware/application/CMakeFiles/application.elf.dir/__/chibios/os/kernel/src/chdebug.c.obj
[ 82%] Building C object firmware/application/CMakeFiles/application.elf.dir/__/chibios/os/kernel/src/chlists.c.obj
[ 82%] Building C object firmware/application/CMakeFiles/application.elf.dir/__/chibios/os/kernel/src/chvt.c.obj
[ 82%] Building C object firmware/application/CMakeFiles/application.elf.dir/__/chibios/os/kernel/src/chschd.c.obj
[ 82%] Building C object firmware/application/CMakeFiles/application.elf.dir/__/chibios/os/kernel/src/chthreads.c.obj
[ 82%] Building C object firmware/application/CMakeFiles/application.elf.dir/__/chibios/os/kernel/src/chdynamic.c.obj
[ 82%] Building C object firmware/application/CMakeFiles/application.elf.dir/__/chibios/os/kernel/src/chregistry.c.obj
[ 82%] Building C object firmware/application/CMakeFiles/application.elf.dir/__/chibios/os/kernel/src/chsem.c.obj
[ 82%] Building C object firmware/application/CMakeFiles/application.elf.dir/__/chibios/os/kernel/src/chmtx.c.obj
[ 82%] Building C object firmware/application/CMakeFiles/application.elf.dir/__/chibios/os/kernel/src/chcond.c.obj
[ 82%] Building C object firmware/application/CMakeFiles/application.elf.dir/__/chibios/os/kernel/src/chevents.c.obj
[ 82%] Building C object firmware/application/CMakeFiles/application.elf.dir/__/chibios/os/kernel/src/chmsg.c.obj
[ 82%] Building C object firmware/application/CMakeFiles/application.elf.dir/__/chibios/os/kernel/src/chmboxes.c.obj
[ 82%] Building C object firmware/application/CMakeFiles/application.elf.dir/__/chibios/os/kernel/src/chqueues.c.obj
[ 82%] Building C object firmware/application/CMakeFiles/application.elf.dir/__/chibios/os/kernel/src/chmemcore.c.obj
[ 82%] Building C object firmware/application/CMakeFiles/application.elf.dir/__/chibios/os/kernel/src/chheap.c.obj
[ 82%] Building C object firmware/application/CMakeFiles/application.elf.dir/__/chibios/os/kernel/src/chmempools.c.obj
[ 83%] Building C object firmware/application/CMakeFiles/application.elf.dir/__/chibios/test/test.c.obj
[ 83%] Building C object firmware/application/CMakeFiles/application.elf.dir/__/chibios/test/testthd.c.obj
[ 83%] Building C object firmware/application/CMakeFiles/application.elf.dir/__/chibios/test/testsem.c.obj
[ 83%] Building C object firmware/application/CMakeFiles/application.elf.dir/__/chibios/test/testmtx.c.obj
[ 83%] Building C object firmware/application/CMakeFiles/application.elf.dir/__/chibios/test/testmsg.c.obj
[ 83%] Building C object firmware/application/CMakeFiles/application.elf.dir/__/chibios/test/testmbox.c.obj
[ 83%] Building C object firmware/application/CMakeFiles/application.elf.dir/__/chibios/test/testevt.c.obj
[ 83%] Building C object firmware/application/CMakeFiles/application.elf.dir/__/chibios/test/testheap.c.obj
[ 83%] Building C object firmware/application/CMakeFiles/application.elf.dir/__/chibios/test/testpools.c.obj
[ 83%] Building C object firmware/application/CMakeFiles/application.elf.dir/__/chibios/test/testdyn.c.obj
[ 83%] Building C object firmware/application/CMakeFiles/application.elf.dir/__/chibios/test/testqueues.c.obj
[ 83%] Building C object firmware/application/CMakeFiles/application.elf.dir/__/chibios/test/testbmk.c.obj
[ 83%] Building C object firmware/application/CMakeFiles/application.elf.dir/__/chibios/os/hal/src/hal.c.obj
[ 83%] Building C object firmware/application/CMakeFiles/application.elf.dir/__/chibios/os/hal/src/adc.c.obj
[ 83%] Building C object firmware/application/CMakeFiles/application.elf.dir/__/chibios/os/hal/src/can.c.obj
[ 83%] Building C object firmware/application/CMakeFiles/application.elf.dir/__/chibios/os/hal/src/ext.c.obj
[ 83%] Building C object firmware/application/CMakeFiles/application.elf.dir/__/chibios/os/hal/src/gpt.c.obj
[ 83%] Building C object firmware/application/CMakeFiles/application.elf.dir/__/chibios/os/hal/src/i2c.c.obj
[ 83%] Building C object firmware/application/CMakeFiles/application.elf.dir/__/chibios/os/hal/src/icu.c.obj
[ 83%] Building C object firmware/application/CMakeFiles/application.elf.dir/__/chibios/os/hal/src/mac.c.obj
[ 83%] Building C object firmware/application/CMakeFiles/application.elf.dir/__/chibios/os/hal/src/mmc_spi.c.obj
[ 83%] Building C object firmware/application/CMakeFiles/application.elf.dir/__/chibios/os/hal/src/mmcsd.c.obj
[ 83%] Building C object firmware/application/CMakeFiles/application.elf.dir/__/chibios/os/hal/src/pal.c.obj
[ 83%] Building C object firmware/application/CMakeFiles/application.elf.dir/__/chibios/os/hal/src/pwm.c.obj
[ 83%] Building C object firmware/application/CMakeFiles/application.elf.dir/__/chibios/os/hal/src/rtc.c.obj
[ 83%] Building C object firmware/application/CMakeFiles/application.elf.dir/__/chibios/os/hal/src/sdc.c.obj
[ 83%] Building C object firmware/application/CMakeFiles/application.elf.dir/__/chibios/os/hal/src/serial.c.obj
[ 83%] Building C object firmware/application/CMakeFiles/application.elf.dir/__/chibios/os/hal/src/serial_usb.c.obj
[ 84%] Building C object firmware/application/CMakeFiles/application.elf.dir/__/chibios/os/hal/src/spi.c.obj
[ 84%] Building C object firmware/application/CMakeFiles/application.elf.dir/__/chibios/os/hal/src/tm.c.obj
[ 84%] Building C object firmware/application/CMakeFiles/application.elf.dir/__/chibios/os/hal/src/uart.c.obj
[ 84%] Building C object firmware/application/CMakeFiles/application.elf.dir/__/chibios/os/hal/src/usb.c.obj
[ 84%] Building C object firmware/application/CMakeFiles/application.elf.dir/__/chibios-portapack/os/hal/platforms/LPC43xx_M0/hal_lld.c.obj
[ 84%] Building C object firmware/application/CMakeFiles/application.elf.dir/__/chibios-portapack/os/hal/platforms/LPC43xx/gpt_lld.c.obj
[ 84%] Building C object firmware/application/CMakeFiles/application.elf.dir/__/chibios-portapack/os/hal/platforms/LPC43xx/i2c_lld.c.obj
[ 84%] Building C object firmware/application/CMakeFiles/application.elf.dir/__/chibios-portapack/os/hal/platforms/LPC43xx/pal_lld.c.obj
[ 84%] Building C object firmware/application/CMakeFiles/application.elf.dir/__/chibios-portapack/os/hal/platforms/LPC43xx/rtc_lld.c.obj
[ 84%] Building C object firmware/application/CMakeFiles/application.elf.dir/__/chibios-portapack/os/hal/platforms/LPC43xx/sdc_lld.c.obj
[ 84%] Building C object firmware/application/CMakeFiles/application.elf.dir/__/chibios-portapack/os/hal/platforms/LPC43xx/serial_lld.c.obj
[ 84%] Building C object firmware/application/CMakeFiles/application.elf.dir/__/chibios-portapack/os/hal/platforms/LPC43xx/spi_lld.c.obj
[ 84%] Building C object firmware/application/CMakeFiles/application.elf.dir/__/chibios-portapack/os/hal/platforms/LPC43xx/lpc43xx.c.obj
[ 84%] Building CXX object firmware/application/CMakeFiles/application.elf.dir/__/chibios-portapack/boards/PORTAPACK_APPLICATION/board.cpp.obj
[ 84%] Building C object firmware/application/CMakeFiles/application.elf.dir/__/chibios-portapack/os/various/fatfs_bindings/fatfs_diskio.c.obj
[ 84%] Building C object firmware/application/CMakeFiles/application.elf.dir/__/chibios-portapack/os/various/fatfs_bindings/fatfs_syscall.c.obj
[ 84%] Building C object firmware/application/CMakeFiles/application.elf.dir/__/chibios-portapack/ext/fatfs/src/ff.c.obj
[ 84%] Building C object firmware/application/CMakeFiles/application.elf.dir/__/chibios-portapack/ext/fatfs/src/option/unicode.c.obj
[ 84%] Building C object firmware/application/CMakeFiles/application.elf.dir/firmware_info.c.obj
[ 84%] Building C object firmware/application/CMakeFiles/application.elf.dir/usb_serial_cdc.c.obj
[ 84%] Building C object firmware/application/CMakeFiles/application.elf.dir/usb_serial_descriptor.c.obj
[ 84%] Building C object firmware/application/CMakeFiles/application.elf.dir/usb_serial_endpoints.c.obj
[ 84%] Building C object firmware/application/CMakeFiles/application.elf.dir/usb_serial_device_to_host.c.obj
[ 84%] Building C object firmware/application/CMakeFiles/application.elf.dir/i2c_device_to_host.c.obj
[ 84%] Building C object firmware/application/CMakeFiles/application.elf.dir/hackrf_core_mini.c.obj
[ 84%] Building C object firmware/application/CMakeFiles/application.elf.dir/__/__/hackrf/firmware/common/adc.c.obj
[ 84%] Building C object firmware/application/CMakeFiles/application.elf.dir/__/__/hackrf/firmware/common/usb.c.obj
[ 84%] Building C object firmware/application/CMakeFiles/application.elf.dir/__/__/hackrf/firmware/common/usb_queue.c.obj
[ 84%] Building C object firmware/application/CMakeFiles/application.elf.dir/__/__/hackrf/firmware/hackrf_usb/usb_device.c.obj
[ 85%] Building C object firmware/application/CMakeFiles/application.elf.dir/__/__/hackrf/firmware/common/usb_request.c.obj
[ 85%] Building C object firmware/application/CMakeFiles/application.elf.dir/__/__/hackrf/firmware/common/usb_standard_request.c.obj
[ 85%] Building C object firmware/application/CMakeFiles/application.elf.dir/__/__/hackrf/firmware/libopencm3/lib/lpc43xx/scu.c.obj
[ 85%] Building C object firmware/application/CMakeFiles/application.elf.dir/__/__/hackrf/firmware/common/gpio_lpc.c.obj
[ 85%] Building C object firmware/application/CMakeFiles/application.elf.dir/__/__/hackrf/firmware/common/platform_detect.c.obj
[ 85%] Building C object firmware/application/CMakeFiles/application.elf.dir/__/chibios/os/various/chprintf.c.obj
[ 85%] Building CXX object firmware/application/CMakeFiles/application.elf.dir/main.cpp.obj
[ 85%] Building CXX object firmware/application/CMakeFiles/application.elf.dir/shell.cpp.obj
[ 85%] Building CXX object firmware/application/CMakeFiles/application.elf.dir/__/common/adsb.cpp.obj
[ 85%] Building CXX object firmware/application/CMakeFiles/application.elf.dir/__/common/adsb_frame.cpp.obj
[ 85%] Building CXX object firmware/application/CMakeFiles/application.elf.dir/__/common/ais_baseband.cpp.obj
[ 85%] Building CXX object firmware/application/CMakeFiles/application.elf.dir/__/common/ais_packet.cpp.obj
[ 85%] Building CXX object firmware/application/CMakeFiles/application.elf.dir/__/common/ak4951.cpp.obj
[ 85%] Building CXX object firmware/application/CMakeFiles/application.elf.dir/__/common/backlight.cpp.obj
[ 85%] Building CXX object firmware/application/CMakeFiles/application.elf.dir/__/common/baseband_cpld.cpp.obj
[ 85%] Building CXX object firmware/application/CMakeFiles/application.elf.dir/__/common/bch_code.cpp.obj
[ 85%] Building CXX object firmware/application/CMakeFiles/application.elf.dir/__/common/buffer.cpp.obj
[ 85%] Building CXX object firmware/application/CMakeFiles/application.elf.dir/__/common/buffer_exchange.cpp.obj
[ 85%] Building CXX object firmware/application/CMakeFiles/application.elf.dir/__/common/chibios_cpp.cpp.obj
[ 85%] Building CXX object firmware/application/CMakeFiles/application.elf.dir/__/common/cpld_max5.cpp.obj
[ 85%] Building CXX object firmware/application/CMakeFiles/application.elf.dir/__/common/cpld_update.cpp.obj
[ 85%] Building CXX object firmware/application/CMakeFiles/application.elf.dir/__/common/cpld_xilinx.cpp.obj
[ 85%] Building CXX object firmware/application/CMakeFiles/application.elf.dir/debug.cpp.obj
[ 85%] Building CXX object firmware/application/CMakeFiles/application.elf.dir/__/common/ert_packet.cpp.obj
[ 85%] Building CXX object firmware/application/CMakeFiles/application.elf.dir/__/common/event.cpp.obj
[ 85%] Building CXX object firmware/application/CMakeFiles/application.elf.dir/__/common/gcc.cpp.obj
[ 85%] Building CXX object firmware/application/CMakeFiles/application.elf.dir/__/common/hackrf_hal.cpp.obj
[ 85%] Building CXX object firmware/application/CMakeFiles/application.elf.dir/__/common/i2c_pp.cpp.obj
[ 86%] Building CXX object firmware/application/CMakeFiles/application.elf.dir/__/common/jtag.cpp.obj
[ 86%] Building CXX object firmware/application/CMakeFiles/application.elf.dir/__/common/jtag_tap.cpp.obj
[ 86%] Building CXX object firmware/application/CMakeFiles/application.elf.dir/__/common/lcd_ili9341.cpp.obj
[ 86%] Building CXX object firmware/application/CMakeFiles/application.elf.dir/__/common/lfsr_random.cpp.obj
[ 86%] Building CXX object firmware/application/CMakeFiles/application.elf.dir/__/common/manchester.cpp.obj
[ 86%] Building CXX object firmware/application/CMakeFiles/application.elf.dir/__/common/message_queue.cpp.obj
[ 86%] Building CXX object firmware/application/CMakeFiles/application.elf.dir/__/common/morse.cpp.obj
[ 86%] Building CXX object firmware/application/CMakeFiles/application.elf.dir/__/common/png_writer.cpp.obj
[ 86%] Building CXX object firmware/application/CMakeFiles/application.elf.dir/__/common/pocsag.cpp.obj
[ 86%] Building CXX object firmware/application/CMakeFiles/application.elf.dir/__/common/pocsag_packet.cpp.obj
[ 86%] Building CXX object firmware/application/CMakeFiles/application.elf.dir/__/common/aprs_packet.cpp.obj
[ 86%] Building CXX object firmware/application/CMakeFiles/application.elf.dir/__/common/portapack_io.cpp.obj
[ 86%] Building CXX object firmware/application/CMakeFiles/application.elf.dir/__/common/portapack_persistent_memory.cpp.obj
[ 86%] Building CXX object firmware/application/CMakeFiles/application.elf.dir/__/common/portapack_shared_memory.cpp.obj
[ 86%] Building CXX object firmware/application/CMakeFiles/application.elf.dir/__/common/sonde_packet.cpp.obj
[ 86%] Building CXX object firmware/application/CMakeFiles/application.elf.dir/__/common/tpms_packet.cpp.obj
[ 86%] Building CXX object firmware/application/CMakeFiles/application.elf.dir/__/common/ui.cpp.obj
[ 86%] Building CXX object firmware/application/CMakeFiles/application.elf.dir/__/common/ui_focus.cpp.obj
[ 86%] Building CXX object firmware/application/CMakeFiles/application.elf.dir/__/common/ui_painter.cpp.obj
[ 86%] Building CXX object firmware/application/CMakeFiles/application.elf.dir/__/common/ui_text.cpp.obj
[ 86%] Building CXX object firmware/application/CMakeFiles/application.elf.dir/__/common/ui_widget.cpp.obj
[ 86%] Building CXX object firmware/application/CMakeFiles/application.elf.dir/__/common/ui_language.cpp.obj
[ 86%] Building CXX object firmware/application/CMakeFiles/application.elf.dir/__/common/utility.cpp.obj
[ 86%] Building CXX object firmware/application/CMakeFiles/application.elf.dir/__/common/wm8731.cpp.obj
[ 86%] Building CXX object firmware/application/CMakeFiles/application.elf.dir/__/common/i2cdevmanager.cpp.obj
[ 86%] Building CXX object firmware/application/CMakeFiles/application.elf.dir/__/common/i2cdev_ads1110.cpp.obj
[ 86%] Building CXX object firmware/application/CMakeFiles/application.elf.dir/__/common/i2cdev_bh1750.cpp.obj
[ 86%] Building CXX object firmware/application/CMakeFiles/application.elf.dir/__/common/i2cdev_bmx280.cpp.obj
[ 87%] Building CXX object firmware/application/CMakeFiles/application.elf.dir/__/common/i2cdev_max17055.cpp.obj
[ 87%] Building CXX object firmware/application/CMakeFiles/application.elf.dir/__/common/i2cdev_ppmod.cpp.obj
[ 87%] Building CXX object firmware/application/CMakeFiles/application.elf.dir/__/common/i2cdev_sht3x.cpp.obj
[ 87%] Building CXX object firmware/application/CMakeFiles/application.elf.dir/__/common/i2cdev_sht4x.cpp.obj
[ 87%] Building CXX object firmware/application/CMakeFiles/application.elf.dir/__/common/battery.cpp.obj
[ 87%] Building CXX object firmware/application/CMakeFiles/application.elf.dir/__/common/performance_counter.cpp.obj
[ 87%] Building CXX object firmware/application/CMakeFiles/application.elf.dir/__/common/bmpfile.cpp.obj
[ 87%] Building CXX object firmware/application/CMakeFiles/application.elf.dir/__/common/gpio.cpp.obj
[ 87%] Building CXX object firmware/application/CMakeFiles/application.elf.dir/app_settings.cpp.obj
[ 87%] Building CXX object firmware/application/CMakeFiles/application.elf.dir/audio.cpp.obj
[ 87%] Building CXX object firmware/application/CMakeFiles/application.elf.dir/baseband_api.cpp.obj
[ 87%] Building CXX object firmware/application/CMakeFiles/application.elf.dir/capture_thread.cpp.obj
[ 87%] Building CXX object firmware/application/CMakeFiles/application.elf.dir/clock_manager.cpp.obj
[ 87%] Building CXX object firmware/application/CMakeFiles/application.elf.dir/core_control.cpp.obj
[ 87%] Building CXX object firmware/application/CMakeFiles/application.elf.dir/database.cpp.obj
[ 87%] Building CXX object firmware/application/CMakeFiles/application.elf.dir/gradient.cpp.obj
[ 87%] Building CXX object firmware/application/CMakeFiles/application.elf.dir/event_m0.cpp.obj
[ 87%] Building CXX object firmware/application/CMakeFiles/application.elf.dir/file_reader.cpp.obj
[ 87%] Building CXX object firmware/application/CMakeFiles/application.elf.dir/file.cpp.obj
[ 87%] Building CXX object firmware/application/CMakeFiles/application.elf.dir/file_path.cpp.obj
[ 87%] Building CXX object firmware/application/CMakeFiles/application.elf.dir/freqman_db.cpp.obj
[ 87%] Building CXX object firmware/application/CMakeFiles/application.elf.dir/freqman.cpp.obj
[ 87%] Building CXX object firmware/application/CMakeFiles/application.elf.dir/io_convert.cpp.obj
[ 87%] Building CXX object firmware/application/CMakeFiles/application.elf.dir/io_file.cpp.obj
[ 87%] Building CXX object firmware/application/CMakeFiles/application.elf.dir/io_wave.cpp.obj
[ 87%] Building CXX object firmware/application/CMakeFiles/application.elf.dir/iq_trim.cpp.obj
[ 87%] Building CXX object firmware/application/CMakeFiles/application.elf.dir/irq_controls.cpp.obj
[ 87%] Building CXX object firmware/application/CMakeFiles/application.elf.dir/irq_lcd_frame.cpp.obj
[ 87%] Building CXX object firmware/application/CMakeFiles/application.elf.dir/irq_rtc.cpp.obj
[ 88%] Building CXX object firmware/application/CMakeFiles/application.elf.dir/keeloq_common.cpp.obj
[ 88%] Building CXX object firmware/application/CMakeFiles/application.elf.dir/keeloq_file.cpp.obj
[ 88%] Building CXX object firmware/application/CMakeFiles/application.elf.dir/keeloq_keystore.cpp.obj
[ 88%] Building CXX object firmware/application/CMakeFiles/application.elf.dir/log_file.cpp.obj
[ 88%] Building CXX object firmware/application/CMakeFiles/application.elf.dir/metadata_file.cpp.obj
[ 88%] Building CXX object firmware/application/CMakeFiles/application.elf.dir/flipper_subfile.cpp.obj
[ 88%] Building CXX object firmware/application/CMakeFiles/application.elf.dir/portapack.cpp.obj
[ 88%] Building CXX object firmware/application/CMakeFiles/application.elf.dir/usb_serial_shell.cpp.obj
[ 88%] Building CXX object firmware/application/CMakeFiles/application.elf.dir/usb_serial_shell_filesystem.cpp.obj
[ 88%] Building CXX object firmware/application/CMakeFiles/application.elf.dir/usb_serial_event.cpp.obj
[ 88%] Building CXX object firmware/application/CMakeFiles/application.elf.dir/usb_serial_thread.cpp.obj
[ 88%] Building CXX object firmware/application/CMakeFiles/application.elf.dir/usb_serial.cpp.obj
[ 88%] Building CXX object firmware/application/CMakeFiles/application.elf.dir/usb_serial_host_to_device.cpp.obj
[ 88%] Building CXX object firmware/application/CMakeFiles/application.elf.dir/usb_serial_asyncmsg.cpp.obj
[ 88%] Building CXX object firmware/application/CMakeFiles/application.elf.dir/qrcodegen.cpp.obj
[ 88%] Building CXX object firmware/application/CMakeFiles/application.elf.dir/radio.cpp.obj
[ 88%] Building CXX object firmware/application/CMakeFiles/application.elf.dir/receiver_model.cpp.obj
[ 88%] Building CXX object firmware/application/CMakeFiles/application.elf.dir/recent_entries.cpp.obj
[ 88%] Building CXX object firmware/application/CMakeFiles/application.elf.dir/replay_thread.cpp.obj
[ 88%] Building CXX object firmware/application/CMakeFiles/application.elf.dir/rf_path.cpp.obj
[ 88%] Building CXX object firmware/application/CMakeFiles/application.elf.dir/rtc_time.cpp.obj
[ 88%] Building CXX object firmware/application/CMakeFiles/application.elf.dir/sd_card.cpp.obj
[ 88%] Building CXX object firmware/application/CMakeFiles/application.elf.dir/serializer.cpp.obj
[ 88%] Building CXX object firmware/application/CMakeFiles/application.elf.dir/spectrum_color_lut.cpp.obj
[ 88%] Building CXX object firmware/application/CMakeFiles/application.elf.dir/string_format.cpp.obj
[ 88%] Building CXX object firmware/application/CMakeFiles/application.elf.dir/theme.cpp.obj
[ 88%] Building CXX object firmware/application/CMakeFiles/application.elf.dir/touch.cpp.obj
[ 88%] Building CXX object firmware/application/CMakeFiles/application.elf.dir/tone_key.cpp.obj
[ 89%] Building CXX object firmware/application/CMakeFiles/application.elf.dir/transmitter_model.cpp.obj
[ 89%] Building CXX object firmware/application/CMakeFiles/application.elf.dir/tuning.cpp.obj
[ 89%] Building CXX object firmware/application/CMakeFiles/application.elf.dir/hw/debounce.cpp.obj
[ 89%] Building CXX object firmware/application/CMakeFiles/application.elf.dir/hw/encoder.cpp.obj
[ 89%] Building CXX object firmware/application/CMakeFiles/application.elf.dir/hw/max2837.cpp.obj
[ 89%] Building CXX object firmware/application/CMakeFiles/application.elf.dir/hw/max2839.cpp.obj
[ 89%] Building CXX object firmware/application/CMakeFiles/application.elf.dir/hw/max2831.cpp.obj
[ 89%] Building CXX object firmware/application/CMakeFiles/application.elf.dir/hw/max5864.cpp.obj
[ 89%] Building CXX object firmware/application/CMakeFiles/application.elf.dir/hw/rffc507x.cpp.obj
[ 89%] Building CXX object firmware/application/CMakeFiles/application.elf.dir/hw/rffc507x_spi.cpp.obj
[ 89%] Building CXX object firmware/application/CMakeFiles/application.elf.dir/hw/si5351.cpp.obj
[ 89%] Building CXX object firmware/application/CMakeFiles/application.elf.dir/hw/spi_pp.cpp.obj
[ 89%] Building CXX object firmware/application/CMakeFiles/application.elf.dir/hw/touch_adc.cpp.obj
[ 89%] Building CXX object firmware/application/CMakeFiles/application.elf.dir/ook_file.cpp.obj
[ 89%] Building CXX object firmware/application/CMakeFiles/application.elf.dir/ui_baseband_stats_view.cpp.obj
[ 89%] Building CXX object firmware/application/CMakeFiles/application.elf.dir/ui_navigation.cpp.obj
[ 89%] Building CXX object firmware/application/CMakeFiles/application.elf.dir/ui_notifications.cpp.obj
[ 89%] Building CXX object firmware/application/CMakeFiles/application.elf.dir/ui_record_view.cpp.obj
[ 89%] Building CXX object firmware/application/CMakeFiles/application.elf.dir/ui_sd_card_status_view.cpp.obj
[ 89%] Building CXX object firmware/application/CMakeFiles/application.elf.dir/ui/ui_alphanum.cpp.obj
[ 89%] Building CXX object firmware/application/CMakeFiles/application.elf.dir/ui/ui_audio.cpp.obj
[ 89%] Building CXX object firmware/application/CMakeFiles/application.elf.dir/ui/ui_channel.cpp.obj
[ 89%] Building CXX object firmware/application/CMakeFiles/application.elf.dir/ui/ui_font_fixed_5x8.cpp.obj
[ 89%] Building CXX object firmware/application/CMakeFiles/application.elf.dir/ui/ui_font_fixed_8x16.cpp.obj
[ 89%] Building CXX object firmware/application/CMakeFiles/application.elf.dir/ui/ui_geomap.cpp.obj
[ 89%] Building CXX object firmware/application/CMakeFiles/application.elf.dir/ui/ui_qrcode.cpp.obj
[ 89%] Building CXX object firmware/application/CMakeFiles/application.elf.dir/ui/ui_menu.cpp.obj
[ 89%] Building CXX object firmware/application/CMakeFiles/application.elf.dir/ui/ui_btngrid.cpp.obj
[ 89%] Building CXX object firmware/application/CMakeFiles/application.elf.dir/ui/ui_receiver.cpp.obj
[ 90%] Building CXX object firmware/application/CMakeFiles/application.elf.dir/ui/ui_rssi.cpp.obj
[ 90%] Building CXX object firmware/application/CMakeFiles/application.elf.dir/ui/ui_freqlist.cpp.obj
[ 90%] Building CXX object firmware/application/CMakeFiles/application.elf.dir/ui/ui_spectrum.cpp.obj
[ 90%] Building CXX object firmware/application/CMakeFiles/application.elf.dir/ui/ui_tabview.cpp.obj
[ 90%] Building CXX object firmware/application/CMakeFiles/application.elf.dir/ui/ui_textentry.cpp.obj
[ 90%] Building CXX object firmware/application/CMakeFiles/application.elf.dir/ui/ui_tone_key.cpp.obj
[ 90%] Building CXX object firmware/application/CMakeFiles/application.elf.dir/ui/ui_transmitter.cpp.obj
[ 90%] Building CXX object firmware/application/CMakeFiles/application.elf.dir/ui/ui_bmpview.cpp.obj
[ 90%] Building CXX object firmware/application/CMakeFiles/application.elf.dir/apps/ais_app.cpp.obj
[ 90%] Building CXX object firmware/application/CMakeFiles/application.elf.dir/apps/analog_audio_app.cpp.obj
[ 90%] Building CXX object firmware/application/CMakeFiles/application.elf.dir/apps/ble_rx_app.cpp.obj
[ 90%] Building CXX object firmware/application/CMakeFiles/application.elf.dir/apps/ble_tx_app.cpp.obj
[ 90%] Building CXX object firmware/application/CMakeFiles/application.elf.dir/apps/capture_app.cpp.obj
[ 90%] Building CXX object firmware/application/CMakeFiles/application.elf.dir/apps/pocsag_app.cpp.obj
[ 90%] Building CXX object firmware/application/CMakeFiles/application.elf.dir/apps/ui_about_simple.cpp.obj
[ 90%] Building CXX object firmware/application/CMakeFiles/application.elf.dir/apps/ui_adsb_rx.cpp.obj
[ 90%] Building CXX object firmware/application/CMakeFiles/application.elf.dir/apps/ui_aprs_rx.cpp.obj
[ 90%] Building CXX object firmware/application/CMakeFiles/application.elf.dir/apps/ui_aprs_tx.cpp.obj
[ 90%] Building CXX object firmware/application/CMakeFiles/application.elf.dir/apps/ui_battinfo.cpp.obj
[ 90%] Building CXX object firmware/application/CMakeFiles/application.elf.dir/apps/ui_bmp_file_viewer.cpp.obj
[ 90%] Building CXX object firmware/application/CMakeFiles/application.elf.dir/apps/ui_btle_rx.cpp.obj
[ 90%] Building CXX object firmware/application/CMakeFiles/application.elf.dir/apps/ui_debug.cpp.obj
[ 90%] Building CXX object firmware/application/CMakeFiles/application.elf.dir/apps/ui_debug_max17055.cpp.obj
[ 90%] Building CXX object firmware/application/CMakeFiles/application.elf.dir/apps/ui_dfu_menu.cpp.obj
[ 90%] Building CXX object firmware/application/CMakeFiles/application.elf.dir/apps/ui_encoders.cpp.obj
[ 90%] Building CXX object firmware/application/CMakeFiles/application.elf.dir/apps/ui_external_module_view.cpp.obj
[ 90%] Building CXX object firmware/application/CMakeFiles/application.elf.dir/apps/ui_fileman.cpp.obj
[ 90%] Building CXX object firmware/application/CMakeFiles/application.elf.dir/apps/ui_flash_utility.cpp.obj
[ 91%] Building CXX object firmware/application/CMakeFiles/application.elf.dir/apps/ui_freqman.cpp.obj
[ 91%] Building CXX object firmware/application/CMakeFiles/application.elf.dir/apps/ui_iq_trim.cpp.obj
[ 91%] Building CXX object firmware/application/CMakeFiles/application.elf.dir/apps/ui_looking_glass_app.cpp.obj
[ 91%] Building CXX object firmware/application/CMakeFiles/application.elf.dir/apps/ui_mictx.cpp.obj
[ 91%] Building CXX object firmware/application/CMakeFiles/application.elf.dir/apps/ui_modemsetup.cpp.obj
[ 91%] Building CXX object firmware/application/CMakeFiles/application.elf.dir/apps/ui_playlist.cpp.obj
[ 91%] Building CXX object firmware/application/CMakeFiles/application.elf.dir/apps/ui_rds.cpp.obj
[ 91%] Building CXX object firmware/application/CMakeFiles/application.elf.dir/apps/ui_recon_settings.cpp.obj
[ 91%] Building CXX object firmware/application/CMakeFiles/application.elf.dir/apps/ui_recon.cpp.obj
[ 91%] Building CXX object firmware/application/CMakeFiles/application.elf.dir/apps/ui_search.cpp.obj
[ 91%] Building CXX object firmware/application/CMakeFiles/application.elf.dir/apps/ui_settings.cpp.obj
[ 91%] Building CXX object firmware/application/CMakeFiles/application.elf.dir/apps/ui_sonde.cpp.obj
[ 91%] Building CXX object firmware/application/CMakeFiles/application.elf.dir/apps/ui_ss_viewer.cpp.obj
[ 91%] Building CXX object firmware/application/CMakeFiles/application.elf.dir/apps/ui_standalone_view.cpp.obj
[ 91%] Building CXX object firmware/application/CMakeFiles/application.elf.dir/apps/ui_subghzd.cpp.obj
[ 91%] Building CXX object firmware/application/CMakeFiles/application.elf.dir/apps/ui_text_editor.cpp.obj
[ 91%] Building CXX object firmware/application/CMakeFiles/application.elf.dir/apps/ui_touch_calibration.cpp.obj
[ 91%] Building CXX object firmware/application/CMakeFiles/application.elf.dir/apps/ui_touchtunes.cpp.obj
[ 91%] Building CXX object firmware/application/CMakeFiles/application.elf.dir/apps/ui_weatherstation.cpp.obj
[ 91%] Building CXX object firmware/application/CMakeFiles/application.elf.dir/protocols/aprs.cpp.obj
[ 91%] Building CXX object firmware/application/CMakeFiles/application.elf.dir/protocols/ax25.cpp.obj
[ 91%] Building CXX object firmware/application/CMakeFiles/application.elf.dir/protocols/dcs.cpp.obj
[ 91%] Building CXX object firmware/application/CMakeFiles/application.elf.dir/protocols/encoders.cpp.obj
[ 91%] Building CXX object firmware/application/CMakeFiles/application.elf.dir/protocols/modems.cpp.obj
[ 91%] Building CXX object firmware/application/CMakeFiles/application.elf.dir/protocols/rds.cpp.obj
[ 91%] Building CXX object firmware/application/CMakeFiles/application.elf.dir/ui_sd_card_debug.cpp.obj
[ 91%] Building CXX object firmware/application/CMakeFiles/application.elf.dir/config_mode.cpp.obj
[ 91%] Building CXX object firmware/application/CMakeFiles/application.elf.dir/portapack_cpld_20150901_data.cpp.obj
[ 92%] Building CXX object firmware/application/CMakeFiles/application.elf.dir/portapack_cpld_20170522_data.cpp.obj
[ 92%] Building CXX object firmware/application/CMakeFiles/application.elf.dir/portapack_cpld_h4m_data.cpp.obj
[ 92%] Building CXX object firmware/application/CMakeFiles/application.elf.dir/hackrf_cpld_data.cpp.obj
[ 92%] Building CXX object firmware/application/CMakeFiles/application.elf.dir/ui_external_items_menu_loader.cpp.obj
[ 92%] Building CXX object firmware/application/CMakeFiles/application.elf.dir/view_factory_base.cpp.obj
[ 92%] Building CXX object firmware/application/CMakeFiles/application.elf.dir/external/afsk_rx/main.cpp.obj
[ 92%] Building CXX object firmware/application/CMakeFiles/application.elf.dir/external/afsk_rx/ui_afsk_rx.cpp.obj
[ 92%] Building CXX object firmware/application/CMakeFiles/application.elf.dir/external/calculator/main.cpp.obj
[ 92%] Building CXX object firmware/application/CMakeFiles/application.elf.dir/external/calculator/ui_calculator.cpp.obj
[ 92%] Building CXX object firmware/application/CMakeFiles/application.elf.dir/external/font_viewer/main.cpp.obj
[ 92%] Building CXX object firmware/application/CMakeFiles/application.elf.dir/external/font_viewer/ui_font_viewer.cpp.obj
[ 92%] Building CXX object firmware/application/CMakeFiles/application.elf.dir/external/blespam/main.cpp.obj
[ 92%] Building CXX object firmware/application/CMakeFiles/application.elf.dir/external/blespam/ui_blespam.cpp.obj
[ 92%] Building CXX object firmware/application/CMakeFiles/application.elf.dir/external/analogtv/main.cpp.obj
[ 92%] Building CXX object firmware/application/CMakeFiles/application.elf.dir/external/analogtv/analog_tv_app.cpp.obj
[ 92%] Building CXX object firmware/application/CMakeFiles/application.elf.dir/external/analogtv/ui_tv.cpp.obj
[ 92%] Building CXX object firmware/application/CMakeFiles/application.elf.dir/external/nrf_rx/main.cpp.obj
[ 92%] Building CXX object firmware/application/CMakeFiles/application.elf.dir/external/nrf_rx/ui_nrf_rx.cpp.obj
[ 92%] Building CXX object firmware/application/CMakeFiles/application.elf.dir/external/coasterp/main.cpp.obj
[ 92%] Building CXX object firmware/application/CMakeFiles/application.elf.dir/external/coasterp/ui_coasterp.cpp.obj
[ 92%] Building CXX object firmware/application/CMakeFiles/application.elf.dir/external/lge/main.cpp.obj
[ 92%] Building CXX object firmware/application/CMakeFiles/application.elf.dir/external/lge/lge_app.cpp.obj
[ 92%] Building CXX object firmware/application/CMakeFiles/application.elf.dir/external/lge/rfm69.cpp.obj
[ 92%] Building CXX object firmware/application/CMakeFiles/application.elf.dir/external/lcr/main.cpp.obj
[ 92%] Building CXX object firmware/application/CMakeFiles/application.elf.dir/external/lcr/ui_lcr.cpp.obj
[ 92%] Building CXX object firmware/application/CMakeFiles/application.elf.dir/external/jammer/main.cpp.obj
[ 92%] Building CXX object firmware/application/CMakeFiles/application.elf.dir/external/jammer/ui_jammer.cpp.obj
[ 92%] Building CXX object firmware/application/CMakeFiles/application.elf.dir/external/gpssim/main.cpp.obj
[ 92%] Building CXX object firmware/application/CMakeFiles/application.elf.dir/external/gpssim/gps_sim_app.cpp.obj
[ 93%] Building CXX object firmware/application/CMakeFiles/application.elf.dir/external/spainter/main.cpp.obj
[ 93%] Building CXX object firmware/application/CMakeFiles/application.elf.dir/external/spainter/ui_spectrum_painter.cpp.obj
[ 93%] Building CXX object firmware/application/CMakeFiles/application.elf.dir/external/spainter/ui_spectrum_painter_text.cpp.obj
[ 93%] Building CXX object firmware/application/CMakeFiles/application.elf.dir/external/spainter/ui_spectrum_painter_image.cpp.obj
[ 93%] Building CXX object firmware/application/CMakeFiles/application.elf.dir/external/keyfob/main.cpp.obj
[ 93%] Building CXX object firmware/application/CMakeFiles/application.elf.dir/external/keyfob/ui_keyfob.cpp.obj
[ 93%] Building CXX object firmware/application/CMakeFiles/application.elf.dir/external/tetris/main.cpp.obj
[ 93%] Building CXX object firmware/application/CMakeFiles/application.elf.dir/external/tetris/ui_tetris.cpp.obj
[ 93%] Building CXX object firmware/application/CMakeFiles/application.elf.dir/external/extsensors/main.cpp.obj
[ 93%] Building CXX object firmware/application/CMakeFiles/application.elf.dir/external/extsensors/ui_extsensors.cpp.obj
[ 93%] Building CXX object firmware/application/CMakeFiles/application.elf.dir/external/foxhunt/main.cpp.obj
[ 93%] Building CXX object firmware/application/CMakeFiles/application.elf.dir/external/foxhunt/ui_foxhunt_rx.cpp.obj
[ 93%] Building CXX object firmware/application/CMakeFiles/application.elf.dir/external/audio_test/main.cpp.obj
[ 93%] Building CXX object firmware/application/CMakeFiles/application.elf.dir/external/audio_test/ui_audio_test.cpp.obj
[ 93%] Building CXX object firmware/application/CMakeFiles/application.elf.dir/external/wardrivemap/main.cpp.obj
[ 93%] Building CXX object firmware/application/CMakeFiles/application.elf.dir/external/wardrivemap/ui_wardrivemap.cpp.obj
[ 93%] Building CXX object firmware/application/CMakeFiles/application.elf.dir/external/tpmsrx/main.cpp.obj
[ 93%] Building CXX object firmware/application/CMakeFiles/application.elf.dir/external/tpmsrx/tpms_app.cpp.obj
[ 93%] Building CXX object firmware/application/CMakeFiles/application.elf.dir/external/tpmstx/main.cpp.obj
[ 93%] Building CXX object firmware/application/CMakeFiles/application.elf.dir/external/tpmstx/tpms_tx_app.cpp.obj
[ 93%] Building CXX object firmware/application/CMakeFiles/application.elf.dir/external/protoview/main.cpp.obj
[ 93%] Building CXX object firmware/application/CMakeFiles/application.elf.dir/external/protoview/ui_protoview.cpp.obj
[ 93%] Building CXX object firmware/application/CMakeFiles/application.elf.dir/external/adsbtx/main.cpp.obj
[ 93%] Building CXX object firmware/application/CMakeFiles/application.elf.dir/external/adsbtx/ui_adsb_tx.cpp.obj
[ 93%] Building CXX object firmware/application/CMakeFiles/application.elf.dir/external/sstvtx/main.cpp.obj
[ 93%] Building CXX object firmware/application/CMakeFiles/application.elf.dir/external/sstvtx/ui_sstvtx.cpp.obj
[ 93%] Building CXX object firmware/application/CMakeFiles/application.elf.dir/external/same_tx/main.cpp.obj
[ 93%] Building CXX object firmware/application/CMakeFiles/application.elf.dir/external/same_tx/ui_same_tx.cpp.obj
[ 94%] Building CXX object firmware/application/CMakeFiles/application.elf.dir/external/mdc_tx/main.cpp.obj
[ 94%] Building CXX object firmware/application/CMakeFiles/application.elf.dir/external/mdc_tx/ui_mdc_tx.cpp.obj
[ 94%] Building CXX object firmware/application/CMakeFiles/application.elf.dir/external/sstvrx/main.cpp.obj
[ 94%] Building CXX object firmware/application/CMakeFiles/application.elf.dir/external/sstvrx/ui_sstvrx.cpp.obj
[ 94%] Building CXX object firmware/application/CMakeFiles/application.elf.dir/external/random_password/main.cpp.obj
[ 94%] Building CXX object firmware/application/CMakeFiles/application.elf.dir/external/random_password/ui_random_password.cpp.obj
[ 94%] Building CXX object firmware/application/CMakeFiles/application.elf.dir/external/random_password/sha512.cpp.obj
[ 94%] Building CXX object firmware/application/CMakeFiles/application.elf.dir/external/acars_rx/main.cpp.obj
[ 94%] Building CXX object firmware/application/CMakeFiles/application.elf.dir/external/acars_rx/acars_app.cpp.obj
[ 94%] Building CXX object firmware/application/CMakeFiles/application.elf.dir/external/wefax_rx/main.cpp.obj
[ 94%] Building CXX object firmware/application/CMakeFiles/application.elf.dir/external/wefax_rx/ui_wefax_rx.cpp.obj
[ 94%] Building CXX object firmware/application/CMakeFiles/application.elf.dir/external/noaaapt_rx/main.cpp.obj
[ 94%] Building CXX object firmware/application/CMakeFiles/application.elf.dir/external/noaaapt_rx/ui_noaaapt_rx.cpp.obj
[ 94%] Building CXX object firmware/application/CMakeFiles/application.elf.dir/external/vor_rx/main.cpp.obj
[ 94%] Building CXX object firmware/application/CMakeFiles/application.elf.dir/external/vor_rx/ui_vor_rx.cpp.obj
[ 94%] Building CXX object firmware/application/CMakeFiles/application.elf.dir/external/vor_tx/main.cpp.obj
[ 94%] Building CXX object firmware/application/CMakeFiles/application.elf.dir/external/vor_tx/ui_vor_tx.cpp.obj
[ 94%] Building CXX object firmware/application/CMakeFiles/application.elf.dir/external/shoppingcart_lock/main.cpp.obj
[ 94%] Building CXX object firmware/application/CMakeFiles/application.elf.dir/external/shoppingcart_lock/shoppingcart_lock.cpp.obj
[ 94%] Building CXX object firmware/application/CMakeFiles/application.elf.dir/external/ookbrute/main.cpp.obj
[ 94%] Building CXX object firmware/application/CMakeFiles/application.elf.dir/external/ookbrute/ui_ookbrute.cpp.obj
[ 94%] Building CXX object firmware/application/CMakeFiles/application.elf.dir/external/ook_editor/main.cpp.obj
[ 94%] Building CXX object firmware/application/CMakeFiles/application.elf.dir/external/ook_editor/ui_ook_editor.cpp.obj
[ 94%] Building CXX object firmware/application/CMakeFiles/application.elf.dir/external/cvs_spam/main.cpp.obj
[ 94%] Building CXX object firmware/application/CMakeFiles/application.elf.dir/external/cvs_spam/cvs_spam.cpp.obj
[ 94%] Building CXX object firmware/application/CMakeFiles/application.elf.dir/external/flippertx/main.cpp.obj
[ 94%] Building CXX object firmware/application/CMakeFiles/application.elf.dir/external/flippertx/ui_flippertx.cpp.obj
[ 94%] Building CXX object firmware/application/CMakeFiles/application.elf.dir/external/remote/main.cpp.obj
[ 95%] Building CXX object firmware/application/CMakeFiles/application.elf.dir/external/remote/ui_remote.cpp.obj
[ 95%] Building CXX object firmware/application/CMakeFiles/application.elf.dir/external/mcu_temperature/main.cpp.obj
[ 95%] Building CXX object firmware/application/CMakeFiles/application.elf.dir/external/mcu_temperature/mcu_temperature.cpp.obj
[ 95%] Building CXX object firmware/application/CMakeFiles/application.elf.dir/external/mcu_temperature/temperature_logger.cpp.obj
[ 95%] Building CXX object firmware/application/CMakeFiles/application.elf.dir/external/fmradio/main.cpp.obj
[ 95%] Building CXX object firmware/application/CMakeFiles/application.elf.dir/external/fmradio/ui_fmradio.cpp.obj
[ 95%] Building CXX object firmware/application/CMakeFiles/application.elf.dir/external/tuner/main.cpp.obj
[ 95%] Building CXX object firmware/application/CMakeFiles/application.elf.dir/external/tuner/ui_tuner.cpp.obj
[ 95%] Building CXX object firmware/application/CMakeFiles/application.elf.dir/external/metronome/main.cpp.obj
[ 95%] Building CXX object firmware/application/CMakeFiles/application.elf.dir/external/metronome/ui_metronome.cpp.obj
[ 95%] Building CXX object firmware/application/CMakeFiles/application.elf.dir/external/app_manager/main.cpp.obj
[ 95%] Building CXX object firmware/application/CMakeFiles/application.elf.dir/external/app_manager/ui_app_manager.cpp.obj
[ 95%] Building CXX object firmware/application/CMakeFiles/application.elf.dir/external/hopper/main.cpp.obj
[ 95%] Building CXX object firmware/application/CMakeFiles/application.elf.dir/external/hopper/ui_hopper.cpp.obj
[ 95%] Building CXX object firmware/application/CMakeFiles/application.elf.dir/external/antenna_length/main.cpp.obj
[ 95%] Building CXX object firmware/application/CMakeFiles/application.elf.dir/external/antenna_length/ui_whipcalc.cpp.obj
[ 95%] Building CXX object firmware/application/CMakeFiles/application.elf.dir/external/wav_view/main.cpp.obj
[ 95%] Building CXX object firmware/application/CMakeFiles/application.elf.dir/external/wav_view/ui_view_wav.cpp.obj
[ 95%] Building CXX object firmware/application/CMakeFiles/application.elf.dir/external/sd_wipe/main.cpp.obj
[ 95%] Building CXX object firmware/application/CMakeFiles/application.elf.dir/external/sd_wipe/ui_sd_wipe.cpp.obj
[ 95%] Building CXX object firmware/application/CMakeFiles/application.elf.dir/external/playlist_editor/main.cpp.obj
[ 95%] Building CXX object firmware/application/CMakeFiles/application.elf.dir/external/playlist_editor/ui_playlist_editor.cpp.obj
[ 95%] Building CXX object firmware/application/CMakeFiles/application.elf.dir/external/snake/main.cpp.obj
[ 95%] Building CXX object firmware/application/CMakeFiles/application.elf.dir/external/snake/ui_snake.cpp.obj
[ 95%] Building CXX object firmware/application/CMakeFiles/application.elf.dir/external/stopwatch/main.cpp.obj
[ 95%] Building CXX object firmware/application/CMakeFiles/application.elf.dir/external/stopwatch/ui_stopwatch.cpp.obj
[ 95%] Building CXX object firmware/application/CMakeFiles/application.elf.dir/external/breakout/main.cpp.obj
[ 95%] Building CXX object firmware/application/CMakeFiles/application.elf.dir/external/breakout/ui_breakout.cpp.obj
[ 95%] Building CXX object firmware/application/CMakeFiles/application.elf.dir/external/dinogame/main.cpp.obj
[ 96%] Building CXX object firmware/application/CMakeFiles/application.elf.dir/external/dinogame/ui_dinogame.cpp.obj
[ 96%] Building CXX object firmware/application/CMakeFiles/application.elf.dir/external/doom/main.cpp.obj
[ 96%] Building CXX object firmware/application/CMakeFiles/application.elf.dir/external/doom/ui_doom.cpp.obj
[ 96%] Building CXX object firmware/application/CMakeFiles/application.elf.dir/external/debug_pmem/main.cpp.obj
[ 96%] Building CXX object firmware/application/CMakeFiles/application.elf.dir/external/debug_pmem/ui_debug_pmem.cpp.obj
[ 96%] Building CXX object firmware/application/CMakeFiles/application.elf.dir/external/scanner/main.cpp.obj
[ 96%] Building CXX object firmware/application/CMakeFiles/application.elf.dir/external/scanner/ui_scanner.cpp.obj
[ 96%] Building CXX object firmware/application/CMakeFiles/application.elf.dir/external/level/main.cpp.obj
[ 96%] Building CXX object firmware/application/CMakeFiles/application.elf.dir/external/level/ui_level.cpp.obj
[ 96%] Building CXX object firmware/application/CMakeFiles/application.elf.dir/external/gfxeq/main.cpp.obj
[ 96%] Building CXX object firmware/application/CMakeFiles/application.elf.dir/external/gfxeq/ui_gfxeq.cpp.obj
[ 96%] Building CXX object firmware/application/CMakeFiles/application.elf.dir/external/waterfall_designer/main.cpp.obj
[ 96%] Building CXX object firmware/application/CMakeFiles/application.elf.dir/external/waterfall_designer/ui_waterfall_designer.cpp.obj
[ 96%] Building CXX object firmware/application/CMakeFiles/application.elf.dir/external/detector_rx/main.cpp.obj
[ 96%] Building CXX object firmware/application/CMakeFiles/application.elf.dir/external/detector_rx/ui_detector_rx.cpp.obj
[ 96%] Building CXX object firmware/application/CMakeFiles/application.elf.dir/external/spaceinv/main.cpp.obj
[ 96%] Building CXX object firmware/application/CMakeFiles/application.elf.dir/external/spaceinv/ui_spaceinv.cpp.obj
[ 96%] Building CXX object firmware/application/CMakeFiles/application.elf.dir/external/blackjack/main.cpp.obj
[ 96%] Building CXX object firmware/application/CMakeFiles/application.elf.dir/external/blackjack/ui_blackjack.cpp.obj
[ 96%] Building CXX object firmware/application/CMakeFiles/application.elf.dir/external/battleship/main.cpp.obj
[ 96%] Building CXX object firmware/application/CMakeFiles/application.elf.dir/external/battleship/ui_battleship.cpp.obj
[ 96%] Building CXX object firmware/application/CMakeFiles/application.elf.dir/external/ert/main.cpp.obj
[ 96%] Building CXX object firmware/application/CMakeFiles/application.elf.dir/external/ert/ert_app.cpp.obj
[ 96%] Building CXX object firmware/application/CMakeFiles/application.elf.dir/external/epirb_rx/main.cpp.obj
[ 96%] Building CXX object firmware/application/CMakeFiles/application.elf.dir/external/epirb_rx/ui_epirb_rx.cpp.obj
[ 96%] Building CXX object firmware/application/CMakeFiles/application.elf.dir/external/epirb_rx/ui_beaconlist.cpp.obj
[ 96%] Building CXX object firmware/application/CMakeFiles/application.elf.dir/external/epirb_rx/beacon_db.cpp.obj
[ 96%] Building CXX object firmware/application/CMakeFiles/application.elf.dir/external/epirb_rx/beacon.cpp.obj
[ 97%] Building CXX object firmware/application/CMakeFiles/application.elf.dir/external/epirb_rx/location.cpp.obj
[ 97%] Building CXX object firmware/application/CMakeFiles/application.elf.dir/external/epirb_tx/main.cpp.obj
[ 97%] Building CXX object firmware/application/CMakeFiles/application.elf.dir/external/epirb_tx/ui_epirb_tx.cpp.obj
[ 97%] Building CXX object firmware/application/CMakeFiles/application.elf.dir/external/soundboard/main.cpp.obj
[ 97%] Building CXX object firmware/application/CMakeFiles/application.elf.dir/external/soundboard/soundboard_app.cpp.obj
[ 97%] Building CXX object firmware/application/CMakeFiles/application.elf.dir/external/game2048/main.cpp.obj
[ 97%] Building CXX object firmware/application/CMakeFiles/application.elf.dir/external/game2048/ui_game2048.cpp.obj
[ 97%] Building CXX object firmware/application/CMakeFiles/application.elf.dir/external/bht_tx/main.cpp.obj
[ 97%] Building CXX object firmware/application/CMakeFiles/application.elf.dir/external/bht_tx/ui_bht_tx.cpp.obj
[ 97%] Building CXX object firmware/application/CMakeFiles/application.elf.dir/external/bht_tx/bht.cpp.obj
[ 97%] Building CXX object firmware/application/CMakeFiles/application.elf.dir/external/morse_practice/main.cpp.obj
[ 97%] Building CXX object firmware/application/CMakeFiles/application.elf.dir/external/morse_practice/ui_morse_practice.cpp.obj
[ 97%] Building CXX object firmware/application/CMakeFiles/application.elf.dir/external/adult_toys_controller/main.cpp.obj
[ 97%] Building CXX object firmware/application/CMakeFiles/application.elf.dir/external/adult_toys_controller/ui_adult_toys_controller.cpp.obj
[ 97%] Building CXX object firmware/application/CMakeFiles/application.elf.dir/external/flex_rx/main.cpp.obj
[ 97%] Building CXX object firmware/application/CMakeFiles/application.elf.dir/external/flex_rx/ui_flex_rx.cpp.obj
[ 97%] Building CXX object firmware/application/CMakeFiles/application.elf.dir/external/subcarrx/main.cpp.obj
[ 97%] Building CXX object firmware/application/CMakeFiles/application.elf.dir/external/subcarrx/ui_subcar.cpp.obj
[ 97%] Building CXX object firmware/application/CMakeFiles/application.elf.dir/external/siggen/main.cpp.obj
[ 97%] Building CXX object firmware/application/CMakeFiles/application.elf.dir/external/siggen/ui_siggen.cpp.obj
[ 97%] Building CXX object firmware/application/CMakeFiles/application.elf.dir/external/morse_radio/main.cpp.obj
[ 97%] Building CXX object firmware/application/CMakeFiles/application.elf.dir/external/morse_radio/ui_morse_radio.cpp.obj
[ 97%] Building CXX object firmware/application/CMakeFiles/application.elf.dir/external/morseradiotx/main.cpp.obj
[ 97%] Building CXX object firmware/application/CMakeFiles/application.elf.dir/external/morseradiotx/ui_morse_radiotx.cpp.obj
[ 97%] Building CXX object firmware/application/CMakeFiles/application.elf.dir/external/keeloqtx/main.cpp.obj
[ 97%] Building CXX object firmware/application/CMakeFiles/application.elf.dir/external/keeloqtx/ui_keeloqtx.cpp.obj
[ 97%] Building CXX object firmware/application/CMakeFiles/application.elf.dir/external/rtty_rx/main.cpp.obj
[ 97%] Building CXX object firmware/application/CMakeFiles/application.elf.dir/external/rtty_rx/ui_rtty_rx.cpp.obj
[ 97%] Building CXX object firmware/application/CMakeFiles/application.elf.dir/external/rtty_rx/baudot.cpp.obj
[ 98%] Building CXX object firmware/application/CMakeFiles/application.elf.dir/external/rtty_tx/main.cpp.obj
[ 98%] Building CXX object firmware/application/CMakeFiles/application.elf.dir/external/rtty_tx/ui_rtty_tx.cpp.obj
[ 98%] Building CXX object firmware/application/CMakeFiles/application.elf.dir/external/rtty_tx/baudot.cpp.obj
[ 98%] Building CXX object firmware/application/CMakeFiles/application.elf.dir/external/pocsag_tx/main.cpp.obj
[ 98%] Building CXX object firmware/application/CMakeFiles/application.elf.dir/external/pocsag_tx/ui_pocsag_tx.cpp.obj
[ 98%] Building CXX object firmware/application/CMakeFiles/application.elf.dir/external/flex_tx/main.cpp.obj
[ 98%] Building CXX object firmware/application/CMakeFiles/application.elf.dir/external/flex_tx/ui_flex_tx.cpp.obj
[ 98%] Building CXX object firmware/application/CMakeFiles/application.elf.dir/external/time_sink/main.cpp.obj
[ 98%] Building CXX object firmware/application/CMakeFiles/application.elf.dir/external/time_sink/ui_time_sink.cpp.obj
[ 98%] Building CXX object firmware/application/CMakeFiles/application.elf.dir/external/kiss_tnc/main.cpp.obj
[ 98%] Building CXX object firmware/application/CMakeFiles/application.elf.dir/external/kiss_tnc/ui_kiss_tnc.cpp.obj
[ 98%] Building CXX object firmware/application/CMakeFiles/application.elf.dir/external/fpv_detect/main.cpp.obj
[ 98%] Building CXX object firmware/application/CMakeFiles/application.elf.dir/external/fpv_detect/ui_fpv_detect.cpp.obj
[ 98%] Building CXX object firmware/application/CMakeFiles/application.elf.dir/external/p25_tx/main.cpp.obj
[ 98%] Building CXX object firmware/application/CMakeFiles/application.elf.dir/external/p25_tx/ui_p25_tx.cpp.obj
[ 98%] Building CXX object firmware/application/CMakeFiles/application.elf.dir/external/two_tone_pager/main.cpp.obj
[ 98%] Building CXX object firmware/application/CMakeFiles/application.elf.dir/external/two_tone_pager/ui_two_tone_pager.cpp.obj
[ 98%] Building CXX object firmware/application/CMakeFiles/application.elf.dir/external/two_tone_rx/main.cpp.obj
[ 98%] Building CXX object firmware/application/CMakeFiles/application.elf.dir/external/two_tone_rx/ui_two_tone_rx.cpp.obj
[ 98%] Building CXX object firmware/application/CMakeFiles/application.elf.dir/external/hard_reset/main.cpp.obj
[ 98%] Building CXX object firmware/application/CMakeFiles/application.elf.dir/external/hard_reset/ui_hard_reset.cpp.obj
[ 98%] Building CXX object firmware/application/CMakeFiles/application.elf.dir/external/secplustx/main.cpp.obj
[ 98%] Building CXX object firmware/application/CMakeFiles/application.elf.dir/external/secplustx/ui_secplustx.cpp.obj
[ 98%] Building CXX object firmware/application/CMakeFiles/application.elf.dir/external/secplustx/secplustx.cpp.obj
[ 98%] Building CXX object firmware/application/CMakeFiles/application.elf.dir/external/signal_hunter/main.cpp.obj
[ 98%] Building CXX object firmware/application/CMakeFiles/application.elf.dir/external/signal_hunter/ui_signal_hunter.cpp.obj
[ 98%] Building CXX object firmware/application/CMakeFiles/application.elf.dir/external/wifi_aim/main.cpp.obj
[ 98%] Building CXX object firmware/application/CMakeFiles/application.elf.dir/external/wifi_aim/ui_wifi_aim.cpp.obj
[100%] Building CXX object firmware/application/CMakeFiles/application.elf.dir/external/tetra_rx/main.cpp.obj
[100%] Building CXX object firmware/application/CMakeFiles/application.elf.dir/external/tetra_rx/ui_tetra_rx.cpp.obj
[100%] Building CXX object firmware/application/CMakeFiles/application.elf.dir/external/tetra_rx/tetra_crc.cpp.obj
[100%] Building CXX object firmware/application/CMakeFiles/application.elf.dir/external/tetra_rx/tetra_descrambler.cpp.obj
[100%] Building CXX object firmware/application/CMakeFiles/application.elf.dir/external/tetra_rx/tetra_interleave.cpp.obj
[100%] Building CXX object firmware/application/CMakeFiles/application.elf.dir/external/tetra_rx/tetra_rcpc.cpp.obj
[100%] Building CXX object firmware/application/CMakeFiles/application.elf.dir/external/tetra_rx/tetra_viterbi.cpp.obj
[100%] Building CXX object firmware/application/CMakeFiles/application.elf.dir/external/sdusb/main.cpp.obj
[100%] Building CXX object firmware/application/CMakeFiles/application.elf.dir/external/sdusb/ui_sd_over_usb.cpp.obj
[100%] Building ASM object firmware/application/CMakeFiles/application.elf.dir/lz4.S.obj
[100%] Linking CXX executable application.elf
Memory region         Used Size  Region Size  %age Used
           flash:      703608 B         1 MB     67.10%
             ram:       20812 B        64 KB     31.76%
       ram_local:          0 GB         0 GB      -nan%
ram_external_app_afsk_rx:        3784 B        32 KB     11.55%
ram_external_app_calculator:       10168 B        32 KB     31.03%
ram_external_app_font_viewer:        1904 B        32 KB      5.81%
ram_external_app_blespam:        9456 B        32 KB     28.86%
ram_external_app_analogtv:        5884 B        32 KB     17.96%
ram_external_app_nrf_rx:        2492 B        32 KB      7.60%
ram_external_app_coasterp:        2480 B        32 KB      7.57%
ram_external_app_lge:        6216 B        32 KB     18.97%
ram_external_app_lcr:        7800 B        32 KB     23.80%
ram_external_app_jammer:        9408 B        32 KB     28.71%
ram_external_app_gpssim:        4148 B        32 KB     12.66%
ram_external_app_spainter:        8256 B        32 KB     25.20%
ram_external_app_keyfob:        3556 B        32 KB     10.85%
ram_external_app_tetris:        6048 B        32 KB     18.46%
ram_external_app_extsensors:        3004 B        32 KB      9.17%
ram_external_app_foxhunt_rx:        3124 B        32 KB      9.53%
ram_external_app_audio_test:        2740 B        32 KB      8.36%
ram_external_app_wardrivemap:        4176 B        32 KB     12.74%
ram_external_app_tpmsrx:        9796 B        32 KB     29.90%
ram_external_app_protoview:        4608 B        32 KB     14.06%
ram_external_app_adsbtx:        6720 B        32 KB     20.51%
ram_external_app_morse_tx:          0 GB        32 KB      0.00%
ram_external_app_sstvtx:        4672 B        32 KB     14.26%
ram_external_app_random_password:       10724 B        32 KB     32.73%
ram_external_app_acars_rx:        4144 B        32 KB     12.65%
ram_external_app_shoppingcart_lock:        5768 B        32 KB     17.60%
ram_external_app_cvs_spam:        5856 B        32 KB     17.87%
ram_external_app_ookbrute:        4604 B        32 KB     14.05%
ram_external_app_flippertx:        4484 B        32 KB     13.68%
ram_external_app_ook_editor:       10060 B        32 KB     30.70%
ram_external_app_remote:       13120 B        32 KB     40.04%
ram_external_app_mcu_temperature:        2496 B        32 KB      7.62%
ram_external_app_fmradio:        9648 B        32 KB     29.44%
ram_external_app_tuner:        5180 B        32 KB     15.81%
ram_external_app_metronome:        4752 B        32 KB     14.50%
ram_external_app_app_manager:        5416 B        32 KB     16.53%
ram_external_app_hopper:        8872 B        32 KB     27.08%
ram_external_app_antenna_length:        5300 B        32 KB     16.17%
ram_external_app_view_wav:        8068 B        32 KB     24.62%
ram_external_app_sd_wipe:        1452 B        32 KB      4.43%
ram_external_app_playlist_editor:        8404 B        32 KB     25.65%
ram_external_app_snake:        3148 B        32 KB      9.61%
ram_external_app_stopwatch:        3888 B        32 KB     11.87%
ram_external_app_wefax_rx:        4504 B        32 KB     13.75%
ram_external_app_breakout:        7196 B        32 KB     21.96%
ram_external_app_doom:       17704 B        32 KB     54.03%
ram_external_app_debug_pmem:       11084 B        32 KB     33.83%
ram_external_app_scanner:       12848 B        32 KB     39.21%
ram_external_app_level:        7792 B        32 KB     23.78%
ram_external_app_gfxeq:        4940 B        32 KB     15.08%
ram_external_app_noaaapt_rx:        4100 B        32 KB     12.51%
ram_external_app_detector_rx:        6808 B        32 KB     20.78%
ram_external_app_dinogame:       24452 B        32 KB     74.62%
ram_external_app_spaceinv:        9668 B        32 KB     29.50%
ram_external_app_blackjack:       10512 B        32 KB     32.08%
ram_external_app_battleship:       13780 B        32 KB     42.05%
ram_external_app_ert:        2688 B        32 KB      8.20%
ram_external_app_epirb_rx:       15188 B        32 KB     46.35%
ram_external_app_soundboard:        6404 B        32 KB     19.54%
ram_external_app_game2048:        3468 B        32 KB     10.58%
ram_external_app_bht_tx:        6948 B        32 KB     21.20%
ram_external_app_morse_practice:        7336 B        32 KB     22.39%
ram_external_app_adult_toys_controller:        8516 B        32 KB     25.99%
ram_external_app_flex_rx:        5672 B        32 KB     17.31%
ram_external_app_sstvrx:        6496 B        32 KB     19.82%
ram_external_app_subcarrx:        9632 B        32 KB     29.39%
ram_external_app_siggen:        4268 B        32 KB     13.02%
ram_external_app_sdusb:        1480 B        32 KB      4.52%
ram_external_app_morse_radio:       11168 B        32 KB     34.08%
ram_external_app_waterfall_designer:       10960 B        32 KB     33.45%
ram_external_app_morseradiotx:       13688 B        32 KB     41.77%
ram_external_app_keeloqtx:        6392 B        32 KB     19.51%
ram_external_app_rtty_rx:        2644 B        32 KB      8.07%
ram_external_app_rtty_tx:        5004 B        32 KB     15.27%
ram_external_app_tpmstx:        9736 B        32 KB     29.71%
ram_external_app_pocsag_tx:        4972 B        32 KB     15.17%
ram_external_app_time_sink:        5416 B        32 KB     16.53%
ram_external_app_same_tx:        4056 B        32 KB     12.38%
ram_external_app_kiss_tnc:        4060 B        32 KB     12.39%
ram_external_app_mdc_tx:        4220 B        32 KB     12.88%
ram_external_app_epirb_tx:       18460 B        32 KB     56.34%
ram_external_app_fpv_detect:        7124 B        32 KB     21.74%
ram_external_app_p25_tx:        4000 B        32 KB     12.21%
ram_external_app_two_tone_pager:        9724 B        32 KB     29.68%
ram_external_app_two_tone_rx:        9572 B        32 KB     29.21%
ram_external_app_flex_tx:       14520 B        32 KB     44.31%
ram_external_app_hard_reset:        3944 B        32 KB     12.04%
ram_external_app_secplustx:        6936 B        32 KB     21.17%
ram_external_app_vor_rx:        6500 B        32 KB     19.84%
ram_external_app_vor_tx:        3488 B        32 KB     10.64%
ram_external_app_signal_hunter:        8584 B        32 KB     26.20%
ram_external_app_tetra_rx:        6668 B        32 KB     20.35%
ram_external_app_wifi_aim:        6540 B        32 KB     19.96%
[100%] Built target application.elf
[100%] Generating application.bin
copy from `application.elf' [elf32-littlearm] to `application.bin' [binary]
copy from `/havoc/build/firmware/application/application.elf' [elf32-littlearm] to `/havoc/build/firmware/application/external_app_afsk_rx.himg' [binary]
copy from `/havoc/build/firmware/application/application.elf' [elf32-littlearm] to `/havoc/build/firmware/application/external_app_calculator.himg' [binary]
copy from `/havoc/build/firmware/application/application.elf' [elf32-littlearm] to `/havoc/build/firmware/application/external_app_font_viewer.himg' [binary]
copy from `/havoc/build/firmware/application/application.elf' [elf32-littlearm] to `/havoc/build/firmware/application/external_app_blespam.himg' [binary]
copy from `/havoc/build/firmware/application/application.elf' [elf32-littlearm] to `/havoc/build/firmware/application/external_app_analogtv.himg' [binary]
copy from `/havoc/build/firmware/application/application.elf' [elf32-littlearm] to `/havoc/build/firmware/application/external_app_nrf_rx.himg' [binary]
copy from `/havoc/build/firmware/application/application.elf' [elf32-littlearm] to `/havoc/build/firmware/application/external_app_coasterp.himg' [binary]
copy from `/havoc/build/firmware/application/application.elf' [elf32-littlearm] to `/havoc/build/firmware/application/external_app_lge.himg' [binary]
copy from `/havoc/build/firmware/application/application.elf' [elf32-littlearm] to `/havoc/build/firmware/application/external_app_lcr.himg' [binary]
copy from `/havoc/build/firmware/application/application.elf' [elf32-littlearm] to `/havoc/build/firmware/application/external_app_jammer.himg' [binary]
copy from `/havoc/build/firmware/application/application.elf' [elf32-littlearm] to `/havoc/build/firmware/application/external_app_gpssim.himg' [binary]
copy from `/havoc/build/firmware/application/application.elf' [elf32-littlearm] to `/havoc/build/firmware/application/external_app_spainter.himg' [binary]
copy from `/havoc/build/firmware/application/application.elf' [elf32-littlearm] to `/havoc/build/firmware/application/external_app_keyfob.himg' [binary]
copy from `/havoc/build/firmware/application/application.elf' [elf32-littlearm] to `/havoc/build/firmware/application/external_app_tetris.himg' [binary]
copy from `/havoc/build/firmware/application/application.elf' [elf32-littlearm] to `/havoc/build/firmware/application/external_app_extsensors.himg' [binary]
copy from `/havoc/build/firmware/application/application.elf' [elf32-littlearm] to `/havoc/build/firmware/application/external_app_foxhunt_rx.himg' [binary]
copy from `/havoc/build/firmware/application/application.elf' [elf32-littlearm] to `/havoc/build/firmware/application/external_app_audio_test.himg' [binary]
copy from `/havoc/build/firmware/application/application.elf' [elf32-littlearm] to `/havoc/build/firmware/application/external_app_wardrivemap.himg' [binary]
copy from `/havoc/build/firmware/application/application.elf' [elf32-littlearm] to `/havoc/build/firmware/application/external_app_tpmsrx.himg' [binary]
copy from `/havoc/build/firmware/application/application.elf' [elf32-littlearm] to `/havoc/build/firmware/application/external_app_tpmstx.himg' [binary]
copy from `/havoc/build/firmware/application/application.elf' [elf32-littlearm] to `/havoc/build/firmware/application/external_app_protoview.himg' [binary]
copy from `/havoc/build/firmware/application/application.elf' [elf32-littlearm] to `/havoc/build/firmware/application/external_app_adsbtx.himg' [binary]
copy from `/havoc/build/firmware/application/application.elf' [elf32-littlearm] to `/havoc/build/firmware/application/external_app_sstvtx.himg' [binary]
copy from `/havoc/build/firmware/application/application.elf' [elf32-littlearm] to `/havoc/build/firmware/application/external_app_same_tx.himg' [binary]
copy from `/havoc/build/firmware/application/application.elf' [elf32-littlearm] to `/havoc/build/firmware/application/external_app_mdc_tx.himg' [binary]
copy from `/havoc/build/firmware/application/application.elf' [elf32-littlearm] to `/havoc/build/firmware/application/external_app_sstvrx.himg' [binary]
copy from `/havoc/build/firmware/application/application.elf' [elf32-littlearm] to `/havoc/build/firmware/application/external_app_random_password.himg' [binary]
copy from `/havoc/build/firmware/application/application.elf' [elf32-littlearm] to `/havoc/build/firmware/application/external_app_acars_rx.himg' [binary]
copy from `/havoc/build/firmware/application/application.elf' [elf32-littlearm] to `/havoc/build/firmware/application/external_app_wefax_rx.himg' [binary]
copy from `/havoc/build/firmware/application/application.elf' [elf32-littlearm] to `/havoc/build/firmware/application/external_app_noaaapt_rx.himg' [binary]
copy from `/havoc/build/firmware/application/application.elf' [elf32-littlearm] to `/havoc/build/firmware/application/external_app_vor_rx.himg' [binary]
copy from `/havoc/build/firmware/application/application.elf' [elf32-littlearm] to `/havoc/build/firmware/application/external_app_vor_tx.himg' [binary]
copy from `/havoc/build/firmware/application/application.elf' [elf32-littlearm] to `/havoc/build/firmware/application/external_app_shoppingcart_lock.himg' [binary]
copy from `/havoc/build/firmware/application/application.elf' [elf32-littlearm] to `/havoc/build/firmware/application/external_app_ookbrute.himg' [binary]
copy from `/havoc/build/firmware/application/application.elf' [elf32-littlearm] to `/havoc/build/firmware/application/external_app_ook_editor.himg' [binary]
copy from `/havoc/build/firmware/application/application.elf' [elf32-littlearm] to `/havoc/build/firmware/application/external_app_cvs_spam.himg' [binary]
copy from `/havoc/build/firmware/application/application.elf' [elf32-littlearm] to `/havoc/build/firmware/application/external_app_flippertx.himg' [binary]
copy from `/havoc/build/firmware/application/application.elf' [elf32-littlearm] to `/havoc/build/firmware/application/external_app_remote.himg' [binary]
copy from `/havoc/build/firmware/application/application.elf' [elf32-littlearm] to `/havoc/build/firmware/application/external_app_mcu_temperature.himg' [binary]
copy from `/havoc/build/firmware/application/application.elf' [elf32-littlearm] to `/havoc/build/firmware/application/external_app_fmradio.himg' [binary]
copy from `/havoc/build/firmware/application/application.elf' [elf32-littlearm] to `/havoc/build/firmware/application/external_app_tuner.himg' [binary]
copy from `/havoc/build/firmware/application/application.elf' [elf32-littlearm] to `/havoc/build/firmware/application/external_app_metronome.himg' [binary]
copy from `/havoc/build/firmware/application/application.elf' [elf32-littlearm] to `/havoc/build/firmware/application/external_app_app_manager.himg' [binary]
copy from `/havoc/build/firmware/application/application.elf' [elf32-littlearm] to `/havoc/build/firmware/application/external_app_hopper.himg' [binary]
copy from `/havoc/build/firmware/application/application.elf' [elf32-littlearm] to `/havoc/build/firmware/application/external_app_antenna_length.himg' [binary]
copy from `/havoc/build/firmware/application/application.elf' [elf32-littlearm] to `/havoc/build/firmware/application/external_app_view_wav.himg' [binary]
copy from `/havoc/build/firmware/application/application.elf' [elf32-littlearm] to `/havoc/build/firmware/application/external_app_sd_wipe.himg' [binary]
copy from `/havoc/build/firmware/application/application.elf' [elf32-littlearm] to `/havoc/build/firmware/application/external_app_playlist_editor.himg' [binary]
copy from `/havoc/build/firmware/application/application.elf' [elf32-littlearm] to `/havoc/build/firmware/application/external_app_snake.himg' [binary]
copy from `/havoc/build/firmware/application/application.elf' [elf32-littlearm] to `/havoc/build/firmware/application/external_app_stopwatch.himg' [binary]
copy from `/havoc/build/firmware/application/application.elf' [elf32-littlearm] to `/havoc/build/firmware/application/external_app_breakout.himg' [binary]
copy from `/havoc/build/firmware/application/application.elf' [elf32-littlearm] to `/havoc/build/firmware/application/external_app_dinogame.himg' [binary]
copy from `/havoc/build/firmware/application/application.elf' [elf32-littlearm] to `/havoc/build/firmware/application/external_app_doom.himg' [binary]
copy from `/havoc/build/firmware/application/application.elf' [elf32-littlearm] to `/havoc/build/firmware/application/external_app_debug_pmem.himg' [binary]
copy from `/havoc/build/firmware/application/application.elf' [elf32-littlearm] to `/havoc/build/firmware/application/external_app_scanner.himg' [binary]
copy from `/havoc/build/firmware/application/application.elf' [elf32-littlearm] to `/havoc/build/firmware/application/external_app_level.himg' [binary]
copy from `/havoc/build/firmware/application/application.elf' [elf32-littlearm] to `/havoc/build/firmware/application/external_app_gfxeq.himg' [binary]
copy from `/havoc/build/firmware/application/application.elf' [elf32-littlearm] to `/havoc/build/firmware/application/external_app_waterfall_designer.himg' [binary]
Creating external application image for afsk_rx
b'PAFR'
PAFR
/havoc/build/firmware/application/../baseband/PAFR.bin
Creating external application image for calculator
Creating external application image for font_viewer
Creating external application image for blespam
b'PBTT'
PBTT
/havoc/build/firmware/application/../baseband/PBTT.bin
WARNING: External code address 0xae032710 at offset 0x288 in /havoc/build/firmware/application/external_app_blespam.himg
Creating external application image for analogtv
b'PAMT'
PAMT
/havoc/build/firmware/application/../baseband/PAMT.bin
WARNING: External code address 0xae0358e2 at offset 0xcfc in /havoc/build/firmware/application/external_app_analogtv.himg
Creating external application image for nrf_rx
b'PNRR'
PNRR
/havoc/build/firmware/application/../baseband/PNRR.bin
WARNING: External code address 0xae0c681b at offset 0x394 in /havoc/build/firmware/application/external_app_nrf_rx.himg
Creating external application image for coasterp
b'PFSK'
PFSK
/havoc/build/firmware/application/../baseband/PFSK.bin
Creating external application image for lge
b'PFSK'
PFSK
/havoc/build/firmware/application/../baseband/PFSK.bin
WARNING: External code address 0xae034b1a at offset 0xa10 in /havoc/build/firmware/application/external_app_lge.himg
Creating external application image for lcr
b'PAFT'
PAFT
/havoc/build/firmware/application/../baseband/PAFT.bin
Creating external application image for jammer
b'PJAM'
PJAM
/havoc/build/firmware/application/../baseband/PJAM.bin
Creating external application image for gpssim
b'PGPS'
PGPS
/havoc/build/firmware/application/../baseband/PGPS.bin
WARNING: External code address 0xae062300 at offset 0x24c in /havoc/build/firmware/application/external_app_gpssim.himg
Creating external application image for spainter
b'PSPT'
PSPT
/havoc/build/firmware/application/../baseband/PSPT.bin
Creating external application image for keyfob
b'POOK'
POOK
/havoc/build/firmware/application/../baseband/POOK.bin
Creating external application image for tetris
Creating external application image for extsensors
Creating external application image for foxhunt_rx
b'PAMA'
PAMA
/havoc/build/firmware/application/../baseband/PAMA.bin
Creating external application image for audio_test
b'PABP'
PABP
/havoc/build/firmware/application/../baseband/PABP.bin
Creating external application image for wardrivemap
Creating external application image for tpmsrx
b'PTPM'
PTPM
/havoc/build/firmware/application/../baseband/PTPM.bin
WARNING: External code address 0xae022500 at offset 0x634 in /havoc/build/firmware/application/external_app_tpmsrx.himg
Creating external application image for tpmstx
b'POOK'
POOK
/havoc/build/firmware/application/../baseband/POOK.bin
Creating external application image for protoview
b'PPVW'
PPVW
/havoc/build/firmware/application/../baseband/PPVW.bin
Creating external application image for adsbtx
b'PADT'
PADT
/havoc/build/firmware/application/../baseband/PADT.bin
WARNING: External code address 0xae044b27 at offset 0xd24 in /havoc/build/firmware/application/external_app_adsbtx.himg
Creating external application image for sstvtx
b'PSTX'
PSTX
/havoc/build/firmware/application/../baseband/PSTX.bin
Creating external application image for same_tx
b'PAFT'
PAFT
/havoc/build/firmware/application/../baseband/PAFT.bin
Creating external application image for mdc_tx
b'PAFT'
PAFT
/havoc/build/firmware/application/../baseband/PAFT.bin
Creating external application image for sstvrx
b'PSRX'
PSRX
/havoc/build/firmware/application/../baseband/PSRX.bin
Creating external application image for random_password
b'PAFR'
PAFR
/havoc/build/firmware/application/../baseband/PAFR.bin
Creating external application image for acars_rx
b'PACA'
PACA
/havoc/build/firmware/application/../baseband/PACA.bin
Creating external application image for wefax_rx
b'PWFX'
PWFX
/havoc/build/firmware/application/../baseband/PWFX.bin
Creating external application image for noaaapt_rx
b'PNOA'
PNOA
/havoc/build/firmware/application/../baseband/PNOA.bin
Creating external application image for vor_rx
b'PVRX'
PVRX
/havoc/build/firmware/application/../baseband/PVRX.bin
WARNING: External code address 0xae0259e3 at offset 0x800 in /havoc/build/firmware/application/external_app_vor_rx.himg
Creating external application image for vor_tx
b'PVTX'
PVTX
/havoc/build/firmware/application/../baseband/PVTX.bin
Creating external application image for shoppingcart_lock
b'PATX'
PATX
/havoc/build/firmware/application/../baseband/PATX.bin
Creating external application image for ookbrute
b'POOK'
POOK
/havoc/build/firmware/application/../baseband/POOK.bin
Creating external application image for ook_editor
b'POOK'
POOK
/havoc/build/firmware/application/../baseband/POOK.bin
Creating external application image for cvs_spam
b'PREP'
PREP
/havoc/build/firmware/application/../baseband/PREP.bin
Creating external application image for flippertx
b'POSK'
POSK
/havoc/build/firmware/application/../baseband/POSK.bin
WARNING: External code address 0xae084b2e at offset 0x634 in /havoc/build/firmware/application/external_app_flippertx.himg
Creating external application image for remote
b'PREP'
PREP
/havoc/build/firmware/application/../baseband/PREP.bin
WARNING: External code address 0xae064668 at offset 0x910 in /havoc/build/firmware/application/external_app_remote.himg
WARNING: External code address 0xae0a2100 at offset 0x1fa8 in /havoc/build/firmware/application/external_app_remote.himg
Creating external application image for mcu_temperature
Creating external application image for fmradio
b'PWFM'
PWFM
/havoc/build/firmware/application/../baseband/PWFM.bin
WARNING: External code address 0xae06050c at offset 0x2ddc in /havoc/build/firmware/application/external_app_fmradio.himg
Creating external application image for tuner
b'PABP'
PABP
/havoc/build/firmware/application/../baseband/PABP.bin
Creating external application image for metronome
b'PABP'
PABP
/havoc/build/firmware/application/../baseband/PABP.bin
Creating external application image for app_manager
Creating external application image for hopper
b'PJAM'
PJAM
/havoc/build/firmware/application/../baseband/PJAM.bin
WARNING: External code address 0xae0c2300 at offset 0xb40 in /havoc/build/firmware/application/external_app_hopper.himg
Creating external application image for antenna_length
Creating external application image for view_wav
b'PATX'
PATX
/havoc/build/firmware/application/../baseband/PATX.bin
Creating external application image for sd_wipe
Creating external application image for playlist_editor
WARNING: External code address 0xae083201 at offset 0x4d4 in /havoc/build/firmware/application/external_app_playlist_editor.himg
Creating external application image for snake
Creating external application image for stopwatch
WARNING: External code address 0xae0c2300 at offset 0xa4c in /havoc/build/firmware/application/external_app_stopwatch.himg
Creating external application image for breakout
b'PABP'
PABP
/havoc/build/firmware/application/../baseband/PABP.bin
WARNING: External code address 0xae086c03 at offset 0xd18 in /havoc/build/firmware/application/external_app_breakout.himg
Creating external application image for dinogame
Creating external application image for doom
WARNING: External code address 0xae084b58 at offset 0x31b4 in /havoc/build/firmware/application/external_app_doom.himg
Creating external application image for debug_pmem
Creating external application image for scanner
b'PWFM'
PWFM
/havoc/build/firmware/application/../baseband/PWFM.bin
WARNING: External code address 0xae06050c at offset 0x3a5c in /havoc/build/firmware/application/external_app_scanner.himg
Creating external application image for level
b'PWFM'
PWFM
/havoc/build/firmware/application/../baseband/PWFM.bin
WARNING: External code address 0xae06050c at offset 0x269c in /havoc/build/firmware/application/external_app_level.himg
Creating external application image for gfxeq
b'PWFM'
PWFM
/havoc/build/firmware/application/../baseband/PWFM.bin
WARNING: External code address 0xae06050c at offset 0x1b78 in /havoc/build/firmware/application/external_app_gfxeq.himg
Creating external application image for waterfall_designer
b'PCAP'
PCAP
/havoc/build/firmware/application/../baseband/PCAP.bincopy from `/havoc/build/firmware/application/application.elf' [elf32-littlearm] to `/havoc/build/firmware/application/external_app_detector_rx.himg' [binary]
copy from `/havoc/build/firmware/application/application.elf' [elf32-littlearm] to `/havoc/build/firmware/application/external_app_fpv_detect.himg' [binary]
copy from `/havoc/build/firmware/application/application.elf' [elf32-littlearm] to `/havoc/build/firmware/application/external_app_spaceinv.himg' [binary]
copy from `/havoc/build/firmware/application/application.elf' [elf32-littlearm] to `/havoc/build/firmware/application/external_app_blackjack.himg' [binary]
copy from `/havoc/build/firmware/application/application.elf' [elf32-littlearm] to `/havoc/build/firmware/application/external_app_battleship.himg' [binary]
copy from `/havoc/build/firmware/application/application.elf' [elf32-littlearm] to `/havoc/build/firmware/application/external_app_ert.himg' [binary]
copy from `/havoc/build/firmware/application/application.elf' [elf32-littlearm] to `/havoc/build/firmware/application/external_app_epirb_rx.himg' [binary]
copy from `/havoc/build/firmware/application/application.elf' [elf32-littlearm] to `/havoc/build/firmware/application/external_app_epirb_tx.himg' [binary]
copy from `/havoc/build/firmware/application/application.elf' [elf32-littlearm] to `/havoc/build/firmware/application/external_app_soundboard.himg' [binary]
copy from `/havoc/build/firmware/application/application.elf' [elf32-littlearm] to `/havoc/build/firmware/application/external_app_game2048.himg' [binary]
copy from `/havoc/build/firmware/application/application.elf' [elf32-littlearm] to `/havoc/build/firmware/application/external_app_bht_tx.himg' [binary]
copy from `/havoc/build/firmware/application/application.elf' [elf32-littlearm] to `/havoc/build/firmware/application/external_app_morse_practice.himg' [binary]
copy from `/havoc/build/firmware/application/application.elf' [elf32-littlearm] to `/havoc/build/firmware/application/external_app_adult_toys_controller.himg' [binary]
copy from `/havoc/build/firmware/application/application.elf' [elf32-littlearm] to `/havoc/build/firmware/application/external_app_flex_rx.himg' [binary]
copy from `/havoc/build/firmware/application/application.elf' [elf32-littlearm] to `/havoc/build/firmware/application/external_app_subcarrx.himg' [binary]
copy from `/havoc/build/firmware/application/application.elf' [elf32-littlearm] to `/havoc/build/firmware/application/external_app_siggen.himg' [binary]
copy from `/havoc/build/firmware/application/application.elf' [elf32-littlearm] to `/havoc/build/firmware/application/external_app_morse_radio.himg' [binary]
copy from `/havoc/build/firmware/application/application.elf' [elf32-littlearm] to `/havoc/build/firmware/application/external_app_morseradiotx.himg' [binary]
copy from `/havoc/build/firmware/application/application.elf' [elf32-littlearm] to `/havoc/build/firmware/application/external_app_keeloqtx.himg' [binary]
copy from `/havoc/build/firmware/application/application.elf' [elf32-littlearm] to `/havoc/build/firmware/application/external_app_rtty_rx.himg' [binary]
copy from `/havoc/build/firmware/application/application.elf' [elf32-littlearm] to `/havoc/build/firmware/application/external_app_rtty_tx.himg' [binary]
copy from `/havoc/build/firmware/application/application.elf' [elf32-littlearm] to `/havoc/build/firmware/application/external_app_pocsag_tx.himg' [binary]
copy from `/havoc/build/firmware/application/application.elf' [elf32-littlearm] to `/havoc/build/firmware/application/external_app_flex_tx.himg' [binary]
copy from `/havoc/build/firmware/application/application.elf' [elf32-littlearm] to `/havoc/build/firmware/application/external_app_time_sink.himg' [binary]
copy from `/havoc/build/firmware/application/application.elf' [elf32-littlearm] to `/havoc/build/firmware/application/external_app_kiss_tnc.himg' [binary]
copy from `/havoc/build/firmware/application/application.elf' [elf32-littlearm] to `/havoc/build/firmware/application/external_app_p25_tx.himg' [binary]
copy from `/havoc/build/firmware/application/application.elf' [elf32-littlearm] to `/havoc/build/firmware/application/external_app_two_tone_pager.himg' [binary]
copy from `/havoc/build/firmware/application/application.elf' [elf32-littlearm] to `/havoc/build/firmware/application/external_app_two_tone_rx.himg' [binary]
copy from `/havoc/build/firmware/application/application.elf' [elf32-littlearm] to `/havoc/build/firmware/application/external_app_hard_reset.himg' [binary]
copy from `/havoc/build/firmware/application/application.elf' [elf32-littlearm] to `/havoc/build/firmware/application/external_app_secplustx.himg' [binary]
copy from `/havoc/build/firmware/application/application.elf' [elf32-littlearm] to `/havoc/build/firmware/application/external_app_signal_hunter.himg' [binary]
copy from `/havoc/build/firmware/application/application.elf' [elf32-littlearm] to `/havoc/build/firmware/application/external_app_wifi_aim.himg' [binary]
copy from `/havoc/build/firmware/application/application.elf' [elf32-littlearm] to `/havoc/build/firmware/application/external_app_tetra_rx.himg' [binary]
copy from `/havoc/build/firmware/application/application.elf' [elf32-littlearm] to `/havoc/build/firmware/application/external_app_sdusb.himg' [binary]

Creating external application image for detector_rx
b'PWFM'
PWFM
/havoc/build/firmware/application/../baseband/PWFM.bin
WARNING: External code address 0xae06050c at offset 0x22c4 in /havoc/build/firmware/application/external_app_detector_rx.himg
Creating external application image for fpv_detect
b'PWFM'
PWFM
/havoc/build/firmware/application/../baseband/PWFM.bin
WARNING: External code address 0xae06050c at offset 0x2400 in /havoc/build/firmware/application/external_app_fpv_detect.himg
Creating external application image for spaceinv
Creating external application image for blackjack
Creating external application image for battleship
b'PPO2'
PPO2
/havoc/build/firmware/application/../baseband/PPO2.bin
WARNING: External code address 0xae034b1c at offset 0x6c0 in /havoc/build/firmware/application/external_app_battleship.himg
WARNING: External code address 0xae054a49 at offset 0x13b4 in /havoc/build/firmware/application/external_app_battleship.himg
Creating external application image for ert
b'PERT'
PERT
/havoc/build/firmware/application/../baseband/PERT.bin
Creating external application image for epirb_rx
b'PEPI'
PEPI
/havoc/build/firmware/application/../baseband/PEPI.bin
Creating external application image for epirb_tx
b'PEPT'
PEPT
/havoc/build/firmware/application/../baseband/PEPT.bin
Creating external application image for soundboard
b'PATX'
PATX
/havoc/build/firmware/application/../baseband/PATX.bin
Creating external application image for game2048
WARNING: External code address 0xae064b27 at offset 0xa5c in /havoc/build/firmware/application/external_app_game2048.himg
Creating external application image for bht_tx
b'PTON'
PTON
/havoc/build/firmware/application/../baseband/PTON.bin
Creating external application image for morse_practice
b'PABP'
PABP
/havoc/build/firmware/application/../baseband/PABP.bin
Creating external application image for adult_toys_controller
b'PBTT'
PBTT
/havoc/build/firmware/application/../baseband/PBTT.bin
Creating external application image for flex_rx
b'PFLX'
PFLX
/havoc/build/firmware/application/../baseband/PFLX.bin
Creating external application image for subcarrx
b'PSCD'
PSCD
/havoc/build/firmware/application/../baseband/PSCD.bin
Creating external application image for siggen
b'PSIG'
PSIG
/havoc/build/firmware/application/../baseband/PSIG.bin
Creating external application image for morse_radio
b'PMRS'
PMRS
/havoc/build/firmware/application/../baseband/PMRS.bin
Creating external application image for morseradiotx
b'PMRT'
PMRT
/havoc/build/firmware/application/../baseband/PMRT.bin
Creating external application image for keeloqtx
b'POOK'
POOK
/havoc/build/firmware/application/../baseband/POOK.bin
Creating external application image for rtty_rx
b'PRTR'
PRTR
/havoc/build/firmware/application/../baseband/PRTR.bin
Creating external application image for rtty_tx
b'PRTT'
PRTT
/havoc/build/firmware/application/../baseband/PRTT.bin
Creating external application image for pocsag_tx
b'PFSK'
PFSK
/havoc/build/firmware/application/../baseband/PFSK.bin
Creating external application image for flex_tx
b'PFSK'
PFSK
/havoc/build/firmware/application/../baseband/PFSK.bin
Creating external application image for time_sink
b'PTSK'
PTSK
/havoc/build/firmware/application/../baseband/PTSK.bin
Creating external application image for kiss_tnc
b'PAPR'
PAPR
/havoc/build/firmware/application/../baseband/PAPR.bin
Creating external application image for p25_tx
b'P25T'
P25T
/havoc/build/firmware/application/../baseband/P25T.bin
Creating external application image for two_tone_pager
b'PTON'
PTON
/havoc/build/firmware/application/../baseband/PTON.bin
Creating external application image for two_tone_rx
b'PTNE'
PTNE
/havoc/build/firmware/application/../baseband/PTNE.bin
WARNING: External code address 0xae0c6b23 at offset 0x1c54 in /havoc/build/firmware/application/external_app_two_tone_rx.himg
Creating external application image for hard_reset
WARNING: External code address 0xae0b4ba4 at offset 0x840 in /havoc/build/firmware/application/external_app_hard_reset.himg
Creating external application image for secplustx
b'POOK'
POOK
/havoc/build/firmware/application/../baseband/POOK.bin
Creating external application image for signal_hunter
b'HUNT'
HUNT
/havoc/build/firmware/application/../baseband/HUNT.bin
WARNING: External code address 0xae054632 at offset 0x285c in /havoc/build/firmware/application/external_app_signal_hunter.himg
WARNING: External code address 0xae054632 at offset 0x28f8 in /havoc/build/firmware/application/external_app_signal_hunter.himg
Creating external application image for wifi_aim
b'WAIM'
WAIM
/havoc/build/firmware/application/../baseband/WAIM.bin
Creating external application image for tetra_rx
b'PTET'
PTET
/havoc/build/firmware/application/../baseband/PTET.bin
Creating external application image for sdusb
b'PUSB'
PUSB
/havoc/build/firmware/application/../baseband/PUSB.bin
[100%] Built target application
[100%] Generating portapack-mayhem-firmware.bin

check gcc versions from all elf target

gcc version of application.elf is (GNU Tools for Arm Embedded Processors 9-2019-q4-major) 9.2.1 20191025 (release) [ARM/arm-9-branch revision 277599]
gcc version of baseband_noaaapt_rx.elf is (GNU Tools for Arm Embedded Processors 9-2019-q4-major) 9.2.1 20191025 (release) [ARM/arm-9-branch revision 277599]
gcc version of baseband_signal_hunter.elf is (GNU Tools for Arm Embedded Processors 9-2019-q4-major) 9.2.1 20191025 (release) [ARM/arm-9-branch revision 277599]
gcc version of baseband_tpms.elf is (GNU Tools for Arm Embedded Processors 9-2019-q4-major) 9.2.1 20191025 (release) [ARM/arm-9-branch revision 277599]
gcc version of baseband_fsktx.elf is (GNU Tools for Arm Embedded Processors 9-2019-q4-major) 9.2.1 20191025 (release) [ARM/arm-9-branch revision 277599]
gcc version of baseband_afskrx.elf is (GNU Tools for Arm Embedded Processors 9-2019-q4-major) 9.2.1 20191025 (release) [ARM/arm-9-branch revision 277599]
gcc version of baseband_pocsag2.elf is (GNU Tools for Arm Embedded Processors 9-2019-q4-major) 9.2.1 20191025 (release) [ARM/arm-9-branch revision 277599]
gcc version of baseband_am_tv.elf is (GNU Tools for Arm Embedded Processors 9-2019-q4-major) 9.2.1 20191025 (release) [ARM/arm-9-branch revision 277599]
gcc version of baseband_sstvrx.elf is (GNU Tools for Arm Embedded Processors 9-2019-q4-major) 9.2.1 20191025 (release) [ARM/arm-9-branch revision 277599]
gcc version of baseband_subghzd.elf is (GNU Tools for Arm Embedded Processors 9-2019-q4-major) 9.2.1 20191025 (release) [ARM/arm-9-branch revision 277599]
gcc version of baseband_wideband_spectrum.elf is (GNU Tools for Arm Embedded Processors 9-2019-q4-major) 9.2.1 20191025 (release) [ARM/arm-9-branch revision 277599]
gcc version of baseband_vor_rx.elf is (GNU Tools for Arm Embedded Processors 9-2019-q4-major) 9.2.1 20191025 (release) [ARM/arm-9-branch revision 277599]
gcc version of baseband_nfm_audio.elf is (GNU Tools for Arm Embedded Processors 9-2019-q4-major) 9.2.1 20191025 (release) [ARM/arm-9-branch revision 277599]
gcc version of baseband_adsbrx.elf is (GNU Tools for Arm Embedded Processors 9-2019-q4-major) 9.2.1 20191025 (release) [ARM/arm-9-branch revision 277599]
gcc version of baseband_rtty_rx.elf is (GNU Tools for Arm Embedded Processors 9-2019-q4-major) 9.2.1 20191025 (release) [ARM/arm-9-branch revision 277599]
gcc version of baseband_bintstream.elf is (GNU Tools for Arm Embedded Processors 9-2019-q4-major) 9.2.1 20191025 (release) [ARM/arm-9-branch revision 277599]
gcc version of baseband_replay.elf is (GNU Tools for Arm Embedded Processors 9-2019-q4-major) 9.2.1 20191025 (release) [ARM/arm-9-branch revision 277599]
gcc version of baseband_sd_over_usb.elf is (GNU Tools for Arm Embedded Processors 9-2019-q4-major) 9.2.1 20191025 (release) [ARM/arm-9-branch revision 277599]
gcc version of baseband_acars.elf is (GNU Tools for Arm Embedded Processors 9-2019-q4-major) 9.2.1 20191025 (release) [ARM/arm-9-branch revision 277599]
gcc version of baseband_ert.elf is (GNU Tools for Arm Embedded Processors 9-2019-q4-major) 9.2.1 20191025 (release) [ARM/arm-9-branch revision 277599]
gcc version of baseband_flex.elf is (GNU Tools for Arm Embedded Processors 9-2019-q4-major) 9.2.1 20191025 (release) [ARM/arm-9-branch revision 277599]
gcc version of baseband_capture.elf is (GNU Tools for Arm Embedded Processors 9-2019-q4-major) 9.2.1 20191025 (release) [ARM/arm-9-branch revision 277599]
gcc version of baseband_jammer.elf is (GNU Tools for Arm Embedded Processors 9-2019-q4-major) 9.2.1 20191025 (release) [ARM/arm-9-branch revision 277599]
gcc version of baseband_tones.elf is (GNU Tools for Arm Embedded Processors 9-2019-q4-major) 9.2.1 20191025 (release) [ARM/arm-9-branch revision 277599]
gcc version of baseband_aprsrx.elf is (GNU Tools for Arm Embedded Processors 9-2019-q4-major) 9.2.1 20191025 (release) [ARM/arm-9-branch revision 277599]
gcc version of baseband_siggen.elf is (GNU Tools for Arm Embedded Processors 9-2019-q4-major) 9.2.1 20191025 (release) [ARM/arm-9-branch revision 277599]
gcc version of baseband_time_sink.elf is (GNU Tools for Arm Embedded Processors 9-2019-q4-major) 9.2.1 20191025 (release) [ARM/arm-9-branch revision 277599]
gcc version of baseband_gps_sim.elf is (GNU Tools for Arm Embedded Processors 9-2019-q4-major) 9.2.1 20191025 (release) [ARM/arm-9-branch revision 277599]
gcc version of baseband_ais.elf is (GNU Tools for Arm Embedded Processors 9-2019-q4-major) 9.2.1 20191025 (release) [ARM/arm-9-branch revision 277599]
gcc version of baseband_sstvtx.elf is (GNU Tools for Arm Embedded Processors 9-2019-q4-major) 9.2.1 20191025 (release) [ARM/arm-9-branch revision 277599]
gcc version of baseband_wfm_audio.elf is (GNU Tools for Arm Embedded Processors 9-2019-q4-major) 9.2.1 20191025 (release) [ARM/arm-9-branch revision 277599]
gcc version of baseband_tetra_rx.elf is (GNU Tools for Arm Embedded Processors 9-2019-q4-major) 9.2.1 20191025 (release) [ARM/arm-9-branch revision 277599]
gcc version of baseband_morsetx.elf is (GNU Tools for Arm Embedded Processors 9-2019-q4-major) 9.2.1 20191025 (release) [ARM/arm-9-branch revision 277599]
gcc version of baseband_epirb_tx.elf is (GNU Tools for Arm Embedded Processors 9-2019-q4-major) 9.2.1 20191025 (release) [ARM/arm-9-branch revision 277599]
gcc version of baseband_afsktx.elf is (GNU Tools for Arm Embedded Processors 9-2019-q4-major) 9.2.1 20191025 (release) [ARM/arm-9-branch revision 277599]
gcc version of baseband_protoview.elf is (GNU Tools for Arm Embedded Processors 9-2019-q4-major) 9.2.1 20191025 (release) [ARM/arm-9-branch revision 277599]
gcc version of baseband_audio_tx.elf is (GNU Tools for Arm Embedded Processors 9-2019-q4-major) 9.2.1 20191025 (release) [ARM/arm-9-branch revision 277599]
gcc version of baseband_btletx.elf is (GNU Tools for Arm Embedded Processors 9-2019-q4-major) 9.2.1 20191025 (release) [ARM/arm-9-branch revision 277599]
gcc version of baseband_subcar.elf is (GNU Tools for Arm Embedded Processors 9-2019-q4-major) 9.2.1 20191025 (release) [ARM/arm-9-branch revision 277599]
gcc version of baseband_sonde.elf is (GNU Tools for Arm Embedded Processors 9-2019-q4-major) 9.2.1 20191025 (release) [ARM/arm-9-branch revision 277599]
gcc version of baseband_spectrum_painter.elf is (GNU Tools for Arm Embedded Processors 9-2019-q4-major) 9.2.1 20191025 (release) [ARM/arm-9-branch revision 277599]
gcc version of baseband_tonedetect.elf is (GNU Tools for Arm Embedded Processors 9-2019-q4-major) 9.2.1 20191025 (release) [ARM/arm-9-branch revision 277599]
gcc version of baseband_wefaxrx.elf is (GNU Tools for Arm Embedded Processors 9-2019-q4-major) 9.2.1 20191025 (release) [ARM/arm-9-branch revision 277599]
gcc version of baseband_vor_tx.elf is (GNU Tools for Arm Embedded Processors 9-2019-q4-major) 9.2.1 20191025 (release) [ARM/arm-9-branch revision 277599]
gcc version of baseband_nrfrx.elf is (GNU Tools for Arm Embedded Processors 9-2019-q4-major) 9.2.1 20191025 (release) [ARM/arm-9-branch revision 277599]
gcc version of baseband_fskrx.elf is (GNU Tools for Arm Embedded Processors 9-2019-q4-major) 9.2.1 20191025 (release) [ARM/arm-9-branch revision 277599]
gcc version of baseband_btlerx.elf is (GNU Tools for Arm Embedded Processors 9-2019-q4-major) 9.2.1 20191025 (release) [ARM/arm-9-branch revision 277599]
gcc version of baseband_rtty_tx.elf is (GNU Tools for Arm Embedded Processors 9-2019-q4-major) 9.2.1 20191025 (release) [ARM/arm-9-branch revision 277599]
gcc version of baseband_adsbtx.elf is (GNU Tools for Arm Embedded Processors 9-2019-q4-major) 9.2.1 20191025 (release) [ARM/arm-9-branch revision 277599]
gcc version of baseband_test.elf is (GNU Tools for Arm Embedded Processors 9-2019-q4-major) 9.2.1 20191025 (release) [ARM/arm-9-branch revision 277599]
gcc version of baseband_rds.elf is (GNU Tools for Arm Embedded Processors 9-2019-q4-major) 9.2.1 20191025 (release) [ARM/arm-9-branch revision 277599]
gcc version of baseband_am_audio.elf is (GNU Tools for Arm Embedded Processors 9-2019-q4-major) 9.2.1 20191025 (release) [ARM/arm-9-branch revision 277599]
gcc version of baseband_wifi_aim.elf is (GNU Tools for Arm Embedded Processors 9-2019-q4-major) 9.2.1 20191025 (release) [ARM/arm-9-branch revision 277599]
gcc version of baseband_morse.elf is (GNU Tools for Arm Embedded Processors 9-2019-q4-major) 9.2.1 20191025 (release) [ARM/arm-9-branch revision 277599]
gcc version of baseband_epirb_rx.elf is (GNU Tools for Arm Embedded Processors 9-2019-q4-major) 9.2.1 20191025 (release) [ARM/arm-9-branch revision 277599]
gcc version of baseband_mic_tx.elf is (GNU Tools for Arm Embedded Processors 9-2019-q4-major) 9.2.1 20191025 (release) [ARM/arm-9-branch revision 277599]
gcc version of baseband_flash_utility.elf is (GNU Tools for Arm Embedded Processors 9-2019-q4-major) 9.2.1 20191025 (release) [ARM/arm-9-branch revision 277599]
gcc version of baseband_p25_tx.elf is (GNU Tools for Arm Embedded Processors 9-2019-q4-major) 9.2.1 20191025 (release) [ARM/arm-9-branch revision 277599]
gcc version of baseband_audio_beep.elf is (GNU Tools for Arm Embedded Processors 9-2019-q4-major) 9.2.1 20191025 (release) [ARM/arm-9-branch revision 277599]
gcc version of baseband_weather.elf is (GNU Tools for Arm Embedded Processors 9-2019-q4-major) 9.2.1 20191025 (release) [ARM/arm-9-branch revision 277599]
gcc version of baseband_ook.elf is (GNU Tools for Arm Embedded Processors 9-2019-q4-major) 9.2.1 20191025 (release) [ARM/arm-9-branch revision 277599]




checking 93 external apps address memory regions
external app addr seems correct, pass
WARNING: Possible external code address 0xae086823 at offset 0xc3a0 in portapack-mayhem-firmware.bin
WARNING: Possible external code address 0xae016825 at offset 0x1b7c8 in portapack-mayhem-firmware.bin
WARNING: Possible external code address 0xae070022 at offset 0x1ffd0 in portapack-mayhem-firmware.bin
WARNING: Possible external code address 0xae0c085b at offset 0x24a34 in portapack-mayhem-firmware.bin
WARNING: Possible external code address 0xae0818fd at offset 0x29d44 in portapack-mayhem-firmware.bin
WARNING: Possible external code address 0xae011812 at offset 0x441c4 in portapack-mayhem-firmware.bin
WARNING: Possible external code address 0xae0c6825 at offset 0x53ca0 in portapack-mayhem-firmware.bin
WARNING: Possible external code address 0xae0d2300 at offset 0x551f8 in portapack-mayhem-firmware.bin
WARNING: Possible external code address 0xae030020 at offset 0x674c0 in portapack-mayhem-firmware.bin
WARNING: Possible external code address 0xae046a03 at offset 0x6fc2c in portapack-mayhem-firmware.bin
WARNING: Possible external code address 0xae063501 at offset 0x6fc68 in portapack-mayhem-firmware.bin
WARNING: Possible external code address 0xae056820 at offset 0x75a9c in portapack-mayhem-firmware.bin
WARNING: Possible external code address 0xae0819ad at offset 0x78928 in portapack-mayhem-firmware.bin
WARNING: Possible external code address 0xae0a002b at offset 0x7f860 in portapack-mayhem-firmware.bin
WARNING: Possible external code address 0xae084398 at offset 0x80764 in portapack-mayhem-firmware.bin
WARNING: Possible external code address 0xae0a2300 at offset 0x80a9c in portapack-mayhem-firmware.bin
WARNING: Possible external code address 0xae0c6b23 at offset 0x83e58 in portapack-mayhem-firmware.bin
WARNING: Possible external code address 0xae0569c2 at offset 0x84518 in portapack-mayhem-firmware.bin
WARNING: Possible external code address 0xae0868e1 at offset 0x866ec in portapack-mayhem-firmware.bin
WARNING: Possible external code address 0xae006cb1 at offset 0xb80c8 in portapack-mayhem-firmware.bin
WARNING: Possible external code address 0xadf00146 at offset 0xb8150 in portapack-mayhem-firmware.bin
WARNING: Possible external code address 0xae0103a4 at offset 0xba300 in portapack-mayhem-firmware.bin
WARNING: Possible external code address 0xae044604 at offset 0xc107c in portapack-mayhem-firmware.bin
WARNING: Possible external code address 0xadf3402e at offset 0xc8360 in portapack-mayhem-firmware.bin
WARNING: Possible external code address 0xae0a03ed at offset 0xcb848 in portapack-mayhem-firmware.bin
WARNING: Possible external code address 0xadf001b0 at offset 0xcc818 in portapack-mayhem-firmware.bin
WARNING: Possible external code address 0xadb96ef0 at offset 0xce59c in portapack-mayhem-firmware.bin
WARNING: Possible external code address 0xae0a03ed at offset 0xda568 in portapack-mayhem-firmware.bin
WARNING: Possible external code address 0xae06050c at offset 0xe2318 in portapack-mayhem-firmware.bin
WARNING: Possible external code address 0xae00355c at offset 0xe7b4c in portapack-mayhem-firmware.bin
WARNING: Possible external code address 0xadf00021 at offset 0xeed34 in portapack-mayhem-firmware.bin
WARNING: Possible external code address 0xadf00368 at offset 0xf817c in portapack-mayhem-firmware.bin
WARNING: Possible external code address 0xadd114a8 at offset 0xf89f4 in portapack-mayhem-firmware.bin
Space remaining in flash ROM: 3812 bytes ( 0.4 %)

copy /havoc/firmware/tools/fast_flash_pp_and_copy_apps.py to /havoc/build/flash.py

[100%] Built target firmware
[100%] Generating portapack-mayhem_OCI.ppfw.tar
APPS/
APPS/pacman_app.ppmp
APPS/keyfob.ppma
APPS/keeloqtx.ppma
APPS/noaaapt_rx.ppma
APPS/lge.ppma
APPS/waterfall_designer.ppma
APPS/bht_tx.ppma
APPS/pocsag_tx.ppma
APPS/stopwatch.ppma
APPS/hopper.ppma
APPS/dinogame.ppma
APPS/morse_practice.ppma
APPS/siggen.ppma
APPS/spaceinv.ppma
APPS/sd_wipe.ppma
APPS/ert.ppma
APPS/adult_toys_controller.ppma
APPS/fpv_detect.ppma
APPS/cvs_spam.ppma
APPS/hard_reset.ppma
APPS/ook_editor.ppma
APPS/rtty_rx.ppma
APPS/sstvrx.ppma
APPS/random_password.ppma
APPS/sdusb.ppma
APPS/game2048.ppma
APPS/spainter.ppma
APPS/digitalrain_app.ppmp
APPS/metronome.ppma
APPS/audio_test.ppma
APPS/gfxeq.ppma
APPS/snake.ppma
APPS/mcu_temperature.ppma
APPS/level.ppma
APPS/afsk_rx.ppma
APPS/two_tone_pager.ppma
APPS/signal_hunter.ppma
APPS/calculator.ppma
APPS/rtty_tx.ppma
APPS/wefax_rx.ppma
APPS/fmradio.ppma
APPS/debug_pmem.ppma
APPS/detector_rx.ppma
APPS/view_wav.ppma
APPS/wardrivemap.ppma
APPS/breakout.ppma
APPS/tpmsrx.ppma
APPS/epirb_rx.ppma
APPS/tuner.ppma
APPS/extsensors.ppma
APPS/adsbtx.ppma
APPS/doom.ppma
APPS/antenna_length.ppma
APPS/same_tx.ppma
APPS/tpmstx.ppma
APPS/vor_tx.ppma
APPS/font_viewer.ppma
APPS/p25_tx.ppma
APPS/time_sink.ppma
APPS/playlist_editor.ppma
APPS/battleship.ppma
APPS/morse_radio.ppma
APPS/flippertx.ppma
APPS/app_manager.ppma
APPS/tetris.ppma
APPS/kiss_tnc.ppma
APPS/vor_rx.ppma
APPS/flex_rx.ppma
APPS/epirb_tx.ppma
APPS/lcr.ppma
APPS/mdc_tx.ppma
APPS/nrf_rx.ppma
APPS/subcarrx.ppma
APPS/tetra_rx.ppma
APPS/blackjack.ppma
APPS/acars_rx.ppma
APPS/two_tone_rx.ppma
APPS/sstvtx.ppma
APPS/ookbrute.ppma
APPS/blespam.ppma
APPS/secplustx.ppma
APPS/foxhunt_rx.ppma
APPS/shoppingcart_lock.ppma
APPS/coasterp.ppma
APPS/jammer.ppma
APPS/soundboard.ppma
APPS/scanner.ppma
APPS/analogtv.ppma
APPS/gpssim.ppma
APPS/protoview.ppma
APPS/flex_tx.ppma
APPS/remote.ppma
APPS/morseradiotx.ppma
APPS/wifi_aim.ppma
FIRMWARE/
FIRMWARE/portapack-mayhem_n_260808.bin
[100%] Built target ppfw
